"Domain","Function","Process_Id","Thread_Id","Correlation_Id","Start_Timestamp","End_Timestamp"
"HSA_CORE_API","hsa_system_get_major_extension_table",3146968,3146968,1,6201239087322768,6201239087323498
"HSA_CORE_API","hsa_agent_get_info",3146968,3146968,3,6201239087335138,6201239087335278
"HSA_CORE_API","hsa_agent_get_info",3146968,3146968,4,6201239087343258,6201239087343298
"HSA_CORE_API","hsa_agent_get_info",3146968,3146968,5,6201239087344058,6201239087344148
"HSA_CORE_API","hsa_iterate_agents",3146968,3146968,2,6201239087333018,6201239087344528
"HSA_CORE_API","hsa_agent_get_info",3146968,3146968,6,6201239087346688,6201239087346948
"HSA_CORE_API","hsa_agent_get_info",3146968,3146968,7,6201239087347248,6201239087347298
"HSA_CORE_API","hsa_agent_iterate_isas",3146968,3146968,8,6201239087349418,6201239087349978
"HSA_CORE_API","hsa_isa_get_info_alt",3146968,3146968,9,6201239087351598,6201239087362577
"HSA_CORE_API","hsa_isa_get_info_alt",3146968,3146968,10,6201239087363387,6201239087364617
"HSA_CORE_API","hsa_agent_get_info",3146968,3146968,11,6201239087371797,6201239087371857
"HSA_CORE_API","hsa_agent_get_info",3146968,3146968,12,6201239087372157,6201239087372387
"HSA_CORE_API","hsa_agent_get_info",3146968,3146968,13,6201239087375137,6201239087375177
"HSA_CORE_API","hsa_agent_get_info",3146968,3146968,14,6201239087415346,6201239087415386
"HSA_CORE_API","hsa_agent_get_info",3146968,3146968,15,6201239087415676,6201239087415716
"HSA_CORE_API","hsa_agent_get_info",3146968,3146968,16,6201239087417466,6201239087417536
"HSA_CORE_API","hsa_agent_get_info",3146968,3146968,17,6201239087417856,6201239087421846
"HSA_CORE_API","hsa_agent_get_info",3146968,3146968,18,6201239087422146,6201239087422206
"HSA_CORE_API","hsa_agent_get_info",3146968,3146968,19,6201239087422456,6201239087422486
"HSA_CORE_API","hsa_agent_get_info",3146968,3146968,20,6201239087422756,6201239087423706
"HSA_CORE_API","hsa_agent_get_info",3146968,3146968,21,6201239087424066,6201239087424386
"HSA_CORE_API","hsa_agent_get_info",3146968,3146968,22,6201239087430356,6201239087430396
"HSA_CORE_API","hsa_agent_get_info",3146968,3146968,23,6201239087430696,6201239087430726
"HSA_CORE_API","hsa_agent_get_info",3146968,3146968,24,6201239087430996,6201239087431036
"HSA_CORE_API","hsa_agent_get_info",3146968,3146968,25,6201239087431306,6201239087431336
"HSA_CORE_API","hsa_agent_get_info",3146968,3146968,26,6201239087431596,6201239087431636
"HSA_CORE_API","hsa_agent_get_info",3146968,3146968,27,6201239087431896,6201239087431926
"HSA_CORE_API","hsa_agent_get_info",3146968,3146968,28,6201239087435536,6201239087435586
"HSA_CORE_API","hsa_agent_get_info",3146968,3146968,29,6201239087442646,6201239087442696
"HSA_CORE_API","hsa_agent_get_info",3146968,3146968,30,6201239087442966,6201239087443006
"HSA_CORE_API","hsa_agent_get_info",3146968,3146968,31,6201239087443566,6201239087443606
"HSA_CORE_API","hsa_agent_get_info",3146968,3146968,32,6201239087443866,6201239087443896
"HSA_CORE_API","hsa_agent_get_info",3146968,3146968,33,6201239087450835,6201239087476485
"HSA_CORE_API","hsa_agent_get_info",3146968,3146968,34,6201239087477015,6201239087477065
"HSA_CORE_API","hsa_agent_get_info",3146968,3146968,35,6201239087477335,6201239087477365
"HSA_CORE_API","hsa_agent_get_info",3146968,3146968,36,6201239087477635,6201239087477665
"HSA_CORE_API","hsa_agent_get_info",3146968,3146968,37,6201239087477935,6201239087477965
"HSA_CORE_API","hsa_agent_get_info",3146968,3146968,38,6201239087478225,6201239087478255
"HSA_CORE_API","hsa_agent_get_info",3146968,3146968,39,6201239087478515,6201239087478545
"HSA_CORE_API","hsa_agent_get_info",3146968,3146968,40,6201239087478815,6201239087478845
"HSA_CORE_API","hsa_agent_get_info",3146968,3146968,41,6201239087479105,6201239087479135
"HSA_CORE_API","hsa_agent_get_info",3146968,3146968,42,6201239087479395,6201239087479425
"HSA_CORE_API","hsa_agent_get_info",3146968,3146968,43,6201239087479685,6201239087479715
"HSA_CORE_API","hsa_agent_get_info",3146968,3146968,44,6201239087479995,6201239087480035
"HSA_CORE_API","hsa_agent_get_info",3146968,3146968,45,6201239087480305,6201239087480345
"HSA_CORE_API","hsa_agent_get_info",3146968,3146968,46,6201239087480605,6201239087480645
"HSA_CORE_API","hsa_agent_get_info",3146968,3146968,47,6201239087480915,6201239087480955
"HSA_CORE_API","hsa_agent_get_info",3146968,3146968,48,6201239087481225,6201239087481585
"HSA_CORE_API","hsa_agent_get_info",3146968,3146968,49,6201239087481865,6201239087481905
"HSA_CORE_API","hsa_system_get_info",3146968,3146968,50,6201239087540344,6201239087540984
"HSA_CORE_API","hsa_system_get_info",3146968,3146968,51,6201239087541424,6201239087541704
"HSA_CORE_API","hsa_agent_get_info",3146968,3146968,52,6201239087542004,6201239087542044
"HSA_CORE_API","hsa_agent_get_info",3146968,3146968,53,6201239087542314,6201239087542354
"HSA_CORE_API","hsa_system_get_info",3146968,3146968,54,6201239087542954,6201239087542984
"HSA_CORE_API","hsa_signal_create",3146968,3146968,55,6201239087551703,6201239087553503
"HSA_CORE_API","hsa_agent_get_info",3146968,3146968,56,6201239087949015,6201239087949645
"HSA_CORE_API","hsa_queue_create",3146968,3146968,57,6201239087953005,6201239098448200
"HSA_CORE_API","hsa_executable_create_alt",3146968,3146968,58,6201239105260004,6201239105271443
"HSA_CORE_API","hsa_code_object_reader_create_from_memory",3146968,3146968,59,6201239105275183,6201239105301373
"HSA_CORE_API","hsa_executable_load_agent_code_object",3146968,3146968,60,6201239105303443,6201239105465069
"HSA_CORE_API","hsa_signal_create",3146968,3146968,62,6201239105479209,6201239105480749
"HSA_CORE_API","hsa_signal_wait_scacquire",3146968,3146968,63,6201239105482499,6201239105497119
"HSA_CORE_API","hsa_signal_destroy",3146968,3146968,64,6201239105498528,6201239105499298
"HSA_CORE_API","hsa_executable_freeze",3146968,3146968,61,6201239105467629,6201239105694874
"HSA_CORE_API","hsa_executable_get_symbol_by_name",3146968,3146968,65,6201239105696864,6201239105698034
"HSA_CORE_API","hsa_executable_symbol_get_info",3146968,3146968,66,6201239105700944,6201239105701044
"HSA_CORE_API","hsa_executable_symbol_get_info",3146968,3146968,67,6201239105701424,6201239105701464
"HSA_CORE_API","hsa_agent_get_info",3146968,3146968,68,6201239105702514,6201239105702674
"HSA_CORE_API","hsa_executable_get_symbol_by_name",3146968,3146968,69,6201239105703654,6201239105703784
"HSA_CORE_API","hsa_executable_symbol_get_info",3146968,3146968,70,6201239105704064,6201239105704094
"HSA_CORE_API","hsa_executable_symbol_get_info",3146968,3146968,71,6201239105704344,6201239105704374
"HSA_CORE_API","hsa_agent_get_info",3146968,3146968,72,6201239105704674,6201239105704704
"HSA_CORE_API","hsa_executable_get_symbol_by_name",3146968,3146968,73,6201239105705414,6201239105705574
"HSA_CORE_API","hsa_executable_symbol_get_info",3146968,3146968,74,6201239105705834,6201239105705864
"HSA_CORE_API","hsa_executable_symbol_get_info",3146968,3146968,75,6201239105706114,6201239105706144
"HSA_CORE_API","hsa_agent_get_info",3146968,3146968,76,6201239105706394,6201239105706424
"HSA_CORE_API","hsa_executable_get_symbol_by_name",3146968,3146968,77,6201239105706934,6201239105707094
"HSA_CORE_API","hsa_executable_symbol_get_info",3146968,3146968,78,6201239105707344,6201239105707374
"HSA_CORE_API","hsa_executable_symbol_get_info",3146968,3146968,79,6201239105707624,6201239105707654
"HSA_CORE_API","hsa_agent_get_info",3146968,3146968,80,6201239105707954,6201239105707974
"HSA_CORE_API","hsa_executable_get_symbol_by_name",3146968,3146968,81,6201239105708384,6201239105708514
"HSA_CORE_API","hsa_executable_symbol_get_info",3146968,3146968,82,6201239105708774,6201239105708804
"HSA_CORE_API","hsa_executable_symbol_get_info",3146968,3146968,83,6201239105709054,6201239105709084
"HSA_CORE_API","hsa_agent_get_info",3146968,3146968,84,6201239105709334,6201239105709364
"HSA_CORE_API","hsa_executable_get_symbol_by_name",3146968,3146968,85,6201239105709794,6201239105709924
"HSA_CORE_API","hsa_executable_symbol_get_info",3146968,3146968,86,6201239105710184,6201239105710214
"HSA_CORE_API","hsa_executable_symbol_get_info",3146968,3146968,87,6201239105710464,6201239105710494
"HSA_CORE_API","hsa_agent_get_info",3146968,3146968,88,6201239105710784,6201239105710814
"HSA_CORE_API","hsa_executable_get_symbol_by_name",3146968,3146968,89,6201239105711224,6201239105711334
"HSA_CORE_API","hsa_executable_symbol_get_info",3146968,3146968,90,6201239105711594,6201239105711624
"HSA_CORE_API","hsa_executable_symbol_get_info",3146968,3146968,91,6201239105711874,6201239105711904
"HSA_CORE_API","hsa_agent_get_info",3146968,3146968,92,6201239105712154,6201239105712184
"HSA_CORE_API","hsa_executable_get_symbol_by_name",3146968,3146968,93,6201239105712624,6201239105712734
"HSA_CORE_API","hsa_executable_symbol_get_info",3146968,3146968,94,6201239105712994,6201239105713024
"HSA_CORE_API","hsa_executable_symbol_get_info",3146968,3146968,95,6201239105713274,6201239105713304
"HSA_CORE_API","hsa_agent_get_info",3146968,3146968,96,6201239105713574,6201239105713604
"HSA_CORE_API","hsa_executable_get_symbol_by_name",3146968,3146968,97,6201239105714034,6201239105714194
"HSA_CORE_API","hsa_executable_symbol_get_info",3146968,3146968,98,6201239105714454,6201239105714484
"HSA_CORE_API","hsa_executable_symbol_get_info",3146968,3146968,99,6201239105714734,6201239105714764
"HSA_CORE_API","hsa_agent_get_info",3146968,3146968,100,6201239105715024,6201239105715054
"HSA_CORE_API","hsa_executable_get_symbol_by_name",3146968,3146968,101,6201239105715474,6201239105715644
"HSA_CORE_API","hsa_executable_symbol_get_info",3146968,3146968,102,6201239105715904,6201239105715934
"HSA_CORE_API","hsa_executable_symbol_get_info",3146968,3146968,103,6201239105716184,6201239105716214
"HSA_CORE_API","hsa_agent_get_info",3146968,3146968,104,6201239105716474,6201239105716504
"HSA_CORE_API","hsa_system_get_info",3146968,3146968,105,6201239105723734,6201239105723944
"HSA_CORE_API","hsa_signal_create",3146968,3146968,106,6201239105733993,6201239105734093
"HSA_CORE_API","hsa_signal_create",3146968,3146968,107,6201239105734593,6201239105735553
"HSA_CORE_API","hsa_signal_create",3146968,3146968,108,6201239105735863,6201239105736183
"HSA_CORE_API","hsa_signal_create",3146968,3146968,109,6201239105736483,6201239105737083
"HSA_CORE_API","hsa_signal_create",3146968,3146968,110,6201239105737363,6201239105737703
"HSA_CORE_API","hsa_signal_load_relaxed",3146968,3146968,111,6201239106010778,6201239106011248
"HSA_CORE_API","hsa_queue_add_write_index_screlease",3146968,3146968,112,6201239106018017,6201239106018457
"HSA_CORE_API","hsa_signal_load_relaxed",3146968,3146968,113,6201239106019017,6201239106019067
"HSA_CORE_API","hsa_signal_load_relaxed",3146968,3146968,114,6201239106019467,6201239106019497
"HSA_CORE_API","hsa_signal_load_relaxed",3146968,3146968,115,6201239106020337,6201239106020367
"HSA_CORE_API","hsa_signal_silent_store_relaxed",3146968,3146968,116,6201239106021777,6201239106021867
"HSA_CORE_API","hsa_queue_load_read_index_scacquire",3146968,3146968,117,6201239106023357,6201239106023657
"HSA_CORE_API","hsa_signal_store_screlease",3146968,3146968,118,6201239106025157,6201239106025307
"HSA_CORE_API","hsa_signal_load_relaxed",3146968,3146968,119,6201239106026947,6201239106026977
"HSA_CORE_API","hsa_signal_wait_scacquire",3146968,3146968,120,6201239106028077,6201239106044397
"HSA_CORE_API","hsa_queue_add_write_index_screlease",3146968,3146968,121,6201239106060076,6201239106060106
"HSA_CORE_API","hsa_signal_load_relaxed",3146968,3146968,122,6201239106060386,6201239106060416
"HSA_CORE_API","hsa_signal_load_relaxed",3146968,3146968,123,6201239106060676,6201239106060706
"HSA_CORE_API","hsa_signal_load_relaxed",3146968,3146968,124,6201239106060986,6201239106061006
"HSA_CORE_API","hsa_signal_silent_store_relaxed",3146968,3146968,125,6201239106061296,6201239106061326
"HSA_CORE_API","hsa_queue_load_read_index_scacquire",3146968,3146968,126,6201239106061616,6201239106061826
"HSA_CORE_API","hsa_signal_store_screlease",3146968,3146968,127,6201239106062116,6201239106062146
"HSA_CORE_API","hsa_signal_load_relaxed",3146968,3146968,128,6201239106062596,6201239106062626
"HSA_CORE_API","hsa_signal_wait_scacquire",3146968,3146968,129,6201239106063026,6201239106071476
"HSA_CORE_API","hsa_queue_add_write_index_screlease",3146968,3146968,130,6201239106075706,6201239106075746
"HSA_CORE_API","hsa_signal_load_relaxed",3146968,3146968,131,6201239106076016,6201239106076056
"HSA_CORE_API","hsa_signal_load_relaxed",3146968,3146968,132,6201239106076326,6201239106076356
"HSA_CORE_API","hsa_signal_load_relaxed",3146968,3146968,133,6201239106076626,6201239106076656
"HSA_CORE_API","hsa_signal_silent_store_relaxed",3146968,3146968,134,6201239106076936,6201239106076956
"HSA_CORE_API","hsa_queue_load_read_index_scacquire",3146968,3146968,135,6201239106077236,6201239106077446
"HSA_CORE_API","hsa_signal_store_screlease",3146968,3146968,136,6201239106077726,6201239106077746
"HSA_CORE_API","hsa_signal_load_relaxed",3146968,3146968,137,6201239106078196,6201239106078216
"HSA_CORE_API","hsa_signal_wait_scacquire",3146968,3146968,138,6201239106078496,6201239106086886
"HSA_CORE_API","hsa_queue_add_write_index_screlease",3146968,3146968,139,6201239106089526,6201239106089556
"HSA_CORE_API","hsa_queue_load_read_index_relaxed",3146968,3146968,140,6201239106090676,6201239106090926
"HSA_CORE_API","hsa_signal_load_relaxed",3146968,3146968,141,6201239106091306,6201239106091346
"HSA_CORE_API","hsa_signal_load_relaxed",3146968,3146968,142,6201239106091606,6201239106091636
"HSA_CORE_API","hsa_signal_load_relaxed",3146968,3146968,143,6201239106091906,6201239106091936
"HSA_CORE_API","hsa_signal_silent_store_relaxed",3146968,3146968,144,6201239106092206,6201239106092236
"HSA_CORE_API","hsa_queue_load_read_index_scacquire",3146968,3146968,145,6201239106092556,6201239106092586
"HSA_CORE_API","hsa_signal_store_screlease",3146968,3146968,146,6201239106092886,6201239106092916
"HSA_CORE_API","hsa_signal_load_relaxed",3146968,3146968,147,6201239106094586,6201239106094616
"HSA_CORE_API","hsa_signal_load_relaxed",3146968,3146968,148,6201239106095156,6201239106095186
"HSA_CORE_API","hsa_signal_load_relaxed",3146968,3146968,149,6201239106095456,6201239106095486
"HSA_CORE_API","hsa_signal_load_relaxed",3146968,3146968,150,6201239106095756,6201239106095776
"HSA_CORE_API","hsa_signal_silent_store_relaxed",3146968,3146968,151,6201239106096046,6201239106096066
"HSA_CORE_API","hsa_signal_load_relaxed",3146968,3146968,152,6201239113304331,6201239113304551
"HSA_CORE_API","hsa_signal_wait_scacquire",3146968,3146968,153,6201239113305921,6201239113360810
"HSA_CORE_API","hsa_signal_load_relaxed",3146968,3146968,154,6201239113383199,6201239113383229
"HSA_CORE_API","hsa_signal_load_relaxed",3146968,3146968,155,6201239113383679,6201239113383869
"HSA_CORE_API","hsa_signal_load_relaxed",3146968,3146968,156,6201239113384139,6201239113384189
"HSA_CORE_API","hsa_signal_load_relaxed",3146968,3146968,157,6201239113384699,6201239113384719
"HSA_CORE_API","hsa_signal_silent_store_relaxed",3146968,3146968,158,6201239113385289,6201239113385499
"HSA_CORE_API","hsa_signal_load_relaxed",3146968,3146968,159,6201239113387259,6201239113387279
"HSA_CORE_API","hsa_signal_wait_scacquire",3146968,3146968,160,6201239113387559,6201239113396219
"HSA_CORE_API","hsa_signal_load_relaxed",3146968,3146968,161,6201239113873799,6201239113873839
"HSA_CORE_API","hsa_signal_load_relaxed",3146968,3146968,162,6201239113874399,6201239113874439
"HSA_CORE_API","hsa_signal_load_relaxed",3146968,3146968,163,6201239113874719,6201239113874759
"HSA_CORE_API","hsa_signal_load_relaxed",3146968,3146968,164,6201239113875039,6201239113875069
"HSA_CORE_API","hsa_signal_silent_store_relaxed",3146968,3146968,165,6201239113875389,6201239113875419
"HSA_CORE_API","hsa_queue_add_write_index_screlease",3146968,3146968,166,6201239113876609,6201239113877279
"HSA_CORE_API","hsa_queue_load_read_index_relaxed",3146968,3146968,167,6201239113878559,6201239113878979
"HSA_CORE_API","hsa_queue_load_read_index_scacquire",3146968,3146968,168,6201239113879709,6201239113880099
"HSA_CORE_API","hsa_signal_store_screlease",3146968,3146968,169,6201239113880649,6201239113880799
"HSA_CORE_API","hsa_queue_add_write_index_screlease",3146968,3146968,170,6201239113900298,6201239113900328
"HSA_CORE_API","hsa_queue_load_read_index_scacquire",3146968,3146968,171,6201239113900968,6201239113901188
"HSA_CORE_API","hsa_signal_store_screlease",3146968,3146968,172,6201239113901748,6201239113901778
"HSA_CORE_API","hsa_queue_add_write_index_screlease",3146968,3146968,173,6201239113903868,6201239113903898
"HSA_CORE_API","hsa_queue_load_read_index_scacquire",3146968,3146968,174,6201239113904188,6201239113904218
"HSA_CORE_API","hsa_signal_store_screlease",3146968,3146968,175,6201239113904488,6201239113904518
"HSA_CORE_API","hsa_queue_add_write_index_screlease",3146968,3146968,176,6201239113907558,6201239113907588
"HSA_CORE_API","hsa_queue_load_read_index_scacquire",3146968,3146968,177,6201239113907868,6201239113907898
"HSA_CORE_API","hsa_signal_store_screlease",3146968,3146968,178,6201239113908228,6201239113908248
"HSA_CORE_API","hsa_executable_create_alt",3146968,3146968,179,6201239114210062,6201239114212222
"HSA_CORE_API","hsa_code_object_reader_create_from_memory",3146968,3146968,180,6201239114213492,6201239114227701
"HSA_CORE_API","hsa_executable_load_agent_code_object",3146968,3146968,181,6201239114228481,6201239114358058
"HSA_CORE_API","hsa_signal_create",3146968,3146968,183,6201239114378238,6201239114379628
"HSA_CORE_API","hsa_signal_wait_scacquire",3146968,3146968,184,6201239114380308,6201239114396088
"HSA_CORE_API","hsa_signal_destroy",3146968,3146968,185,6201239114396758,6201239114397248
"HSA_CORE_API","hsa_executable_freeze",3146968,3146968,182,6201239114359428,6201239114495275
"HSA_CORE_API","hsa_executable_get_symbol_by_name",3146968,3146968,186,6201239114496305,6201239114497335
"HSA_CORE_API","hsa_executable_symbol_get_info",3146968,3146968,187,6201239114498215,6201239114498305
"HSA_CORE_API","hsa_executable_symbol_get_info",3146968,3146968,188,6201239114498635,6201239114498675
"HSA_CORE_API","hsa_agent_get_info",3146968,3146968,189,6201239114499655,6201239114499815
"HSA_CORE_API","hsa_executable_get_symbol_by_name",3146968,3146968,190,6201239114500825,6201239114500945
"HSA_CORE_API","hsa_executable_symbol_get_info",3146968,3146968,191,6201239114501205,6201239114501225
"HSA_CORE_API","hsa_executable_symbol_get_info",3146968,3146968,192,6201239114501485,6201239114501515
"HSA_CORE_API","hsa_agent_get_info",3146968,3146968,193,6201239114501905,6201239114501935
"HSA_CORE_API","hsa_executable_get_symbol_by_name",3146968,3146968,194,6201239114504175,6201239114504305
"HSA_CORE_API","hsa_executable_symbol_get_info",3146968,3146968,195,6201239114504575,6201239114504605
"HSA_CORE_API","hsa_executable_symbol_get_info",3146968,3146968,196,6201239114504855,6201239114504885
"HSA_CORE_API","hsa_agent_get_info",3146968,3146968,197,6201239114505145,6201239114505165
"HSA_CORE_API","hsa_queue_add_write_index_screlease",3146968,3146968,198,6201239114514935,6201239114515065
"HSA_CORE_API","hsa_queue_load_read_index_scacquire",3146968,3146968,199,6201239114515455,6201239114515735
"HSA_CORE_API","hsa_signal_store_screlease",3146968,3146968,200,6201239114516115,6201239114516185
"HSA_CORE_API","hsa_signal_load_relaxed",3146968,3146968,201,6201239114520695,6201239114520795
"HSA_CORE_API","hsa_signal_load_relaxed",3146968,3146968,202,6201239114521145,6201239114521185
"HSA_CORE_API","hsa_signal_load_relaxed",3146968,3146968,203,6201239114521525,6201239114521545
"HSA_CORE_API","hsa_signal_silent_store_relaxed",3146968,3146968,204,6201239114521915,6201239114521975
"HSA_CORE_API","hsa_queue_add_write_index_screlease",3146968,3146968,205,6201239114522425,6201239114522455
"HSA_CORE_API","hsa_queue_load_read_index_relaxed",3146968,3146968,206,6201239114522755,6201239114522825
"HSA_CORE_API","hsa_queue_load_read_index_scacquire",3146968,3146968,207,6201239114523165,6201239114523195
"HSA_CORE_API","hsa_signal_store_screlease",3146968,3146968,208,6201239114523465,6201239114523495
"HSA_CORE_API","hsa_signal_load_relaxed",3146968,3146968,209,6201239114525475,6201239114525505
"HSA_CORE_API","hsa_signal_wait_scacquire",3146968,3146968,210,6201239114525815,6201239118526279
"HSA_CORE_API","hsa_signal_wait_scacquire",3146968,3146968,211,6201239118527349,6201239122527663
"HSA_CORE_API","hsa_signal_wait_scacquire",3146968,3146968,212,6201239122528163,6201239126528407
"HSA_CORE_API","hsa_signal_wait_scacquire",3146968,3146968,213,6201239126528897,6201239130529132
"HSA_CORE_API","hsa_signal_wait_scacquire",3146968,3146968,214,6201239130529622,6201239134529856
"HSA_CORE_API","hsa_signal_wait_scacquire",3146968,3146968,215,6201239134530346,6201239138530570
"HSA_CORE_API","hsa_signal_wait_scacquire",3146968,3146968,216,6201239138531080,6201239142531284
"HSA_CORE_API","hsa_signal_wait_scacquire",3146968,3146968,217,6201239142531794,6201239146531999
"HSA_CORE_API","hsa_signal_wait_scacquire",3146968,3146968,218,6201239146532289,6201239150532483
"HSA_CORE_API","hsa_signal_wait_scacquire",3146968,3146968,219,6201239150532953,6201239154533157
"HSA_CORE_API","hsa_signal_wait_scacquire",3146968,3146968,220,6201239154533637,6201239158533831
"HSA_CORE_API","hsa_signal_wait_scacquire",3146968,3146968,221,6201239158534311,6201239162534505
"HSA_CORE_API","hsa_signal_wait_scacquire",3146968,3146968,222,6201239162534985,6201239166535180
"HSA_CORE_API","hsa_signal_wait_scacquire",3146968,3146968,223,6201239166535659,6201239170535854
"HSA_CORE_API","hsa_signal_wait_scacquire",3146968,3146968,224,6201239170536334,6201239174536528
"HSA_CORE_API","hsa_signal_wait_scacquire",3146968,3146968,225,6201239174537068,6201239178537282
"HSA_CORE_API","hsa_signal_wait_scacquire",3146968,3146968,226,6201239178537772,6201239182537966
"HSA_CORE_API","hsa_signal_wait_scacquire",3146968,3146968,227,6201239182538436,6201239186538631
"HSA_CORE_API","hsa_signal_wait_scacquire",3146968,3146968,228,6201239186539101,6201239190539295
"HSA_CORE_API","hsa_signal_wait_scacquire",3146968,3146968,229,6201239190539825,6201239194540019
"HSA_CORE_API","hsa_signal_wait_scacquire",3146968,3146968,230,6201239194540489,6201239198540703
"HSA_CORE_API","hsa_signal_wait_scacquire",3146968,3146968,231,6201239198540993,6201239202541187
"HSA_CORE_API","hsa_signal_wait_scacquire",3146968,3146968,232,6201239202541657,6201239206541882
"HSA_CORE_API","hsa_signal_wait_scacquire",3146968,3146968,233,6201239206542242,6201239210542446
"HSA_CORE_API","hsa_signal_wait_scacquire",3146968,3146968,234,6201239210542726,6201239214542920
"HSA_CORE_API","hsa_signal_wait_scacquire",3146968,3146968,235,6201239214543390,6201239218543584
"HSA_CORE_API","hsa_signal_wait_scacquire",3146968,3146968,236,6201239218544054,6201239222544259
"HSA_CORE_API","hsa_signal_wait_scacquire",3146968,3146968,237,6201239222544739,6201239226544933
"HSA_CORE_API","hsa_signal_wait_scacquire",3146968,3146968,238,6201239226545403,6201239230545607
"HSA_CORE_API","hsa_signal_wait_scacquire",3146968,3146968,239,6201239230546077,6201239234546271
"HSA_CORE_API","hsa_signal_wait_scacquire",3146968,3146968,240,6201239234546731,6201239238546925
"HSA_CORE_API","hsa_signal_wait_scacquire",3146968,3146968,241,6201239238547455,6201239242547649
"HSA_CORE_API","hsa_signal_wait_scacquire",3146968,3146968,242,6201239242548119,6201239246548314
"HSA_CORE_API","hsa_signal_wait_scacquire",3146968,3146968,243,6201239246548784,6201239250548988
"HSA_CORE_API","hsa_signal_wait_scacquire",3146968,3146968,244,6201239250549448,6201239254549652
"HSA_CORE_API","hsa_signal_wait_scacquire",3146968,3146968,245,6201239254550122,6201239258550326
"HSA_CORE_API","hsa_signal_wait_scacquire",3146968,3146968,246,6201239258550796,6201239262550991
"HSA_CORE_API","hsa_signal_wait_scacquire",3146968,3146968,247,6201239262551461,6201239266551655
"HSA_CORE_API","hsa_signal_wait_scacquire",3146968,3146968,248,6201239266552125,6201239270552319
"HSA_CORE_API","hsa_signal_wait_scacquire",3146968,3146968,249,6201239270552849,6201239274553043
"HSA_CORE_API","hsa_signal_wait_scacquire",3146968,3146968,250,6201239274553333,6201239278553527
"HSA_CORE_API","hsa_signal_wait_scacquire",3146968,3146968,251,6201239278553997,6201239282554222
"HSA_CORE_API","hsa_signal_wait_scacquire",3146968,3146968,252,6201239282554702,6201239286554896
"HSA_CORE_API","hsa_signal_wait_scacquire",3146968,3146968,253,6201239286555366,6201239290555560
"HSA_CORE_API","hsa_signal_wait_scacquire",3146968,3146968,254,6201239290556040,6201239294556234
"HSA_CORE_API","hsa_signal_wait_scacquire",3146968,3146968,255,6201239294556704,6201239298556909
"HSA_CORE_API","hsa_signal_wait_scacquire",3146968,3146968,256,6201239298557379,6201239302557593
"HSA_CORE_API","hsa_signal_wait_scacquire",3146968,3146968,257,6201239302563773,6201239306563977
"HSA_CORE_API","hsa_signal_wait_scacquire",3146968,3146968,258,6201239306567327,6201239310567551
"HSA_CORE_API","hsa_signal_wait_scacquire",3146968,3146968,259,6201239310567881,6201239314568075
"HSA_CORE_API","hsa_signal_wait_scacquire",3146968,3146968,260,6201239314568355,6201239318568559
"HSA_CORE_API","hsa_signal_wait_scacquire",3146968,3146968,261,6201239318569029,6201239322569224
"HSA_CORE_API","hsa_signal_wait_scacquire",3146968,3146968,262,6201239322569694,6201239326569888
"HSA_CORE_API","hsa_signal_wait_scacquire",3146968,3146968,263,6201239326570358,6201239330570552
"HSA_CORE_API","hsa_signal_wait_scacquire",3146968,3146968,264,6201239330571022,6201239334571216
"HSA_CORE_API","hsa_signal_wait_scacquire",3146968,3146968,265,6201239334571686,6201239338571880
"HSA_CORE_API","hsa_signal_wait_scacquire",3146968,3146968,266,6201239338572250,6201239342572445
"HSA_CORE_API","hsa_signal_wait_scacquire",3146968,3146968,267,6201239342572915,6201239346573099
"HSA_CORE_API","hsa_signal_wait_scacquire",3146968,3146968,268,6201239346573569,6201239350573783
"HSA_CORE_API","hsa_signal_wait_scacquire",3146968,3146968,269,6201239350574263,6201239354574457
"HSA_CORE_API","hsa_signal_wait_scacquire",3146968,3146968,270,6201239354574927,6201239358575131
"HSA_CORE_API","hsa_signal_wait_scacquire",3146968,3146968,271,6201239358575591,6201239362575806
"HSA_CORE_API","hsa_signal_wait_scacquire",3146968,3146968,272,6201239362576286,6201239366576480
"HSA_CORE_API","hsa_signal_wait_scacquire",3146968,3146968,273,6201239366576950,6201239370577144
"HSA_CORE_API","hsa_signal_wait_scacquire",3146968,3146968,274,6201239370577684,6201239374577878
"HSA_CORE_API","hsa_signal_wait_scacquire",3146968,3146968,275,6201239374578348,6201239378578542
"HSA_CORE_API","hsa_signal_wait_scacquire",3146968,3146968,276,6201239378579012,6201239382579207
"HSA_CORE_API","hsa_signal_wait_scacquire",3146968,3146968,277,6201239382579737,6201239386579931
"HSA_CORE_API","hsa_signal_wait_scacquire",3146968,3146968,278,6201239386580411,6201239390580605
"HSA_CORE_API","hsa_signal_wait_scacquire",3146968,3146968,279,6201239390581075,6201239394581279
"HSA_CORE_API","hsa_signal_wait_scacquire",3146968,3146968,280,6201239394581739,6201239398581943
"HSA_CORE_API","hsa_signal_wait_scacquire",3146968,3146968,281,6201239398582303,6201239402582518
"HSA_CORE_API","hsa_signal_wait_scacquire",3146968,3146968,282,6201239402583068,6201239406583262
"HSA_CORE_API","hsa_signal_wait_scacquire",3146968,3146968,283,6201239406583732,6201239410583926
"HSA_CORE_API","hsa_signal_wait_scacquire",3146968,3146968,284,6201239410584406,6201239414584630
"HSA_CORE_API","hsa_signal_wait_scacquire",3146968,3146968,285,6201239414584940,6201239418585155
"HSA_CORE_API","hsa_signal_wait_scacquire",3146968,3146968,286,6201239418585645,6201239422585839
"HSA_CORE_API","hsa_signal_wait_scacquire",3146968,3146968,287,6201239422586309,6201239426586503
"HSA_CORE_API","hsa_signal_wait_scacquire",3146968,3146968,288,6201239426586973,6201239430587177
"HSA_CORE_API","hsa_signal_wait_scacquire",3146968,3146968,289,6201239430587777,6201239434587971
"HSA_CORE_API","hsa_signal_wait_scacquire",3146968,3146968,290,6201239434588331,6201239438588536
"HSA_CORE_API","hsa_signal_wait_scacquire",3146968,3146968,291,6201239438588996,6201239442589190
"HSA_CORE_API","hsa_signal_wait_scacquire",3146968,3146968,292,6201239442589660,6201239446589854
"HSA_CORE_API","hsa_signal_wait_scacquire",3146968,3146968,293,6201239446590324,6201239450590518
"HSA_CORE_API","hsa_signal_wait_scacquire",3146968,3146968,294,6201239450590998,6201239454591202
"HSA_CORE_API","hsa_signal_wait_scacquire",3146968,3146968,295,6201239454591672,6201239458591867
"HSA_CORE_API","hsa_signal_wait_scacquire",3146968,3146968,296,6201239458592327,6201239462592521
"HSA_CORE_API","hsa_signal_wait_scacquire",3146968,3146968,297,6201239462592811,6201239466593015
"HSA_CORE_API","hsa_signal_wait_scacquire",3146968,3146968,298,6201239466593565,6201239470593769
"HSA_CORE_API","hsa_signal_wait_scacquire",3146968,3146968,299,6201239470594239,6201239474594433
"HSA_CORE_API","hsa_signal_wait_scacquire",3146968,3146968,300,6201239474594903,6201239478595098
"HSA_CORE_API","hsa_signal_wait_scacquire",3146968,3146968,301,6201239478595568,6201239482595762
"HSA_CORE_API","hsa_signal_wait_scacquire",3146968,3146968,302,6201239482596232,6201239486596426
"HSA_CORE_API","hsa_signal_wait_scacquire",3146968,3146968,303,6201239486596906,6201239490597100
"HSA_CORE_API","hsa_signal_wait_scacquire",3146968,3146968,304,6201239490597570,6201239494597775
"HSA_CORE_API","hsa_signal_wait_scacquire",3146968,3146968,305,6201239494598255,6201239498598449
"HSA_CORE_API","hsa_signal_wait_scacquire",3146968,3146968,306,6201239498598789,6201239502598993
"HSA_CORE_API","hsa_signal_wait_scacquire",3146968,3146968,307,6201239502599463,6201239506599657
"HSA_CORE_API","hsa_signal_wait_scacquire",3146968,3146968,308,6201239506600127,6201239510600331
"HSA_CORE_API","hsa_signal_wait_scacquire",3146968,3146968,309,6201239510600791,6201239514600986
"HSA_CORE_API","hsa_signal_wait_scacquire",3146968,3146968,310,6201239514601466,6201239518601690
"HSA_CORE_API","hsa_signal_wait_scacquire",3146968,3146968,311,6201239518602000,6201239522602224
"HSA_CORE_API","hsa_signal_wait_scacquire",3146968,3146968,312,6201239522602524,6201239526602718
"HSA_CORE_API","hsa_signal_wait_scacquire",3146968,3146968,313,6201239526603008,6201239530603212
"HSA_CORE_API","hsa_signal_wait_scacquire",3146968,3146968,314,6201239530603732,6201239534603937
"HSA_CORE_API","hsa_signal_wait_scacquire",3146968,3146968,315,6201239534604407,6201239538604601
"HSA_CORE_API","hsa_signal_wait_scacquire",3146968,3146968,316,6201239538605071,6201239542605265
"HSA_CORE_API","hsa_signal_wait_scacquire",3146968,3146968,317,6201239542605725,6201239546605919
"HSA_CORE_API","hsa_signal_wait_scacquire",3146968,3146968,318,6201239546606389,6201239550606583
"HSA_CORE_API","hsa_signal_wait_scacquire",3146968,3146968,319,6201239550607063,6201239554607258
"HSA_CORE_API","hsa_signal_wait_scacquire",3146968,3146968,320,6201239554607738,6201239558607932
"HSA_CORE_API","hsa_signal_wait_scacquire",3146968,3146968,321,6201239558608482,6201239562608686
"HSA_CORE_API","hsa_signal_wait_scacquire",3146968,3146968,322,6201239562610456,6201239566610650
"HSA_CORE_API","hsa_signal_wait_scacquire",3146968,3146968,323,6201239566611130,6201239570611324
"HSA_CORE_API","hsa_signal_wait_scacquire",3146968,3146968,324,6201239570611804,6201239574612009
"HSA_CORE_API","hsa_signal_wait_scacquire",3146968,3146968,325,6201239574612479,6201239578612673
"HSA_CORE_API","hsa_signal_wait_scacquire",3146968,3146968,326,6201239578613153,6201239582613347
"HSA_CORE_API","hsa_signal_wait_scacquire",3146968,3146968,327,6201239582613827,6201239586614021
"HSA_CORE_API","hsa_signal_wait_scacquire",3146968,3146968,328,6201239586614491,6201239590614696
"HSA_CORE_API","hsa_signal_wait_scacquire",3146968,3146968,329,6201239590614986,6201239594615180
"HSA_CORE_API","hsa_signal_wait_scacquire",3146968,3146968,330,6201239594615750,6201239598615944
"HSA_CORE_API","hsa_signal_wait_scacquire",3146968,3146968,331,6201239598616424,6201239602616618
"HSA_CORE_API","hsa_signal_wait_scacquire",3146968,3146968,332,6201239602617088,6201239606617292
"HSA_CORE_API","hsa_signal_wait_scacquire",3146968,3146968,333,6201239606617952,6201239610618147
"HSA_CORE_API","hsa_signal_wait_scacquire",3146968,3146968,334,6201239610618437,6201239614618631
"HSA_CORE_API","hsa_signal_wait_scacquire",3146968,3146968,335,6201239614619111,6201239618619305
"HSA_CORE_API","hsa_signal_wait_scacquire",3146968,3146968,336,6201239618619805,6201239622620039
"HSA_CORE_API","hsa_signal_wait_scacquire",3146968,3146968,337,6201239622620459,6201239626620653
"HSA_CORE_API","hsa_signal_wait_scacquire",3146968,3146968,338,6201239626620963,6201239630621168
"HSA_CORE_API","hsa_signal_wait_scacquire",3146968,3146968,339,6201239630621658,6201239634621852
"HSA_CORE_API","hsa_signal_wait_scacquire",3146968,3146968,340,6201239634622342,6201239638622536
"HSA_CORE_API","hsa_signal_wait_scacquire",3146968,3146968,341,6201239638622846,6201239642623040
"HSA_CORE_API","hsa_signal_wait_scacquire",3146968,3146968,342,6201239642623330,6201239646623534
"HSA_CORE_API","hsa_signal_wait_scacquire",3146968,3146968,343,6201239646624024,6201239650624229
"HSA_CORE_API","hsa_signal_wait_scacquire",3146968,3146968,344,6201239650624709,6201239654624903
"HSA_CORE_API","hsa_signal_wait_scacquire",3146968,3146968,345,6201239654625263,6201239658625467
"HSA_CORE_API","hsa_signal_wait_scacquire",3146968,3146968,346,6201239658625947,6201239662626141
"HSA_CORE_API","hsa_signal_wait_scacquire",3146968,3146968,347,6201239662626621,6201239666626825
"HSA_CORE_API","hsa_signal_wait_scacquire",3146968,3146968,348,6201239666627365,6201239670627560
"HSA_CORE_API","hsa_signal_wait_scacquire",3146968,3146968,349,6201239670628100,6201239674628294
"HSA_CORE_API","hsa_signal_wait_scacquire",3146968,3146968,350,6201239674628784,6201239678628978
"HSA_CORE_API","hsa_signal_wait_scacquire",3146968,3146968,351,6201239678629478,6201239682629692
"HSA_CORE_API","hsa_signal_wait_scacquire",3146968,3146968,352,6201239682630182,6201239686630387
"HSA_CORE_API","hsa_signal_wait_scacquire",3146968,3146968,353,6201239686630867,6201239690631071
"HSA_CORE_API","hsa_signal_wait_scacquire",3146968,3146968,354,6201239690631561,6201239694631755
"HSA_CORE_API","hsa_signal_wait_scacquire",3146968,3146968,355,6201239694632055,6201239698632249
"HSA_CORE_API","hsa_signal_wait_scacquire",3146968,3146968,356,6201239698632549,6201239702632743
"HSA_CORE_API","hsa_signal_wait_scacquire",3146968,3146968,357,6201239702633223,6201239706633417
"HSA_CORE_API","hsa_signal_wait_scacquire",3146968,3146968,358,6201239706633897,6201239710634092
"HSA_CORE_API","hsa_signal_wait_scacquire",3146968,3146968,359,6201239710634572,6201239714634776
"HSA_CORE_API","hsa_signal_wait_scacquire",3146968,3146968,360,6201239714635066,6201239718635270
"HSA_CORE_API","hsa_signal_wait_scacquire",3146968,3146968,361,6201239718635760,6201239722635964
"HSA_CORE_API","hsa_signal_wait_scacquire",3146968,3146968,362,6201239722636444,6201239726636669
"HSA_CORE_API","hsa_signal_wait_scacquire",3146968,3146968,363,6201239726636989,6201239730637193
"HSA_CORE_API","hsa_signal_wait_scacquire",3146968,3146968,364,6201239730637673,6201239734637867
"HSA_CORE_API","hsa_signal_wait_scacquire",3146968,3146968,365,6201239734638357,6201239738638551
"HSA_CORE_API","hsa_signal_wait_scacquire",3146968,3146968,366,6201239738639021,6201239742639215
"HSA_CORE_API","hsa_signal_wait_scacquire",3146968,3146968,367,6201239742640265,6201239746640460
"HSA_CORE_API","hsa_signal_wait_scacquire",3146968,3146968,368,6201239746640930,6201239750641144
"HSA_CORE_API","hsa_signal_wait_scacquire",3146968,3146968,369,6201239750641444,6201239754641638
"HSA_CORE_API","hsa_signal_wait_scacquire",3146968,3146968,370,6201239754642118,6201239758642302
"HSA_CORE_API","hsa_signal_wait_scacquire",3146968,3146968,371,6201239758642852,6201239762643036
"HSA_CORE_API","hsa_signal_wait_scacquire",3146968,3146968,372,6201239762643536,6201239766643731
"HSA_CORE_API","hsa_signal_wait_scacquire",3146968,3146968,373,6201239766644201,6201239770644405
"HSA_CORE_API","hsa_signal_wait_scacquire",3146968,3146968,374,6201239770644885,6201239774645119
"HSA_CORE_API","hsa_signal_wait_scacquire",3146968,3146968,375,6201239774645609,6201239778645833
"HSA_CORE_API","hsa_signal_wait_scacquire",3146968,3146968,376,6201239778646123,6201239782646327
"HSA_CORE_API","hsa_signal_wait_scacquire",3146968,3146968,377,6201239782646807,6201239786647112
"HSA_CORE_API","hsa_signal_wait_scacquire",3146968,3146968,378,6201239786647602,6201239790647806
"HSA_CORE_API","hsa_signal_wait_scacquire",3146968,3146968,379,6201239790648286,6201239794648670
"HSA_CORE_API","hsa_signal_wait_scacquire",3146968,3146968,380,6201239794649330,6201239798649534
"HSA_CORE_API","hsa_signal_wait_scacquire",3146968,3146968,381,6201239798649824,6201239802650018
"HSA_CORE_API","hsa_signal_wait_scacquire",3146968,3146968,382,6201239802650708,6201239806650903
"HSA_CORE_API","hsa_signal_wait_scacquire",3146968,3146968,383,6201239806652012,6201239810652207
"HSA_CORE_API","hsa_signal_wait_scacquire",3146968,3146968,384,6201239810652697,6201239814652891
"HSA_CORE_API","hsa_signal_wait_scacquire",3146968,3146968,385,6201239814654131,6201239818654315
"HSA_CORE_API","hsa_signal_wait_scacquire",3146968,3146968,386,6201239818659425,6201239822659629
"HSA_CORE_API","hsa_signal_wait_scacquire",3146968,3146968,387,6201239822660639,6201239826660833
"HSA_CORE_API","hsa_signal_wait_scacquire",3146968,3146968,388,6201239826661493,6201239830661868
"HSA_CORE_API","hsa_signal_wait_scacquire",3146968,3146968,389,6201239830662178,6201239834662382
"HSA_CORE_API","hsa_signal_wait_scacquire",3146968,3146968,390,6201239834662672,6201239838662886
"HSA_CORE_API","hsa_signal_wait_scacquire",3146968,3146968,391,6201239838663576,6201239842663770
"HSA_CORE_API","hsa_signal_wait_scacquire",3146968,3146968,392,6201239842664690,6201239846664924
"HSA_CORE_API","hsa_signal_wait_scacquire",3146968,3146968,393,6201239846665414,6201239850665639
"HSA_CORE_API","hsa_signal_wait_scacquire",3146968,3146968,394,6201239850666209,6201239854666403
"HSA_CORE_API","hsa_signal_wait_scacquire",3146968,3146968,395,6201239854667573,6201239858667787
"HSA_CORE_API","hsa_signal_wait_scacquire",3146968,3146968,396,6201239858668297,6201239862668491
"HSA_CORE_API","hsa_signal_wait_scacquire",3146968,3146968,397,6201239862668781,6201239866668975
"HSA_CORE_API","hsa_signal_wait_scacquire",3146968,3146968,398,6201239866669465,6201239870669650
"HSA_CORE_API","hsa_signal_wait_scacquire",3146968,3146968,399,6201239870670560,6201239874670764
"HSA_CORE_API","hsa_signal_wait_scacquire",3146968,3146968,400,6201239874671444,6201239878671638
"HSA_CORE_API","hsa_signal_wait_scacquire",3146968,3146968,401,6201239878672698,6201239882672892
"HSA_CORE_API","hsa_signal_wait_scacquire",3146968,3146968,402,6201239882673412,6201239886673806
"HSA_CORE_API","hsa_signal_wait_scacquire",3146968,3146968,403,6201239886674286,6201239890674481
"HSA_CORE_API","hsa_signal_wait_scacquire",3146968,3146968,404,6201239890674961,6201239894675155
"HSA_CORE_API","hsa_signal_wait_scacquire",3146968,3146968,405,6201239894675645,6201239898675839
"HSA_CORE_API","hsa_signal_wait_scacquire",3146968,3146968,406,6201239898676139,6201239902676343
"HSA_CORE_API","hsa_signal_wait_scacquire",3146968,3146968,407,6201239902676633,6201239906676827
"HSA_CORE_API","hsa_signal_wait_scacquire",3146968,3146968,408,6201239906677317,6201239910677512
"HSA_CORE_API","hsa_signal_wait_scacquire",3146968,3146968,409,6201239910678002,6201239914678196
"HSA_CORE_API","hsa_signal_wait_scacquire",3146968,3146968,410,6201239914678676,6201239918678870
"HSA_CORE_API","hsa_signal_wait_scacquire",3146968,3146968,411,6201239918679350,6201239922679564
"HSA_CORE_API","hsa_signal_wait_scacquire",3146968,3146968,412,6201239922680034,6201239926680228
"HSA_CORE_API","hsa_signal_wait_scacquire",3146968,3146968,413,6201239926680708,6201239930680913
"HSA_CORE_API","hsa_signal_wait_scacquire",3146968,3146968,414,6201239930681403,6201239934681627
"HSA_CORE_API","hsa_signal_wait_scacquire",3146968,3146968,415,6201239934682567,6201239938682771
"HSA_CORE_API","hsa_signal_wait_scacquire",3146968,3146968,416,6201239938683061,6201239942683255
"HSA_CORE_API","hsa_signal_wait_scacquire",3146968,3146968,417,6201239942683735,6201239946683939
"HSA_CORE_API","hsa_signal_wait_scacquire",3146968,3146968,418,6201239946684429,6201239950684624
"HSA_CORE_API","hsa_signal_wait_scacquire",3146968,3146968,419,6201239950685104,6201239954685308
"HSA_CORE_API","hsa_signal_wait_scacquire",3146968,3146968,420,6201239954685788,6201239958685992
"HSA_CORE_API","hsa_signal_wait_scacquire",3146968,3146968,421,6201239958686472,6201239962686666
"HSA_CORE_API","hsa_signal_wait_scacquire",3146968,3146968,422,6201239962687146,6201239966687350
"HSA_CORE_API","hsa_signal_wait_scacquire",3146968,3146968,423,6201239966687640,6201239970687855
"HSA_CORE_API","hsa_signal_wait_scacquire",3146968,3146968,424,6201239970688345,6201239974688539
"HSA_CORE_API","hsa_signal_wait_scacquire",3146968,3146968,425,6201239974689019,6201239978689213
"HSA_CORE_API","hsa_signal_wait_scacquire",3146968,3146968,426,6201239978689703,6201239982689897
"HSA_CORE_API","hsa_signal_wait_scacquire",3146968,3146968,427,6201239982690377,6201239986690571
"HSA_CORE_API","hsa_signal_wait_scacquire",3146968,3146968,428,6201239986691051,6201239990691246
"HSA_CORE_API","hsa_signal_wait_scacquire",3146968,3146968,429,6201239990691726,6201239994691930
"HSA_CORE_API","hsa_signal_wait_scacquire",3146968,3146968,430,6201239994692410,6201239998692604
"HSA_CORE_API","hsa_signal_wait_scacquire",3146968,3146968,431,6201239998693244,6201240002693438
"HSA_CORE_API","hsa_signal_wait_scacquire",3146968,3146968,432,6201240002693918,6201240006694122
"HSA_CORE_API","hsa_signal_wait_scacquire",3146968,3146968,433,6201240006694602,6201240010694997
"HSA_CORE_API","hsa_signal_wait_scacquire",3146968,3146968,434,6201240010695477,6201240014695671
"HSA_CORE_API","hsa_signal_wait_scacquire",3146968,3146968,435,6201240014696151,6201240018696355
"HSA_CORE_API","hsa_signal_wait_scacquire",3146968,3146968,436,6201240018696835,6201240022697029
"HSA_CORE_API","hsa_signal_wait_scacquire",3146968,3146968,437,6201240022697509,6201240026697703
"HSA_CORE_API","hsa_signal_wait_scacquire",3146968,3146968,438,6201240026698553,6201240030698768
"HSA_CORE_API","hsa_signal_wait_scacquire",3146968,3146968,439,6201240030699058,6201240034699272
"HSA_CORE_API","hsa_signal_wait_scacquire",3146968,3146968,440,6201240034699752,6201240038699986
"HSA_CORE_API","hsa_signal_wait_scacquire",3146968,3146968,441,6201240038700686,6201240042700880
"HSA_CORE_API","hsa_signal_wait_scacquire",3146968,3146968,442,6201240042701350,6201240046701554
"HSA_CORE_API","hsa_signal_wait_scacquire",3146968,3146968,443,6201240046702024,6201240050702229
"HSA_CORE_API","hsa_signal_wait_scacquire",3146968,3146968,444,6201240050702719,6201240054702923
"HSA_CORE_API","hsa_signal_wait_scacquire",3146968,3146968,445,6201240054703403,6201240058703597
"HSA_CORE_API","hsa_signal_wait_scacquire",3146968,3146968,446,6201240058704077,6201240062704281
"HSA_CORE_API","hsa_signal_wait_scacquire",3146968,3146968,447,6201240062704761,6201240066704965
"HSA_CORE_API","hsa_signal_wait_scacquire",3146968,3146968,448,6201240066705445,6201240070705650
"HSA_CORE_API","hsa_signal_wait_scacquire",3146968,3146968,449,6201240070706370,6201240074706564
"HSA_CORE_API","hsa_signal_wait_scacquire",3146968,3146968,450,6201240074714814,6201240078715008
"HSA_CORE_API","hsa_signal_wait_scacquire",3146968,3146968,451,6201240078715308,6201240082715502
"HSA_CORE_API","hsa_signal_wait_scacquire",3146968,3146968,452,6201240082715992,6201240086715996
"HSA_CORE_API","hsa_signal_wait_scacquire",3146968,3146968,453,6201240086716486,6201240090716690
"HSA_CORE_API","hsa_signal_wait_scacquire",3146968,3146968,454,6201240090717750,6201240094717945
"HSA_CORE_API","hsa_signal_wait_scacquire",3146968,3146968,455,6201240094718435,6201240098718629
"HSA_CORE_API","hsa_signal_wait_scacquire",3146968,3146968,456,6201240098718929,6201240102719133
"HSA_CORE_API","hsa_signal_wait_scacquire",3146968,3146968,457,6201240102719623,6201240106719817
"HSA_CORE_API","hsa_signal_wait_scacquire",3146968,3146968,458,6201240106720307,6201240110720501
"HSA_CORE_API","hsa_signal_wait_scacquire",3146968,3146968,459,6201240110721001,6201240114721196
"HSA_CORE_API","hsa_signal_wait_scacquire",3146968,3146968,460,6201240114721916,6201240118722110
"HSA_CORE_API","hsa_signal_wait_scacquire",3146968,3146968,461,6201240118722630,6201240122722824
"HSA_CORE_API","hsa_signal_wait_scacquire",3146968,3146968,462,6201240122723914,6201240126724138
"HSA_CORE_API","hsa_signal_wait_scacquire",3146968,3146968,463,6201240126724638,6201240130724833
"HSA_CORE_API","hsa_signal_wait_scacquire",3146968,3146968,464,6201240130725323,6201240134725527
"HSA_CORE_API","hsa_signal_wait_scacquire",3146968,3146968,465,6201240134726207,6201240138726411
"HSA_CORE_API","hsa_signal_wait_scacquire",3146968,3146968,466,6201240138726901,6201240142727145
"HSA_CORE_API","hsa_signal_wait_scacquire",3146968,3146968,467,6201240142727675,6201240146727879
"HSA_CORE_API","hsa_signal_wait_scacquire",3146968,3146968,468,6201240146728309,6201240150728513
"HSA_CORE_API","hsa_signal_wait_scacquire",3146968,3146968,469,6201240150729583,6201240154729778
"HSA_CORE_API","hsa_signal_wait_scacquire",3146968,3146968,470,6201240154730078,6201240158730272
"HSA_CORE_API","hsa_signal_wait_scacquire",3146968,3146968,471,6201240158730762,6201240162730956
"HSA_CORE_API","hsa_signal_wait_scacquire",3146968,3146968,472,6201240162731456,6201240166731650
"HSA_CORE_API","hsa_signal_wait_scacquire",3146968,3146968,473,6201240166732150,6201240170732354
"HSA_CORE_API","hsa_signal_wait_scacquire",3146968,3146968,474,6201240170732844,6201240174733039
"HSA_CORE_API","hsa_signal_wait_scacquire",3146968,3146968,475,6201240174733529,6201240178733733
"HSA_CORE_API","hsa_signal_wait_scacquire",3146968,3146968,476,6201240178734233,6201240182734427
"HSA_CORE_API","hsa_signal_wait_scacquire",3146968,3146968,477,6201240182734907,6201240186735121
"HSA_CORE_API","hsa_signal_wait_scacquire",3146968,3146968,478,6201240186735601,6201240190735806
"HSA_CORE_API","hsa_signal_wait_scacquire",3146968,3146968,479,6201240190736295,6201240194736500
"HSA_CORE_API","hsa_signal_wait_scacquire",3146968,3146968,480,6201240194736990,6201240198737194
"HSA_CORE_API","hsa_signal_wait_scacquire",3146968,3146968,481,6201240198737684,6201240202737878
"HSA_CORE_API","hsa_signal_wait_scacquire",3146968,3146968,482,6201240202738568,6201240206738762
"HSA_CORE_API","hsa_signal_wait_scacquire",3146968,3146968,483,6201240206739492,6201240210739696
"HSA_CORE_API","hsa_signal_wait_scacquire",3146968,3146968,484,6201240210740176,6201240214740381
"HSA_CORE_API","hsa_signal_wait_scacquire",3146968,3146968,485,6201240214740691,6201240218740885
"HSA_CORE_API","hsa_signal_wait_scacquire",3146968,3146968,486,6201240218741395,6201240222741589
"HSA_CORE_API","hsa_signal_wait_scacquire",3146968,3146968,487,6201240222742079,6201240226742273
"HSA_CORE_API","hsa_signal_wait_scacquire",3146968,3146968,488,6201240226743433,6201240230743628
"HSA_CORE_API","hsa_signal_wait_scacquire",3146968,3146968,489,6201240230744128,6201240234744332
"HSA_CORE_API","hsa_signal_wait_scacquire",3146968,3146968,490,6201240234745292,6201240238745496
"HSA_CORE_API","hsa_signal_wait_scacquire",3146968,3146968,491,6201240238745986,6201240242746180
"HSA_CORE_API","hsa_signal_wait_scacquire",3146968,3146968,492,6201240242747260,6201240246747504
"HSA_CORE_API","hsa_signal_wait_scacquire",3146968,3146968,493,6201240246748074,6201240250748268
"HSA_CORE_API","hsa_signal_wait_scacquire",3146968,3146968,494,6201240250748568,6201240254748763
"HSA_CORE_API","hsa_signal_wait_scacquire",3146968,3146968,495,6201240254749253,6201240258749447
"HSA_CORE_API","hsa_signal_wait_scacquire",3146968,3146968,496,6201240258749947,6201240262750141
"HSA_CORE_API","hsa_signal_wait_scacquire",3146968,3146968,497,6201240262750631,6201240266750825
"HSA_CORE_API","hsa_signal_wait_scacquire",3146968,3146968,498,6201240266751305,6201240270751699
"HSA_CORE_API","hsa_signal_wait_scacquire",3146968,3146968,499,6201240270752569,6201240274752774
"HSA_CORE_API","hsa_signal_wait_scacquire",3146968,3146968,500,6201240274753254,6201240278753438
"HSA_CORE_API","hsa_signal_wait_scacquire",3146968,3146968,501,6201240278753988,6201240282754182
"HSA_CORE_API","hsa_signal_wait_scacquire",3146968,3146968,502,6201240282754482,6201240286754676
"HSA_CORE_API","hsa_signal_wait_scacquire",3146968,3146968,503,6201240286755936,6201240290756130
"HSA_CORE_API","hsa_signal_wait_scacquire",3146968,3146968,504,6201240290756720,6201240294756905
"HSA_CORE_API","hsa_signal_wait_scacquire",3146968,3146968,505,6201240294757395,6201240298757589
"HSA_CORE_API","hsa_signal_wait_scacquire",3146968,3146968,506,6201240298757989,6201240302758183
"HSA_CORE_API","hsa_signal_wait_scacquire",3146968,3146968,507,6201240302758663,6201240306758867
"HSA_CORE_API","hsa_signal_wait_scacquire",3146968,3146968,508,6201240306759367,6201240310759571
"HSA_CORE_API","hsa_signal_wait_scacquire",3146968,3146968,509,6201240310760041,6201240314760256
"HSA_CORE_API","hsa_signal_wait_scacquire",3146968,3146968,510,6201240314760826,6201240318761020
"HSA_CORE_API","hsa_signal_wait_scacquire",3146968,3146968,511,6201240318761500,6201240322761684
"HSA_CORE_API","hsa_signal_wait_scacquire",3146968,3146968,512,6201240322762164,6201240326762378
"HSA_CORE_API","hsa_signal_wait_scacquire",3146968,3146968,513,6201240326768398,6201240330768602
"HSA_CORE_API","hsa_signal_wait_scacquire",3146968,3146968,514,6201240330773292,6201240334773496
"HSA_CORE_API","hsa_signal_wait_scacquire",3146968,3146968,515,6201240334773786,6201240338773981
"HSA_CORE_API","hsa_signal_wait_scacquire",3146968,3146968,516,6201240338774481,6201240342774685
"HSA_CORE_API","hsa_signal_wait_scacquire",3146968,3146968,517,6201240342775515,6201240346775709
"HSA_CORE_API","hsa_signal_wait_scacquire",3146968,3146968,518,6201240346775999,6201240350776223
"HSA_CORE_API","hsa_signal_wait_scacquire",3146968,3146968,519,6201240350776533,6201240354776727
"HSA_CORE_API","hsa_signal_wait_scacquire",3146968,3146968,520,6201240354777217,6201240358777412
"HSA_CORE_API","hsa_signal_wait_scacquire",3146968,3146968,521,6201240358777942,6201240362778126
"HSA_CORE_API","hsa_signal_wait_scacquire",3146968,3146968,522,6201240362778616,6201240366778870
"HSA_CORE_API","hsa_signal_wait_scacquire",3146968,3146968,523,6201240366779340,6201240370779534
"HSA_CORE_API","hsa_signal_wait_scacquire",3146968,3146968,524,6201240370780284,6201240374780468
"HSA_CORE_API","hsa_signal_wait_scacquire",3146968,3146968,525,6201240374780948,6201240378781133
"HSA_CORE_API","hsa_signal_wait_scacquire",3146968,3146968,526,6201240378781833,6201240382782037
"HSA_CORE_API","hsa_signal_wait_scacquire",3146968,3146968,527,6201240382782527,6201240386782711
"HSA_CORE_API","hsa_signal_wait_scacquire",3146968,3146968,528,6201240386783201,6201240390783395
"HSA_CORE_API","hsa_signal_wait_scacquire",3146968,3146968,529,6201240390783875,6201240394784069
"HSA_CORE_API","hsa_signal_wait_scacquire",3146968,3146968,530,6201240394784629,6201240398784824
"HSA_CORE_API","hsa_signal_wait_scacquire",3146968,3146968,531,6201240398785134,6201240402785318
"HSA_CORE_API","hsa_signal_wait_scacquire",3146968,3146968,532,6201240402785808,6201240406786012
"HSA_CORE_API","hsa_signal_wait_scacquire",3146968,3146968,533,6201240406786342,6201240410786536
"HSA_CORE_API","hsa_signal_wait_scacquire",3146968,3146968,534,6201240410787326,6201240414787570
"HSA_CORE_API","hsa_signal_wait_scacquire",3146968,3146968,535,6201240414788060,6201240418788255
"HSA_CORE_API","hsa_signal_wait_scacquire",3146968,3146968,536,6201240418788735,6201240422788929
"HSA_CORE_API","hsa_signal_wait_scacquire",3146968,3146968,537,6201240422789399,6201240426789593
"HSA_CORE_API","hsa_signal_wait_scacquire",3146968,3146968,538,6201240426790453,6201240430790657
"HSA_CORE_API","hsa_signal_wait_scacquire",3146968,3146968,539,6201240430791157,6201240434791392
"HSA_CORE_API","hsa_signal_wait_scacquire",3146968,3146968,540,6201240434791871,6201240438792066
"HSA_CORE_API","hsa_signal_wait_scacquire",3146968,3146968,541,6201240438792546,6201240442792740
"HSA_CORE_API","hsa_signal_wait_scacquire",3146968,3146968,542,6201240442793420,6201240446793614
"HSA_CORE_API","hsa_signal_wait_scacquire",3146968,3146968,543,6201240446794094,6201240450794288
"HSA_CORE_API","hsa_signal_wait_scacquire",3146968,3146968,544,6201240450794758,6201240454794982
"HSA_CORE_API","hsa_signal_wait_scacquire",3146968,3146968,545,6201240454795292,6201240458797417
"HSA_CORE_API","hsa_signal_wait_scacquire",3146968,3146968,546,6201240458804166,6201240462804831
"HSA_CORE_API","hsa_signal_wait_scacquire",3146968,3146968,547,6201240462805121,6201240466805315
"HSA_CORE_API","hsa_signal_wait_scacquire",3146968,3146968,548,6201240466805805,6201240470806019
"HSA_CORE_API","hsa_signal_wait_scacquire",3146968,3146968,549,6201240470806309,6201240474806503
"HSA_CORE_API","hsa_signal_wait_scacquire",3146968,3146968,550,6201240474806993,6201240478807198
"HSA_CORE_API","hsa_signal_wait_scacquire",3146968,3146968,551,6201240478807668,6201240482807862
"HSA_CORE_API","hsa_signal_wait_scacquire",3146968,3146968,552,6201240482808342,6201240486808536
"HSA_CORE_API","hsa_signal_wait_scacquire",3146968,3146968,553,6201240486809016,6201240490809220
"HSA_CORE_API","hsa_signal_wait_scacquire",3146968,3146968,554,6201240490809700,6201240494809904
"HSA_CORE_API","hsa_signal_wait_scacquire",3146968,3146968,555,6201240494810394,6201240498810588
"HSA_CORE_API","hsa_signal_wait_scacquire",3146968,3146968,556,6201240498810898,6201240502811093
"HSA_CORE_API","hsa_signal_wait_scacquire",3146968,3146968,557,6201240502811573,6201240506811777
"HSA_CORE_API","hsa_signal_wait_scacquire",3146968,3146968,558,6201240506812247,6201240510812451
"HSA_CORE_API","hsa_signal_wait_scacquire",3146968,3146968,559,6201240510812931,6201240514813145
"HSA_CORE_API","hsa_signal_wait_scacquire",3146968,3146968,560,6201240514813625,6201240518813829
"HSA_CORE_API","hsa_signal_wait_scacquire",3146968,3146968,561,6201240518814309,6201240522814504
"HSA_CORE_API","hsa_signal_wait_scacquire",3146968,3146968,562,6201240522814994,6201240526815198
"HSA_CORE_API","hsa_signal_wait_scacquire",3146968,3146968,563,6201240526815678,6201240530815872
"HSA_CORE_API","hsa_signal_wait_scacquire",3146968,3146968,564,6201240530816362,6201240534816556
"HSA_CORE_API","hsa_signal_wait_scacquire",3146968,3146968,565,6201240534817036,6201240538817241
"HSA_CORE_API","hsa_signal_wait_scacquire",3146968,3146968,566,6201240538817721,6201240542817915
"HSA_CORE_API","hsa_signal_wait_scacquire",3146968,3146968,567,6201240542818405,6201240546818599
"HSA_CORE_API","hsa_signal_wait_scacquire",3146968,3146968,568,6201240546819079,6201240550819273
"HSA_CORE_API","hsa_signal_wait_scacquire",3146968,3146968,569,6201240550819933,6201240554820137
"HSA_CORE_API","hsa_signal_wait_scacquire",3146968,3146968,570,6201240554820617,6201240558820861
"HSA_CORE_API","hsa_signal_wait_scacquire",3146968,3146968,571,6201240558821181,6201240562821376
"HSA_CORE_API","hsa_signal_wait_scacquire",3146968,3146968,572,6201240562821866,6201240566822060
"HSA_CORE_API","hsa_signal_wait_scacquire",3146968,3146968,573,6201240566822540,6201240570822734
"HSA_CORE_API","hsa_signal_wait_scacquire",3146968,3146968,574,6201240570823024,6201240574823218
"HSA_CORE_API","hsa_signal_wait_scacquire",3146968,3146968,575,6201240574823708,6201240578823903
"HSA_CORE_API","hsa_signal_wait_scacquire",3146968,3146968,576,6201240578824383,6201240582824577
"HSA_CORE_API","hsa_signal_wait_scacquire",3146968,3146968,577,6201240582825297,6201240586825491
"HSA_CORE_API","hsa_signal_wait_scacquire",3146968,3146968,578,6201240586830871,6201240590831075
"HSA_CORE_API","hsa_signal_wait_scacquire",3146968,3146968,579,6201240590831365,6201240594831569
"HSA_CORE_API","hsa_signal_wait_scacquire",3146968,3146968,580,6201240594832129,6201240598832363
"HSA_CORE_API","hsa_signal_wait_scacquire",3146968,3146968,581,6201240598832663,6201240602832878
"HSA_CORE_API","hsa_signal_wait_scacquire",3146968,3146968,582,6201240602833258,6201240606833462
"HSA_CORE_API","hsa_signal_wait_scacquire",3146968,3146968,583,6201240606833942,6201240610834136
"HSA_CORE_API","hsa_signal_wait_scacquire",3146968,3146968,584,6201240610834616,6201240614834810
"HSA_CORE_API","hsa_signal_wait_scacquire",3146968,3146968,585,6201240614835290,6201240618835484
"HSA_CORE_API","hsa_signal_wait_scacquire",3146968,3146968,586,6201240618835964,6201240622836169
"HSA_CORE_API","hsa_signal_wait_scacquire",3146968,3146968,587,6201240622836649,6201240626836843
"HSA_CORE_API","hsa_signal_wait_scacquire",3146968,3146968,588,6201240626837513,6201240630837727
"HSA_CORE_API","hsa_signal_wait_scacquire",3146968,3146968,589,6201240630838217,6201240634838411
"HSA_CORE_API","hsa_signal_wait_scacquire",3146968,3146968,590,6201240634838891,6201240638839085
"HSA_CORE_API","hsa_signal_wait_scacquire",3146968,3146968,591,6201240638839565,6201240642839770
"HSA_CORE_API","hsa_signal_wait_scacquire",3146968,3146968,592,6201240642840250,6201240646840444
"HSA_CORE_API","hsa_signal_wait_scacquire",3146968,3146968,593,6201240646840914,6201240650841108
"HSA_CORE_API","hsa_signal_wait_scacquire",3146968,3146968,594,6201240650841578,6201240654841782
"HSA_CORE_API","hsa_signal_wait_scacquire",3146968,3146968,595,6201240654842262,6201240658842456
"HSA_CORE_API","hsa_signal_wait_scacquire",3146968,3146968,596,6201240658842756,6201240662842991
"HSA_CORE_API","hsa_signal_wait_scacquire",3146968,3146968,597,6201240662843321,6201240666843525
"HSA_CORE_API","hsa_signal_wait_scacquire",3146968,3146968,598,6201240666844005,6201240670844209
"HSA_CORE_API","hsa_signal_wait_scacquire",3146968,3146968,599,6201240670844689,6201240674844883
"HSA_CORE_API","hsa_signal_wait_scacquire",3146968,3146968,600,6201240674845373,6201240678845567
"HSA_CORE_API","hsa_signal_wait_scacquire",3146968,3146968,601,6201240678846057,6201240682846252
"HSA_CORE_API","hsa_signal_wait_scacquire",3146968,3146968,602,6201240682846752,6201240686847136
"HSA_CORE_API","hsa_signal_wait_scacquire",3146968,3146968,603,6201240686847626,6201240690847820
"HSA_CORE_API","hsa_signal_wait_scacquire",3146968,3146968,604,6201240690848310,6201240694848504
"HSA_CORE_API","hsa_signal_wait_scacquire",3146968,3146968,605,6201240694848994,6201240698849198
"HSA_CORE_API","hsa_signal_wait_scacquire",3146968,3146968,606,6201240698849498,6201240702849693
"HSA_CORE_API","hsa_signal_wait_scacquire",3146968,3146968,607,6201240702850183,6201240706850407
"HSA_CORE_API","hsa_signal_wait_scacquire",3146968,3146968,608,6201240706850917,6201240710851111
"HSA_CORE_API","hsa_signal_wait_scacquire",3146968,3146968,609,6201240710851611,6201240714851805
"HSA_CORE_API","hsa_signal_wait_scacquire",3146968,3146968,610,6201240714852295,6201240718852509
"HSA_CORE_API","hsa_signal_wait_scacquire",3146968,3146968,611,6201240718852989,6201240722853184
"HSA_CORE_API","hsa_signal_wait_scacquire",3146968,3146968,612,6201240722853474,6201240726853678
"HSA_CORE_API","hsa_signal_wait_scacquire",3146968,3146968,613,6201240726854158,6201240730854362
"HSA_CORE_API","hsa_signal_wait_scacquire",3146968,3146968,614,6201240730854922,6201240734855136
"HSA_CORE_API","hsa_signal_wait_scacquire",3146968,3146968,615,6201240734855616,6201240738855820
"HSA_CORE_API","hsa_signal_wait_scacquire",3146968,3146968,616,6201240738856290,6201240742856494
"HSA_CORE_API","hsa_signal_wait_scacquire",3146968,3146968,617,6201240742856974,6201240746857179
"HSA_CORE_API","hsa_signal_wait_scacquire",3146968,3146968,618,6201240746857659,6201240750857853
"HSA_CORE_API","hsa_signal_wait_scacquire",3146968,3146968,619,6201240750858343,6201240754858537
"HSA_CORE_API","hsa_signal_wait_scacquire",3146968,3146968,620,6201240754859027,6201240758859221
"HSA_CORE_API","hsa_signal_wait_scacquire",3146968,3146968,621,6201240758859701,6201240762859895
"HSA_CORE_API","hsa_signal_wait_scacquire",3146968,3146968,622,6201240762860375,6201240766860610
"HSA_CORE_API","hsa_signal_wait_scacquire",3146968,3146968,623,6201240766861340,6201240770861534
"HSA_CORE_API","hsa_signal_wait_scacquire",3146968,3146968,624,6201240770862014,6201240774862208
"HSA_CORE_API","hsa_signal_wait_scacquire",3146968,3146968,625,6201240774862688,6201240778862882
"HSA_CORE_API","hsa_signal_wait_scacquire",3146968,3146968,626,6201240778863362,6201240782863557
"HSA_CORE_API","hsa_signal_wait_scacquire",3146968,3146968,627,6201240782864037,6201240786864241
"HSA_CORE_API","hsa_signal_wait_scacquire",3146968,3146968,628,6201240786864541,6201240790864775
"HSA_CORE_API","hsa_signal_wait_scacquire",3146968,3146968,629,6201240790865085,6201240794865279
"HSA_CORE_API","hsa_signal_wait_scacquire",3146968,3146968,630,6201240794865579,6201240798865773
"HSA_CORE_API","hsa_signal_wait_scacquire",3146968,3146968,631,6201240798866073,6201240802866267
"HSA_CORE_API","hsa_signal_wait_scacquire",3146968,3146968,632,6201240802866557,6201240806866762
"HSA_CORE_API","hsa_signal_wait_scacquire",3146968,3146968,633,6201240806867252,6201240810867446
"HSA_CORE_API","hsa_signal_wait_scacquire",3146968,3146968,634,6201240810867926,6201240814868120
"HSA_CORE_API","hsa_signal_wait_scacquire",3146968,3146968,635,6201240814868610,6201240818868804
"HSA_CORE_API","hsa_signal_wait_scacquire",3146968,3146968,636,6201240818869284,6201240822869478
"HSA_CORE_API","hsa_signal_wait_scacquire",3146968,3146968,637,6201240822869968,6201240826870163
"HSA_CORE_API","hsa_signal_wait_scacquire",3146968,3146968,638,6201240826870653,6201240830870857
"HSA_CORE_API","hsa_signal_wait_scacquire",3146968,3146968,639,6201240830871337,6201240834871541
"HSA_CORE_API","hsa_signal_wait_scacquire",3146968,3146968,640,6201240834872021,6201240838872225
"HSA_CORE_API","hsa_signal_wait_scacquire",3146968,3146968,641,6201240838872835,6201240842873049
"HSA_CORE_API","hsa_signal_wait_scacquire",3146968,3146968,642,6201240842878649,6201240846878843
"HSA_CORE_API","hsa_signal_wait_scacquire",3146968,3146968,643,6201240846879133,6201240850879338
"HSA_CORE_API","hsa_signal_wait_scacquire",3146968,3146968,644,6201240850879828,6201240854880022
"HSA_CORE_API","hsa_signal_wait_scacquire",3146968,3146968,645,6201240854880512,6201240858880706
"HSA_CORE_API","hsa_signal_wait_scacquire",3146968,3146968,646,6201240858881186,6201240862881380
"HSA_CORE_API","hsa_signal_wait_scacquire",3146968,3146968,647,6201240862881870,6201240866882075
"HSA_CORE_API","hsa_signal_wait_scacquire",3146968,3146968,648,6201240866882555,6201240870882789
"HSA_CORE_API","hsa_signal_wait_scacquire",3146968,3146968,649,6201240870883299,6201240874883503
"HSA_CORE_API","hsa_signal_wait_scacquire",3146968,3146968,650,6201240874883983,6201240878884187
"HSA_CORE_API","hsa_signal_wait_scacquire",3146968,3146968,651,6201240878884677,6201240882884871
"HSA_CORE_API","hsa_signal_wait_scacquire",3146968,3146968,652,6201240882885361,6201240886885555
"HSA_CORE_API","hsa_signal_wait_scacquire",3146968,3146968,653,6201240886886045,6201240890886250
"HSA_CORE_API","hsa_signal_wait_scacquire",3146968,3146968,654,6201240890886830,6201240894887024
"HSA_CORE_API","hsa_signal_wait_scacquire",3146968,3146968,655,6201240894887504,6201240898887698
"HSA_CORE_API","hsa_signal_wait_scacquire",3146968,3146968,656,6201240898888558,6201240902888752
"HSA_CORE_API","hsa_signal_wait_scacquire",3146968,3146968,657,6201240902889232,6201240906889426
"HSA_CORE_API","hsa_signal_wait_scacquire",3146968,3146968,658,6201240906889906,6201240910890121
"HSA_CORE_API","hsa_signal_wait_scacquire",3146968,3146968,659,6201240910890411,6201240914890605
"HSA_CORE_API","hsa_signal_wait_scacquire",3146968,3146968,660,6201240914891095,6201240918891289
"HSA_CORE_API","hsa_signal_wait_scacquire",3146968,3146968,661,6201240918891769,6201240922891963
"HSA_CORE_API","hsa_signal_wait_scacquire",3146968,3146968,662,6201240922892453,6201240926892647
"HSA_CORE_API","hsa_signal_wait_scacquire",3146968,3146968,663,6201240926893137,6201240930893332
"HSA_CORE_API","hsa_signal_wait_scacquire",3146968,3146968,664,6201240930893802,6201240934894016
"HSA_CORE_API","hsa_signal_wait_scacquire",3146968,3146968,665,6201240934894496,6201240938894700
"HSA_CORE_API","hsa_signal_wait_scacquire",3146968,3146968,666,6201240938895180,6201240942895384
"HSA_CORE_API","hsa_signal_wait_scacquire",3146968,3146968,667,6201240942895874,6201240946896068
"HSA_CORE_API","hsa_signal_wait_scacquire",3146968,3146968,668,6201240946896548,6201240950896753
"HSA_CORE_API","hsa_signal_wait_scacquire",3146968,3146968,669,6201240950897233,6201240954897437
"HSA_CORE_API","hsa_signal_wait_scacquire",3146968,3146968,670,6201240954897927,6201240958898121
"HSA_CORE_API","hsa_signal_wait_scacquire",3146968,3146968,671,6201240958898611,6201240962898815
"HSA_CORE_API","hsa_signal_wait_scacquire",3146968,3146968,672,6201240962899295,6201240966899499
"HSA_CORE_API","hsa_signal_wait_scacquire",3146968,3146968,673,6201240966899989,6201240970900184
"HSA_CORE_API","hsa_signal_wait_scacquire",3146968,3146968,674,6201240970900663,6201240974900898
"HSA_CORE_API","hsa_signal_wait_scacquire",3146968,3146968,675,6201240974901938,6201240978902142
"HSA_CORE_API","hsa_signal_wait_scacquire",3146968,3146968,676,6201240978902622,6201240982902816
"HSA_CORE_API","hsa_signal_wait_scacquire",3146968,3146968,677,6201240982903296,6201240986903490
"HSA_CORE_API","hsa_signal_wait_scacquire",3146968,3146968,678,6201240986903980,6201240990904164
"HSA_CORE_API","hsa_signal_wait_scacquire",3146968,3146968,679,6201240990904644,6201240994904839
"HSA_CORE_API","hsa_signal_wait_scacquire",3146968,3146968,680,6201240994905319,6201240998905513
"HSA_CORE_API","hsa_signal_wait_scacquire",3146968,3146968,681,6201240998905823,6201241002906017
"HSA_CORE_API","hsa_signal_wait_scacquire",3146968,3146968,682,6201241002906497,6201241006906691
"HSA_CORE_API","hsa_signal_wait_scacquire",3146968,3146968,683,6201241006906981,6201241010907175
"HSA_CORE_API","hsa_signal_wait_scacquire",3146968,3146968,684,6201241010907675,6201241014907870
"HSA_CORE_API","hsa_signal_wait_scacquire",3146968,3146968,685,6201241014908350,6201241018908544
"HSA_CORE_API","hsa_signal_wait_scacquire",3146968,3146968,686,6201241018909014,6201241022909218
"HSA_CORE_API","hsa_signal_wait_scacquire",3146968,3146968,687,6201241022909898,6201241026910092
"HSA_CORE_API","hsa_signal_wait_scacquire",3146968,3146968,688,6201241026910582,6201241030910776
"HSA_CORE_API","hsa_signal_wait_scacquire",3146968,3146968,689,6201241030911256,6201241034911451
"HSA_CORE_API","hsa_signal_wait_scacquire",3146968,3146968,690,6201241034912221,6201241038912425
"HSA_CORE_API","hsa_signal_wait_scacquire",3146968,3146968,691,6201241038912715,6201241042912909
"HSA_CORE_API","hsa_signal_wait_scacquire",3146968,3146968,692,6201241042913379,6201241046913583
"HSA_CORE_API","hsa_signal_wait_scacquire",3146968,3146968,693,6201241046914063,6201241050914257
"HSA_CORE_API","hsa_signal_wait_scacquire",3146968,3146968,694,6201241050914737,6201241054914942
"HSA_CORE_API","hsa_signal_wait_scacquire",3146968,3146968,695,6201241054915422,6201241058915626
"HSA_CORE_API","hsa_signal_wait_scacquire",3146968,3146968,696,6201241058916106,6201241062916120
"HSA_CORE_API","hsa_signal_wait_scacquire",3146968,3146968,697,6201241062916600,6201241066916604
"HSA_CORE_API","hsa_signal_wait_scacquire",3146968,3146968,698,6201241066917094,6201241070917298
"HSA_CORE_API","hsa_signal_wait_scacquire",3146968,3146968,699,6201241070917588,6201241074917793
"HSA_CORE_API","hsa_signal_wait_scacquire",3146968,3146968,700,6201241074918282,6201241078918527
"HSA_CORE_API","hsa_signal_wait_scacquire",3146968,3146968,701,6201241078918837,6201241082919031
"HSA_CORE_API","hsa_signal_wait_scacquire",3146968,3146968,702,6201241082919321,6201241086919335
"HSA_CORE_API","hsa_signal_wait_scacquire",3146968,3146968,703,6201241086919825,6201241090920009
"HSA_CORE_API","hsa_signal_wait_scacquire",3146968,3146968,704,6201241090920489,6201241094920693
"HSA_CORE_API","hsa_signal_wait_scacquire",3146968,3146968,705,6201241094921333,6201241098921528
"HSA_CORE_API","hsa_signal_wait_scacquire",3146968,3146968,706,6201241098926858,6201241102927282
"HSA_CORE_API","hsa_signal_wait_scacquire",3146968,3146968,707,6201241102927572,6201241106927776
"HSA_CORE_API","hsa_signal_wait_scacquire",3146968,3146968,708,6201241106928456,6201241110928660
"HSA_CORE_API","hsa_signal_wait_scacquire",3146968,3146968,709,6201241110929140,6201241114929334
"HSA_CORE_API","hsa_signal_wait_scacquire",3146968,3146968,710,6201241114929904,6201241118930099
"HSA_CORE_API","hsa_signal_wait_scacquire",3146968,3146968,711,6201241118930579,6201241122930773
"HSA_CORE_API","hsa_signal_wait_scacquire",3146968,3146968,712,6201241122931263,6201241126931457
"HSA_CORE_API","hsa_signal_wait_scacquire",3146968,3146968,713,6201241126931947,6201241130932141
"HSA_CORE_API","hsa_signal_wait_scacquire",3146968,3146968,714,6201241130932621,6201241134932835
"HSA_CORE_API","hsa_signal_wait_scacquire",3146968,3146968,715,6201241134933315,6201241138933510
"HSA_CORE_API","hsa_signal_wait_scacquire",3146968,3146968,716,6201241138934000,6201241142934194
"HSA_CORE_API","hsa_signal_wait_scacquire",3146968,3146968,717,6201241142934674,6201241146934888
"HSA_CORE_API","hsa_signal_wait_scacquire",3146968,3146968,718,6201241146935368,6201241150935562
"HSA_CORE_API","hsa_signal_wait_scacquire",3146968,3146968,719,6201241150936042,6201241154936236
"HSA_CORE_API","hsa_signal_wait_scacquire",3146968,3146968,720,6201241154936916,6201241158937110
"HSA_CORE_API","hsa_signal_wait_scacquire",3146968,3146968,721,6201241158937780,6201241162937985
"HSA_CORE_API","hsa_signal_wait_scacquire",3146968,3146968,722,6201241162938645,6201241166938869
"HSA_CORE_API","hsa_signal_wait_scacquire",3146968,3146968,723,6201241166939359,6201241170939363
"HSA_CORE_API","hsa_signal_wait_scacquire",3146968,3146968,724,6201241170939843,6201241174940037
"HSA_CORE_API","hsa_signal_wait_scacquire",3146968,3146968,725,6201241174940517,6201241178940711
"HSA_CORE_API","hsa_signal_wait_scacquire",3146968,3146968,726,6201241178941191,6201241182941416
"HSA_CORE_API","hsa_signal_wait_scacquire",3146968,3146968,727,6201241182941736,6201241186941930
"HSA_CORE_API","hsa_signal_wait_scacquire",3146968,3146968,728,6201241186942410,6201241190942604
"HSA_CORE_API","hsa_signal_wait_scacquire",3146968,3146968,729,6201241190942904,6201241194943098
"HSA_CORE_API","hsa_signal_wait_scacquire",3146968,3146968,730,6201241194943578,6201241198943783
"HSA_CORE_API","hsa_signal_wait_scacquire",3146968,3146968,731,6201241198944073,6201241202944277
"HSA_CORE_API","hsa_signal_wait_scacquire",3146968,3146968,732,6201241202944567,6201241206944771
"HSA_CORE_API","hsa_signal_wait_scacquire",3146968,3146968,733,6201241206945241,6201241210945445
"HSA_CORE_API","hsa_signal_wait_scacquire",3146968,3146968,734,6201241210945935,6201241214946129
"HSA_CORE_API","hsa_signal_wait_scacquire",3146968,3146968,735,6201241214946609,6201241218946813
"HSA_CORE_API","hsa_signal_wait_scacquire",3146968,3146968,736,6201241218947283,6201241222947498
"HSA_CORE_API","hsa_signal_wait_scacquire",3146968,3146968,737,6201241222947968,6201241226948182
"HSA_CORE_API","hsa_signal_wait_scacquire",3146968,3146968,738,6201241226948472,6201241230948676
"HSA_CORE_API","hsa_signal_wait_scacquire",3146968,3146968,739,6201241230949246,6201241234949440
"HSA_CORE_API","hsa_signal_wait_scacquire",3146968,3146968,740,6201241234949920,6201241238950124
"HSA_CORE_API","hsa_signal_wait_scacquire",3146968,3146968,741,6201241238950604,6201241242950799
"HSA_CORE_API","hsa_signal_wait_scacquire",3146968,3146968,742,6201241242951279,6201241246951473
"HSA_CORE_API","hsa_signal_wait_scacquire",3146968,3146968,743,6201241246951953,6201241250952147
"HSA_CORE_API","hsa_signal_wait_scacquire",3146968,3146968,744,6201241250952627,6201241254952831
"HSA_CORE_API","hsa_signal_wait_scacquire",3146968,3146968,745,6201241254953301,6201241258953495
"HSA_CORE_API","hsa_signal_wait_scacquire",3146968,3146968,746,6201241258953975,6201241262954170
"HSA_CORE_API","hsa_signal_wait_scacquire",3146968,3146968,747,6201241262954650,6201241266954854
"HSA_CORE_API","hsa_signal_wait_scacquire",3146968,3146968,748,6201241266955334,6201241270955528
"HSA_CORE_API","hsa_signal_wait_scacquire",3146968,3146968,749,6201241270956008,6201241274956202
"HSA_CORE_API","hsa_signal_wait_scacquire",3146968,3146968,750,6201241274956692,6201241278956696
"HSA_CORE_API","hsa_signal_wait_scacquire",3146968,3146968,751,6201241278957186,6201241282957381
"HSA_CORE_API","hsa_signal_wait_scacquire",3146968,3146968,752,6201241282957871,6201241286958105
"HSA_CORE_API","hsa_signal_wait_scacquire",3146968,3146968,753,6201241286958425,6201241290958429
"HSA_CORE_API","hsa_signal_wait_scacquire",3146968,3146968,754,6201241290958899,6201241294959103
"HSA_CORE_API","hsa_signal_wait_scacquire",3146968,3146968,755,6201241294959583,6201241298959787
"HSA_CORE_API","hsa_signal_wait_scacquire",3146968,3146968,756,6201241298960087,6201241302960282
"HSA_CORE_API","hsa_signal_wait_scacquire",3146968,3146968,757,6201241302960572,6201241306960786
"HSA_CORE_API","hsa_signal_wait_scacquire",3146968,3146968,758,6201241306961266,6201241310961460
"HSA_CORE_API","hsa_signal_wait_scacquire",3146968,3146968,759,6201241310961940,6201241314962144
"HSA_CORE_API","hsa_signal_wait_scacquire",3146968,3146968,760,6201241314962634,6201241318962838
"HSA_CORE_API","hsa_signal_wait_scacquire",3146968,3146968,761,6201241318963318,6201241322963542
"HSA_CORE_API","hsa_signal_wait_scacquire",3146968,3146968,762,6201241322964032,6201241326964237
"HSA_CORE_API","hsa_signal_wait_scacquire",3146968,3146968,763,6201241326964717,6201241330964911
"HSA_CORE_API","hsa_signal_wait_scacquire",3146968,3146968,764,6201241330965391,6201241334965605
"HSA_CORE_API","hsa_signal_wait_scacquire",3146968,3146968,765,6201241334966085,6201241338966289
"HSA_CORE_API","hsa_signal_wait_scacquire",3146968,3146968,766,6201241338966779,6201241342966973
"HSA_CORE_API","hsa_signal_wait_scacquire",3146968,3146968,767,6201241342967453,6201241346967648
"HSA_CORE_API","hsa_signal_wait_scacquire",3146968,3146968,768,6201241346968128,6201241350968332
"HSA_CORE_API","hsa_signal_wait_scacquire",3146968,3146968,769,6201241350972152,6201241354972366
"HSA_CORE_API","hsa_signal_wait_scacquire",3146968,3146968,770,6201241354975466,6201241358975680
"HSA_CORE_API","hsa_signal_wait_scacquire",3146968,3146968,771,6201241358976170,6201241362976364
"HSA_CORE_API","hsa_signal_wait_scacquire",3146968,3146968,772,6201241362976664,6201241366976869
"HSA_CORE_API","hsa_signal_wait_scacquire",3146968,3146968,773,6201241366977349,6201241370977553
"HSA_CORE_API","hsa_signal_wait_scacquire",3146968,3146968,774,6201241370978043,6201241374978237
"HSA_CORE_API","hsa_signal_wait_scacquire",3146968,3146968,775,6201241374978717,6201241378978941
"HSA_CORE_API","hsa_signal_wait_scacquire",3146968,3146968,776,6201241378979431,6201241382979625
"HSA_CORE_API","hsa_signal_wait_scacquire",3146968,3146968,777,6201241382980175,6201241386980370
"HSA_CORE_API","hsa_signal_wait_scacquire",3146968,3146968,778,6201241386980849,6201241390981094
"HSA_CORE_API","hsa_signal_wait_scacquire",3146968,3146968,779,6201241390981404,6201241394981408
"HSA_CORE_API","hsa_signal_wait_scacquire",3146968,3146968,780,6201241394981898,6201241398982092
"HSA_CORE_API","hsa_signal_wait_scacquire",3146968,3146968,781,6201241398982582,6201241402982786
"HSA_CORE_API","hsa_signal_wait_scacquire",3146968,3146968,782,6201241402983086,6201241406983280
"HSA_CORE_API","hsa_signal_wait_scacquire",3146968,3146968,783,6201241406983770,6201241410983965
"HSA_CORE_API","hsa_signal_wait_scacquire",3146968,3146968,784,6201241410984445,6201241414984639
"HSA_CORE_API","hsa_signal_wait_scacquire",3146968,3146968,785,6201241414985329,6201241418985523
"HSA_CORE_API","hsa_signal_wait_scacquire",3146968,3146968,786,6201241418986393,6201241422986597
"HSA_CORE_API","hsa_signal_wait_scacquire",3146968,3146968,787,6201241422987257,6201241426987461
"HSA_CORE_API","hsa_signal_wait_scacquire",3146968,3146968,788,6201241426987941,6201241430988136
"HSA_CORE_API","hsa_signal_wait_scacquire",3146968,3146968,789,6201241430988616,6201241434988820
"HSA_CORE_API","hsa_signal_wait_scacquire",3146968,3146968,790,6201241434989970,6201241438990174
"HSA_CORE_API","hsa_signal_wait_scacquire",3146968,3146968,791,6201241438990724,6201241442990938
"HSA_CORE_API","hsa_signal_wait_scacquire",3146968,3146968,792,6201241442991418,6201241446991612
"HSA_CORE_API","hsa_signal_wait_scacquire",3146968,3146968,793,6201241446992092,6201241450992297
"HSA_CORE_API","hsa_signal_wait_scacquire",3146968,3146968,794,6201241450992777,6201241454992981
"HSA_CORE_API","hsa_signal_wait_scacquire",3146968,3146968,795,6201241454993461,6201241458993665
"HSA_CORE_API","hsa_signal_wait_scacquire",3146968,3146968,796,6201241458994145,6201241462994349
"HSA_CORE_API","hsa_signal_wait_scacquire",3146968,3146968,797,6201241462994839,6201241466995033
"HSA_CORE_API","hsa_signal_wait_scacquire",3146968,3146968,798,6201241466995523,6201241470995718
"HSA_CORE_API","hsa_signal_wait_scacquire",3146968,3146968,799,6201241470996198,6201241474996402
"HSA_CORE_API","hsa_signal_wait_scacquire",3146968,3146968,800,6201241474996892,6201241478997086
"HSA_CORE_API","hsa_signal_wait_scacquire",3146968,3146968,801,6201241478997386,6201241482997580
"HSA_CORE_API","hsa_signal_wait_scacquire",3146968,3146968,802,6201241482998070,6201241486998274
"HSA_CORE_API","hsa_signal_wait_scacquire",3146968,3146968,803,6201241486999154,6201241490999348
"HSA_CORE_API","hsa_signal_wait_scacquire",3146968,3146968,804,6201241490999828,6201241495002323
"HSA_CORE_API","hsa_signal_wait_scacquire",3146968,3146968,805,6201241495002653,6201241499004867
"HSA_CORE_API","hsa_signal_wait_scacquire",3146968,3146968,806,6201241499005167,6201241503005371
"HSA_CORE_API","hsa_signal_wait_scacquire",3146968,3146968,807,6201241503005851,6201241507006055
"HSA_CORE_API","hsa_signal_wait_scacquire",3146968,3146968,808,6201241507006535,6201241511006729
"HSA_CORE_API","hsa_signal_wait_scacquire",3146968,3146968,809,6201241511007209,6201241515007414
"HSA_CORE_API","hsa_signal_wait_scacquire",3146968,3146968,810,6201241515007894,6201241519008088
"HSA_CORE_API","hsa_signal_wait_scacquire",3146968,3146968,811,6201241519008578,6201241523008772
"HSA_CORE_API","hsa_signal_wait_scacquire",3146968,3146968,812,6201241523009262,6201241527009456
"HSA_CORE_API","hsa_signal_wait_scacquire",3146968,3146968,813,6201241527009946,6201241531010140
"HSA_CORE_API","hsa_signal_wait_scacquire",3146968,3146968,814,6201241531010630,6201241535010825
"HSA_CORE_API","hsa_signal_wait_scacquire",3146968,3146968,815,6201241535011305,6201241539011509
"HSA_CORE_API","hsa_signal_wait_scacquire",3146968,3146968,816,6201241539011999,6201241543012193
"HSA_CORE_API","hsa_signal_wait_scacquire",3146968,3146968,817,6201241543012483,6201241547012687
"HSA_CORE_API","hsa_signal_wait_scacquire",3146968,3146968,818,6201241547013177,6201241551013381
"HSA_CORE_API","hsa_signal_wait_scacquire",3146968,3146968,819,6201241551013861,6201241555014056
"HSA_CORE_API","hsa_signal_wait_scacquire",3146968,3146968,820,6201241555014546,6201241559014740
"HSA_CORE_API","hsa_signal_wait_scacquire",3146968,3146968,821,6201241559015230,6201241563015424
"HSA_CORE_API","hsa_signal_wait_scacquire",3146968,3146968,822,6201241563015914,6201241567016108
"HSA_CORE_API","hsa_signal_wait_scacquire",3146968,3146968,823,6201241567016688,6201241571016882
"HSA_CORE_API","hsa_signal_wait_scacquire",3146968,3146968,824,6201241571017362,6201241575017556
"HSA_CORE_API","hsa_signal_wait_scacquire",3146968,3146968,825,6201241575018376,6201241579018571
"HSA_CORE_API","hsa_signal_wait_scacquire",3146968,3146968,826,6201241579019051,6201241583019245
"HSA_CORE_API","hsa_signal_wait_scacquire",3146968,3146968,827,6201241583019735,6201241587019929
"HSA_CORE_API","hsa_signal_wait_scacquire",3146968,3146968,828,6201241587020419,6201241591020613
"HSA_CORE_API","hsa_signal_wait_scacquire",3146968,3146968,829,6201241591021103,6201241595021317
"HSA_CORE_API","hsa_signal_wait_scacquire",3146968,3146968,830,6201241595021797,6201241599022042
"HSA_CORE_API","hsa_signal_wait_scacquire",3146968,3146968,831,6201241599022362,6201241603022576
"HSA_CORE_API","hsa_signal_wait_scacquire",3146968,3146968,832,6201241603022886,6201241607023080
"HSA_CORE_API","hsa_signal_wait_scacquire",3146968,3146968,833,6201241607023900,6201241611024094
"HSA_CORE_API","hsa_signal_wait_scacquire",3146968,3146968,834,6201241611027984,6201241615028178
"HSA_CORE_API","hsa_signal_wait_scacquire",3146968,3146968,835,6201241615028478,6201241619028673
"HSA_CORE_API","hsa_signal_wait_scacquire",3146968,3146968,836,6201241619029173,6201241623029377
"HSA_CORE_API","hsa_signal_wait_scacquire",3146968,3146968,837,6201241623029787,6201241627029981
"HSA_CORE_API","hsa_signal_wait_scacquire",3146968,3146968,838,6201241627030281,6201241631030485
"HSA_CORE_API","hsa_signal_wait_scacquire",3146968,3146968,839,6201241631030975,6201241635031189
"HSA_CORE_API","hsa_signal_wait_scacquire",3146968,3146968,840,6201241635031699,6201241639031894
"HSA_CORE_API","hsa_signal_wait_scacquire",3146968,3146968,841,6201241639032284,6201241643032478
"HSA_CORE_API","hsa_signal_wait_scacquire",3146968,3146968,842,6201241643032968,6201241647033172
"HSA_CORE_API","hsa_signal_wait_scacquire",3146968,3146968,843,6201241647033662,6201241651033856
"HSA_CORE_API","hsa_signal_wait_scacquire",3146968,3146968,844,6201241651034356,6201241655034560
"HSA_CORE_API","hsa_signal_wait_scacquire",3146968,3146968,845,6201241655035040,6201241659035244
"HSA_CORE_API","hsa_signal_wait_scacquire",3146968,3146968,846,6201241659035734,6201241663035929
"HSA_CORE_API","hsa_signal_wait_scacquire",3146968,3146968,847,6201241663036419,6201241667036623
"HSA_CORE_API","hsa_signal_wait_scacquire",3146968,3146968,848,6201241667037233,6201241671037427
"HSA_CORE_API","hsa_signal_wait_scacquire",3146968,3146968,849,6201241671037907,6201241675038111
"HSA_CORE_API","hsa_signal_wait_scacquire",3146968,3146968,850,6201241675038591,6201241679038795
"HSA_CORE_API","hsa_signal_wait_scacquire",3146968,3146968,851,6201241679039275,6201241683039480
"HSA_CORE_API","hsa_signal_wait_scacquire",3146968,3146968,852,6201241683039950,6201241687040154
"HSA_CORE_API","hsa_signal_wait_scacquire",3146968,3146968,853,6201241687040454,6201241691040668
"HSA_CORE_API","hsa_signal_wait_scacquire",3146968,3146968,854,6201241691041148,6201241695041342
"HSA_CORE_API","hsa_signal_wait_scacquire",3146968,3146968,855,6201241695041832,6201241699042036
"HSA_CORE_API","hsa_signal_wait_scacquire",3146968,3146968,856,6201241699042336,6201241703042541
"HSA_CORE_API","hsa_signal_wait_scacquire",3146968,3146968,857,6201241703042841,6201241707043035
"HSA_CORE_API","hsa_signal_wait_scacquire",3146968,3146968,858,6201241707043515,6201241711043719
"HSA_CORE_API","hsa_signal_wait_scacquire",3146968,3146968,859,6201241711044199,6201241715044393
"HSA_CORE_API","hsa_signal_wait_scacquire",3146968,3146968,860,6201241715044873,6201241719045077
"HSA_CORE_API","hsa_signal_wait_scacquire",3146968,3146968,861,6201241719045557,6201241723045752
"HSA_CORE_API","hsa_signal_wait_scacquire",3146968,3146968,862,6201241723046232,6201241727046436
"HSA_CORE_API","hsa_signal_wait_scacquire",3146968,3146968,863,6201241727046926,6201241731047120
"HSA_CORE_API","hsa_signal_wait_scacquire",3146968,3146968,864,6201241731047420,6201241735047614
"HSA_CORE_API","hsa_signal_wait_scacquire",3146968,3146968,865,6201241735048094,6201241739048298
"HSA_CORE_API","hsa_signal_wait_scacquire",3146968,3146968,866,6201241739048778,6201241743048983
"HSA_CORE_API","hsa_signal_wait_scacquire",3146968,3146968,867,6201241743049463,6201241747049667
"HSA_CORE_API","hsa_signal_wait_scacquire",3146968,3146968,868,6201241747050147,6201241751050351
"HSA_CORE_API","hsa_signal_wait_scacquire",3146968,3146968,869,6201241751050831,6201241755051035
"HSA_CORE_API","hsa_signal_wait_scacquire",3146968,3146968,870,6201241755051515,6201241759053109
"HSA_CORE_API","hsa_signal_wait_scacquire",3146968,3146968,871,6201241759061869,6201241763062733
"HSA_CORE_API","hsa_signal_wait_scacquire",3146968,3146968,872,6201241763063033,6201241767063227
"HSA_CORE_API","hsa_signal_wait_scacquire",3146968,3146968,873,6201241767063717,6201241771063912
"HSA_CORE_API","hsa_signal_wait_scacquire",3146968,3146968,874,6201241771064392,6201241775064596
"HSA_CORE_API","hsa_signal_wait_scacquire",3146968,3146968,875,6201241775065076,6201241779065270
"HSA_CORE_API","hsa_signal_wait_scacquire",3146968,3146968,876,6201241779065760,6201241783065954
"HSA_CORE_API","hsa_signal_wait_scacquire",3146968,3146968,877,6201241783066434,6201241787066648
"HSA_CORE_API","hsa_signal_wait_scacquire",3146968,3146968,878,6201241787067128,6201241791067332
"HSA_CORE_API","hsa_signal_wait_scacquire",3146968,3146968,879,6201241791067812,6201241795068007
"HSA_CORE_API","hsa_signal_wait_scacquire",3146968,3146968,880,6201241795068317,6201241799068511
"HSA_CORE_API","hsa_signal_wait_scacquire",3146968,3146968,881,6201241799068821,6201241803069015
"HSA_CORE_API","hsa_signal_wait_scacquire",3146968,3146968,882,6201241803069305,6201241807069509
"HSA_CORE_API","hsa_signal_wait_scacquire",3146968,3146968,883,6201241807069999,6201241811070193
"HSA_CORE_API","hsa_signal_wait_scacquire",3146968,3146968,884,6201241811070673,6201241815070878
"HSA_CORE_API","hsa_signal_wait_scacquire",3146968,3146968,885,6201241815071368,6201241819071572
"HSA_CORE_API","hsa_signal_wait_scacquire",3146968,3146968,886,6201241819072052,6201241823072246
"HSA_CORE_API","hsa_signal_wait_scacquire",3146968,3146968,887,6201241823072726,6201241827072920
"HSA_CORE_API","hsa_signal_wait_scacquire",3146968,3146968,888,6201241827073410,6201241831073604
"HSA_CORE_API","hsa_signal_wait_scacquire",3146968,3146968,889,6201241831074094,6201241835074289
"HSA_CORE_API","hsa_signal_wait_scacquire",3146968,3146968,890,6201241835074778,6201241839074973
"HSA_CORE_API","hsa_signal_wait_scacquire",3146968,3146968,891,6201241839075453,6201241843075657
"HSA_CORE_API","hsa_signal_wait_scacquire",3146968,3146968,892,6201241843076137,6201241847076331
"HSA_CORE_API","hsa_signal_wait_scacquire",3146968,3146968,893,6201241847076821,6201241851077015
"HSA_CORE_API","hsa_signal_wait_scacquire",3146968,3146968,894,6201241851077505,6201241855077699
"HSA_CORE_API","hsa_signal_wait_scacquire",3146968,3146968,895,6201241855078279,6201241859078474
"HSA_CORE_API","hsa_signal_wait_scacquire",3146968,3146968,896,6201241859078774,6201241863078978
"HSA_CORE_API","hsa_signal_wait_scacquire",3146968,3146968,897,6201241863079708,6201241867079902
"HSA_CORE_API","hsa_signal_wait_scacquire",3146968,3146968,898,6201241867081792,6201241871081996
"HSA_CORE_API","hsa_signal_wait_scacquire",3146968,3146968,899,6201241871082296,6201241875082500
"HSA_CORE_API","hsa_signal_wait_scacquire",3146968,3146968,900,6201241875082980,6201241879083175
"HSA_CORE_API","hsa_signal_wait_scacquire",3146968,3146968,901,6201241879083665,6201241883083859
"HSA_CORE_API","hsa_signal_wait_scacquire",3146968,3146968,902,6201241883084349,6201241887084553
"HSA_CORE_API","hsa_signal_wait_scacquire",3146968,3146968,903,6201241887085033,6201241891085227
"HSA_CORE_API","hsa_signal_wait_scacquire",3146968,3146968,904,6201241891085707,6201241895085911
"HSA_CORE_API","hsa_signal_wait_scacquire",3146968,3146968,905,6201241895087101,6201241899087316
"HSA_CORE_API","hsa_signal_wait_scacquire",3146968,3146968,906,6201241899087716,6201241903087920
"HSA_CORE_API","hsa_signal_wait_scacquire",3146968,3146968,907,6201241903088210,6201241907088404
"HSA_CORE_API","hsa_signal_wait_scacquire",3146968,3146968,908,6201241907088884,6201241911089078
"HSA_CORE_API","hsa_signal_wait_scacquire",3146968,3146968,909,6201241911089688,6201241915089882
"HSA_CORE_API","hsa_signal_wait_scacquire",3146968,3146968,910,6201241915090462,6201241919090667
"HSA_CORE_API","hsa_signal_wait_scacquire",3146968,3146968,911,6201241919091156,6201241923091361
"HSA_CORE_API","hsa_signal_wait_scacquire",3146968,3146968,912,6201241923091841,6201241927092045
"HSA_CORE_API","hsa_signal_wait_scacquire",3146968,3146968,913,6201241927092535,6201241931092739
"HSA_CORE_API","hsa_signal_wait_scacquire",3146968,3146968,914,6201241931093219,6201241935093413
"HSA_CORE_API","hsa_signal_wait_scacquire",3146968,3146968,915,6201241935093713,6201241939093907
"HSA_CORE_API","hsa_signal_wait_scacquire",3146968,3146968,916,6201241939094397,6201241943094592
"HSA_CORE_API","hsa_signal_wait_scacquire",3146968,3146968,917,6201241943095082,6201241947095276
"HSA_CORE_API","hsa_signal_wait_scacquire",3146968,3146968,918,6201241947095766,6201241951095780
"HSA_CORE_API","hsa_signal_wait_scacquire",3146968,3146968,919,6201241951096270,6201241955096474
"HSA_CORE_API","hsa_signal_wait_scacquire",3146968,3146968,920,6201241955096954,6201241959097158
"HSA_CORE_API","hsa_signal_wait_scacquire",3146968,3146968,921,6201241959097648,6201241963097843
"HSA_CORE_API","hsa_signal_wait_scacquire",3146968,3146968,922,6201241963098323,6201241967098527
"HSA_CORE_API","hsa_signal_wait_scacquire",3146968,3146968,923,6201241967099007,6201241971099211
"HSA_CORE_API","hsa_signal_wait_scacquire",3146968,3146968,924,6201241971099701,6201241975099895
"HSA_CORE_API","hsa_signal_wait_scacquire",3146968,3146968,925,6201241975100385,6201241979100579
"HSA_CORE_API","hsa_signal_wait_scacquire",3146968,3146968,926,6201241979101069,6201241983101263
"HSA_CORE_API","hsa_signal_wait_scacquire",3146968,3146968,927,6201241983101743,6201241987101948
"HSA_CORE_API","hsa_signal_wait_scacquire",3146968,3146968,928,6201241987102628,6201241991102842
"HSA_CORE_API","hsa_signal_wait_scacquire",3146968,3146968,929,6201241991103322,6201241995103516
"HSA_CORE_API","hsa_signal_wait_scacquire",3146968,3146968,930,6201241995104006,6201241999104210
"HSA_CORE_API","hsa_signal_wait_scacquire",3146968,3146968,931,6201241999104520,6201242003104624
"HSA_CORE_API","hsa_signal_wait_scacquire",3146968,3146968,932,6201242003105004,6201242007105199
"HSA_CORE_API","hsa_signal_wait_scacquire",3146968,3146968,933,6201242007105679,6201242011105873
"HSA_CORE_API","hsa_signal_wait_scacquire",3146968,3146968,934,6201242011106363,6201242015106557
"HSA_CORE_API","hsa_signal_wait_scacquire",3146968,3146968,935,6201242015107037,6201242019107231
"HSA_CORE_API","hsa_signal_wait_scacquire",3146968,3146968,936,6201242019107711,6201242023107915
"HSA_CORE_API","hsa_signal_wait_scacquire",3146968,3146968,937,6201242023108395,6201242027108599
"HSA_CORE_API","hsa_signal_wait_scacquire",3146968,3146968,938,6201242027109079,6201242031109274
"HSA_CORE_API","hsa_signal_wait_scacquire",3146968,3146968,939,6201242031109754,6201242035109948
"HSA_CORE_API","hsa_signal_wait_scacquire",3146968,3146968,940,6201242035110428,6201242039110632
"HSA_CORE_API","hsa_signal_wait_scacquire",3146968,3146968,941,6201242039111112,6201242043111306
"HSA_CORE_API","hsa_signal_wait_scacquire",3146968,3146968,942,6201242043111796,6201242047111990
"HSA_CORE_API","hsa_signal_wait_scacquire",3146968,3146968,943,6201242047112460,6201242051112665
"HSA_CORE_API","hsa_signal_wait_scacquire",3146968,3146968,944,6201242051113145,6201242055113369
"HSA_CORE_API","hsa_signal_wait_scacquire",3146968,3146968,945,6201242055113859,6201242059114053
"HSA_CORE_API","hsa_signal_wait_scacquire",3146968,3146968,946,6201242059114533,6201242063114737
"HSA_CORE_API","hsa_signal_wait_scacquire",3146968,3146968,947,6201242063115767,6201242067115961
"HSA_CORE_API","hsa_signal_wait_scacquire",3146968,3146968,948,6201242067116441,6201242071116675
"HSA_CORE_API","hsa_signal_wait_scacquire",3146968,3146968,949,6201242071116995,6201242075117200
"HSA_CORE_API","hsa_signal_wait_scacquire",3146968,3146968,950,6201242075117490,6201242079117694
"HSA_CORE_API","hsa_signal_wait_scacquire",3146968,3146968,951,6201242079118184,6201242083118388
"HSA_CORE_API","hsa_signal_wait_scacquire",3146968,3146968,952,6201242083118868,6201242087119062
"HSA_CORE_API","hsa_signal_wait_scacquire",3146968,3146968,953,6201242087119552,6201242091119746
"HSA_CORE_API","hsa_signal_wait_scacquire",3146968,3146968,954,6201242091120236,6201242095120431
"HSA_CORE_API","hsa_signal_wait_scacquire",3146968,3146968,955,6201242095120911,6201242099121115
"HSA_CORE_API","hsa_signal_wait_scacquire",3146968,3146968,956,6201242099121415,6201242103121609
"HSA_CORE_API","hsa_signal_wait_scacquire",3146968,3146968,957,6201242103121899,6201242107122103
"HSA_CORE_API","hsa_signal_wait_scacquire",3146968,3146968,958,6201242107122583,6201242111122797
"HSA_CORE_API","hsa_signal_wait_scacquire",3146968,3146968,959,6201242111123277,6201242115123472
"HSA_CORE_API","hsa_signal_wait_scacquire",3146968,3146968,960,6201242115124042,6201242119124246
"HSA_CORE_API","hsa_signal_wait_scacquire",3146968,3146968,961,6201242119154285,6201242123154479
"HSA_CORE_API","hsa_signal_wait_scacquire",3146968,3146968,962,6201242123156149,6201242127156343
"HSA_CORE_API","hsa_signal_wait_scacquire",3146968,3146968,963,6201242127156643,6201242131156858
"HSA_CORE_API","hsa_signal_wait_scacquire",3146968,3146968,964,6201242131157338,6201242135157532
"HSA_CORE_API","hsa_signal_wait_scacquire",3146968,3146968,965,6201242135158012,6201242139158206
"HSA_CORE_API","hsa_signal_wait_scacquire",3146968,3146968,966,6201242139158686,6201242143158880
"HSA_CORE_API","hsa_signal_wait_scacquire",3146968,3146968,967,6201242143159360,6201242147159554
"HSA_CORE_API","hsa_signal_wait_scacquire",3146968,3146968,968,6201242147160514,6201242151160709
"HSA_CORE_API","hsa_signal_wait_scacquire",3146968,3146968,969,6201242151161069,6201242155161273
"HSA_CORE_API","hsa_signal_wait_scacquire",3146968,3146968,970,6201242155161753,6201242159161957
"HSA_CORE_API","hsa_signal_wait_scacquire",3146968,3146968,971,6201242159162607,6201242163162801
"HSA_CORE_API","hsa_signal_wait_scacquire",3146968,3146968,972,6201242163163371,6201242167163565
"HSA_CORE_API","hsa_signal_wait_scacquire",3146968,3146968,973,6201242167164055,6201242171164249
"HSA_CORE_API","hsa_signal_wait_scacquire",3146968,3146968,974,6201242171164739,6201242175164934
"HSA_CORE_API","hsa_signal_wait_scacquire",3146968,3146968,975,6201242175165424,6201242179165648
"HSA_CORE_API","hsa_signal_wait_scacquire",3146968,3146968,976,6201242179166138,6201242183166342
"HSA_CORE_API","hsa_signal_wait_scacquire",3146968,3146968,977,6201242183166822,6201242187167016
"HSA_CORE_API","hsa_signal_wait_scacquire",3146968,3146968,978,6201242187167496,6201242191167700
"HSA_CORE_API","hsa_signal_wait_scacquire",3146968,3146968,979,6201242191167990,6201242195168185
"HSA_CORE_API","hsa_signal_wait_scacquire",3146968,3146968,980,6201242195168675,6201242199168869
"HSA_CORE_API","hsa_signal_wait_scacquire",3146968,3146968,981,6201242199169169,6201242203169393
"HSA_CORE_API","hsa_signal_wait_scacquire",3146968,3146968,982,6201242203169693,6201242207169897
"HSA_CORE_API","hsa_signal_wait_scacquire",3146968,3146968,983,6201242207170377,6201242211170572
"HSA_CORE_API","hsa_signal_wait_scacquire",3146968,3146968,984,6201242211171052,6201242215171256
"HSA_CORE_API","hsa_signal_wait_scacquire",3146968,3146968,985,6201242215171746,6201242219171940
"HSA_CORE_API","hsa_signal_wait_scacquire",3146968,3146968,986,6201242219172420,6201242223172624
"HSA_CORE_API","hsa_signal_wait_scacquire",3146968,3146968,987,6201242223173104,6201242227173298
"HSA_CORE_API","hsa_signal_wait_scacquire",3146968,3146968,988,6201242227173778,6201242231173982
"HSA_CORE_API","hsa_signal_wait_scacquire",3146968,3146968,989,6201242231174462,6201242235174657
"HSA_CORE_API","hsa_signal_wait_scacquire",3146968,3146968,990,6201242235175137,6201242239175341
"HSA_CORE_API","hsa_signal_wait_scacquire",3146968,3146968,991,6201242239175821,6201242243176015
"HSA_CORE_API","hsa_signal_wait_scacquire",3146968,3146968,992,6201242243176495,6201242247176689
"HSA_CORE_API","hsa_signal_wait_scacquire",3146968,3146968,993,6201242247177169,6201242251177373
"HSA_CORE_API","hsa_signal_wait_scacquire",3146968,3146968,994,6201242251177663,6201242255177858
"HSA_CORE_API","hsa_signal_wait_scacquire",3146968,3146968,995,6201242255178338,6201242259178532
"HSA_CORE_API","hsa_signal_wait_scacquire",3146968,3146968,996,6201242259179022,6201242263179216
"HSA_CORE_API","hsa_signal_wait_scacquire",3146968,3146968,997,6201242263179526,6201242267179720
"HSA_CORE_API","hsa_signal_wait_scacquire",3146968,3146968,998,6201242267180020,6201242271180214
"HSA_CORE_API","hsa_signal_wait_scacquire",3146968,3146968,999,6201242271180694,6201242275180899
"HSA_CORE_API","hsa_signal_wait_scacquire",3146968,3146968,1000,6201242275181378,6201242279181573
"HSA_CORE_API","hsa_signal_wait_scacquire",3146968,3146968,1001,6201242279182053,6201242283182257
"HSA_CORE_API","hsa_signal_wait_scacquire",3146968,3146968,1002,6201242283182737,6201242287182941
"HSA_CORE_API","hsa_signal_wait_scacquire",3146968,3146968,1003,6201242287183421,6201242291183615
"HSA_CORE_API","hsa_signal_wait_scacquire",3146968,3146968,1004,6201242291184095,6201242295184289
"HSA_CORE_API","hsa_signal_wait_scacquire",3146968,3146968,1005,6201242295184769,6201242299184994
"HSA_CORE_API","hsa_signal_wait_scacquire",3146968,3146968,1006,6201242299185304,6201242303185508
"HSA_CORE_API","hsa_signal_wait_scacquire",3146968,3146968,1007,6201242303185808,6201242307186002
"HSA_CORE_API","hsa_signal_wait_scacquire",3146968,3146968,1008,6201242307186482,6201242311186676
"HSA_CORE_API","hsa_signal_wait_scacquire",3146968,3146968,1009,6201242311187156,6201242315187260
"HSA_CORE_API","hsa_signal_wait_scacquire",3146968,3146968,1010,6201242315187750,6201242319187945
"HSA_CORE_API","hsa_signal_wait_scacquire",3146968,3146968,1011,6201242319188515,6201242323188709
"HSA_CORE_API","hsa_signal_wait_scacquire",3146968,3146968,1012,6201242323189189,6201242327189383
"HSA_CORE_API","hsa_signal_wait_scacquire",3146968,3146968,1013,6201242327189863,6201242331190057
"HSA_CORE_API","hsa_signal_wait_scacquire",3146968,3146968,1014,6201242331190537,6201242335190731
"HSA_CORE_API","hsa_signal_wait_scacquire",3146968,3146968,1015,6201242335191211,6201242339191415
"HSA_CORE_API","hsa_signal_wait_scacquire",3146968,3146968,1016,6201242339191895,6201242343192090
"HSA_CORE_API","hsa_signal_wait_scacquire",3146968,3146968,1017,6201242343192580,6201242347192774
"HSA_CORE_API","hsa_signal_wait_scacquire",3146968,3146968,1018,6201242347193254,6201242351193448
"HSA_CORE_API","hsa_signal_wait_scacquire",3146968,3146968,1019,6201242351193928,6201242355194132
"HSA_CORE_API","hsa_signal_wait_scacquire",3146968,3146968,1020,6201242355194612,6201242359194806
"HSA_CORE_API","hsa_signal_wait_scacquire",3146968,3146968,1021,6201242359195286,6201242363195491
"HSA_CORE_API","hsa_signal_wait_scacquire",3146968,3146968,1022,6201242363195971,6201242367196165
"HSA_CORE_API","hsa_signal_wait_scacquire",3146968,3146968,1023,6201242367196645,6201242371196839
"HSA_CORE_API","hsa_signal_wait_scacquire",3146968,3146968,1024,6201242371197319,6201242375197513
"HSA_CORE_API","hsa_signal_wait_scacquire",3146968,3146968,1025,6201242375199523,6201242379199727
"HSA_CORE_API","hsa_signal_wait_scacquire",3146968,3146968,1026,6201242379200837,6201242383201031
"HSA_CORE_API","hsa_signal_wait_scacquire",3146968,3146968,1027,6201242383201331,6201242387201526
"HSA_CORE_API","hsa_signal_wait_scacquire",3146968,3146968,1028,6201242387202006,6201242391202200
"HSA_CORE_API","hsa_signal_wait_scacquire",3146968,3146968,1029,6201242391202500,6201242395202704
"HSA_CORE_API","hsa_signal_wait_scacquire",3146968,3146968,1030,6201242395202994,6201242399203188
"HSA_CORE_API","hsa_signal_wait_scacquire",3146968,3146968,1031,6201242399203488,6201242403203692
"HSA_CORE_API","hsa_signal_wait_scacquire",3146968,3146968,1032,6201242403203992,6201242407204187
"HSA_CORE_API","hsa_signal_wait_scacquire",3146968,3146968,1033,6201242407204677,6201242411204881
"HSA_CORE_API","hsa_signal_wait_scacquire",3146968,3146968,1034,6201242411205361,6201242415205555
"HSA_CORE_API","hsa_signal_wait_scacquire",3146968,3146968,1035,6201242415206035,6201242419206229
"HSA_CORE_API","hsa_signal_wait_scacquire",3146968,3146968,1036,6201242419206709,6201242423206903
"HSA_CORE_API","hsa_signal_wait_scacquire",3146968,3146968,1037,6201242423207203,6201242427207398
"HSA_CORE_API","hsa_signal_wait_scacquire",3146968,3146968,1038,6201242427207878,6201242431208082
"HSA_CORE_API","hsa_signal_wait_scacquire",3146968,3146968,1039,6201242431208572,6201242435208766
"HSA_CORE_API","hsa_signal_wait_scacquire",3146968,3146968,1040,6201242435209246,6201242439209440
"HSA_CORE_API","hsa_signal_wait_scacquire",3146968,3146968,1041,6201242439209920,6201242443210114
"HSA_CORE_API","hsa_signal_wait_scacquire",3146968,3146968,1042,6201242443210594,6201242447210789
"HSA_CORE_API","hsa_signal_wait_scacquire",3146968,3146968,1043,6201242447211979,6201242451212173
"HSA_CORE_API","hsa_signal_wait_scacquire",3146968,3146968,1044,6201242451212463,6201242455212657
"HSA_CORE_API","hsa_signal_wait_scacquire",3146968,3146968,1045,6201242455213227,6201242459213431
"HSA_CORE_API","hsa_signal_wait_scacquire",3146968,3146968,1046,6201242459213731,6201242463213925
"HSA_CORE_API","hsa_signal_wait_scacquire",3146968,3146968,1047,6201242463214405,6201242467214609
"HSA_CORE_API","hsa_signal_wait_scacquire",3146968,3146968,1048,6201242467215189,6201242471215384
"HSA_CORE_API","hsa_signal_wait_scacquire",3146968,3146968,1049,6201242471215874,6201242475216068
"HSA_CORE_API","hsa_signal_wait_scacquire",3146968,3146968,1050,6201242475216548,6201242479216562
"HSA_CORE_API","hsa_signal_wait_scacquire",3146968,3146968,1051,6201242479217052,6201242483217246
"HSA_CORE_API","hsa_signal_wait_scacquire",3146968,3146968,1052,6201242483217736,6201242487217940
"HSA_CORE_API","hsa_signal_wait_scacquire",3146968,3146968,1053,6201242487218800,6201242491218995
"HSA_CORE_API","hsa_signal_wait_scacquire",3146968,3146968,1054,6201242491219655,6201242495219859
"HSA_CORE_API","hsa_signal_wait_scacquire",3146968,3146968,1055,6201242495220349,6201242499220543
"HSA_CORE_API","hsa_signal_wait_scacquire",3146968,3146968,1056,6201242499220853,6201242503221057
"HSA_CORE_API","hsa_signal_wait_scacquire",3146968,3146968,1057,6201242503221347,6201242507221541
"HSA_CORE_API","hsa_signal_wait_scacquire",3146968,3146968,1058,6201242507222031,6201242511222226
"HSA_CORE_API","hsa_signal_wait_scacquire",3146968,3146968,1059,6201242511222716,6201242515222910
"HSA_CORE_API","hsa_signal_wait_scacquire",3146968,3146968,1060,6201242515223390,6201242519223584
"HSA_CORE_API","hsa_signal_wait_scacquire",3146968,3146968,1061,6201242519223894,6201242523224088
"HSA_CORE_API","hsa_signal_wait_scacquire",3146968,3146968,1062,6201242523224388,6201242527224582
"HSA_CORE_API","hsa_signal_wait_scacquire",3146968,3146968,1063,6201242527225062,6201242531225266
"HSA_CORE_API","hsa_signal_wait_scacquire",3146968,3146968,1064,6201242531225846,6201242535226041
"HSA_CORE_API","hsa_signal_wait_scacquire",3146968,3146968,1065,6201242535226531,6201242539226725
"HSA_CORE_API","hsa_signal_wait_scacquire",3146968,3146968,1066,6201242539227205,6201242543227399
"HSA_CORE_API","hsa_signal_wait_scacquire",3146968,3146968,1067,6201242543227979,6201242547228173
"HSA_CORE_API","hsa_signal_wait_scacquire",3146968,3146968,1068,6201242547228663,6201242551228857
"HSA_CORE_API","hsa_signal_wait_scacquire",3146968,3146968,1069,6201242551229337,6201242555229542
"HSA_CORE_API","hsa_signal_wait_scacquire",3146968,3146968,1070,6201242555229832,6201242559230036
"HSA_CORE_API","hsa_signal_wait_scacquire",3146968,3146968,1071,6201242559230526,6201242563230720
"HSA_CORE_API","hsa_signal_wait_scacquire",3146968,3146968,1072,6201242563231210,6201242567231404
"HSA_CORE_API","hsa_signal_wait_scacquire",3146968,3146968,1073,6201242567231944,6201242571232138
"HSA_CORE_API","hsa_signal_wait_scacquire",3146968,3146968,1074,6201242571232768,6201242575232972
"HSA_CORE_API","hsa_signal_wait_scacquire",3146968,3146968,1075,6201242575233462,6201242579233657
"HSA_CORE_API","hsa_signal_wait_scacquire",3146968,3146968,1076,6201242579234147,6201242583234351
"HSA_CORE_API","hsa_signal_wait_scacquire",3146968,3146968,1077,6201242583234641,6201242587234845
"HSA_CORE_API","hsa_signal_wait_scacquire",3146968,3146968,1078,6201242587235335,6201242591235529
"HSA_CORE_API","hsa_signal_wait_scacquire",3146968,3146968,1079,6201242591236019,6201242595236213
"HSA_CORE_API","hsa_signal_wait_scacquire",3146968,3146968,1080,6201242595236693,6201242599236898
"HSA_CORE_API","hsa_signal_wait_scacquire",3146968,3146968,1081,6201242599237198,6201242603237392
"HSA_CORE_API","hsa_signal_wait_scacquire",3146968,3146968,1082,6201242603237692,6201242607237886
"HSA_CORE_API","hsa_signal_wait_scacquire",3146968,3146968,1083,6201242607238366,6201242611238560
"HSA_CORE_API","hsa_signal_wait_scacquire",3146968,3146968,1084,6201242611239050,6201242615239244
"HSA_CORE_API","hsa_signal_wait_scacquire",3146968,3146968,1085,6201242615239724,6201242619239928
"HSA_CORE_API","hsa_signal_wait_scacquire",3146968,3146968,1086,6201242619240418,6201242623240613
"HSA_CORE_API","hsa_signal_wait_scacquire",3146968,3146968,1087,6201242623241093,6201242627241287
"HSA_CORE_API","hsa_signal_wait_scacquire",3146968,3146968,1088,6201242627241777,6201242631241971
"HSA_CORE_API","hsa_signal_wait_scacquire",3146968,3146968,1089,6201242631242581,6201242635242785
"HSA_CORE_API","hsa_signal_wait_scacquire",3146968,3146968,1090,6201242635245415,6201242639245609
"HSA_CORE_API","hsa_signal_wait_scacquire",3146968,3146968,1091,6201242639245899,6201242643246094
"HSA_CORE_API","hsa_signal_wait_scacquire",3146968,3146968,1092,6201242643246574,6201242647246768
"HSA_CORE_API","hsa_signal_wait_scacquire",3146968,3146968,1093,6201242647247068,6201242651247282
"HSA_CORE_API","hsa_signal_wait_scacquire",3146968,3146968,1094,6201242651247562,6201242655247766
"HSA_CORE_API","hsa_signal_wait_scacquire",3146968,3146968,1095,6201242655248246,6201242659248440
"HSA_CORE_API","hsa_signal_wait_scacquire",3146968,3146968,1096,6201242659248920,6201242663249115
"HSA_CORE_API","hsa_signal_wait_scacquire",3146968,3146968,1097,6201242663249605,6201242667249799
"HSA_CORE_API","hsa_signal_wait_scacquire",3146968,3146968,1098,6201242667250099,6201242671250293
"HSA_CORE_API","hsa_signal_wait_scacquire",3146968,3146968,1099,6201242671250773,6201242675250977
"HSA_CORE_API","hsa_signal_wait_scacquire",3146968,3146968,1100,6201242675251457,6201242679251651
"HSA_CORE_API","hsa_signal_wait_scacquire",3146968,3146968,1101,6201242679252131,6201242683252335
"HSA_CORE_API","hsa_signal_wait_scacquire",3146968,3146968,1102,6201242683252805,6201242687253010
"HSA_CORE_API","hsa_signal_wait_scacquire",3146968,3146968,1103,6201242687253500,6201242691253694
"HSA_CORE_API","hsa_signal_wait_scacquire",3146968,3146968,1104,6201242691254184,6201242695254378
"HSA_CORE_API","hsa_signal_wait_scacquire",3146968,3146968,1105,6201242695254858,6201242699255052
"HSA_CORE_API","hsa_signal_wait_scacquire",3146968,3146968,1106,6201242699255362,6201242703255556
"HSA_CORE_API","hsa_signal_wait_scacquire",3146968,3146968,1107,6201242703255846,6201242707256050
"HSA_CORE_API","hsa_signal_wait_scacquire",3146968,3146968,1108,6201242707256530,6201242711256725
"HSA_CORE_API","hsa_signal_wait_scacquire",3146968,3146968,1109,6201242711257025,6201242715257239
"HSA_CORE_API","hsa_signal_wait_scacquire",3146968,3146968,1110,6201242715257719,6201242719257913
"HSA_CORE_API","hsa_signal_wait_scacquire",3146968,3146968,1111,6201242719258393,6201242723258597
"HSA_CORE_API","hsa_signal_wait_scacquire",3146968,3146968,1112,6201242723259077,6201242727259281
"HSA_CORE_API","hsa_signal_wait_scacquire",3146968,3146968,1113,6201242727259761,6201242731259956
"HSA_CORE_API","hsa_signal_wait_scacquire",3146968,3146968,1114,6201242731260436,6201242735260630
"HSA_CORE_API","hsa_signal_wait_scacquire",3146968,3146968,1115,6201242735261110,6201242739261314
"HSA_CORE_API","hsa_signal_wait_scacquire",3146968,3146968,1116,6201242739261604,6201242743261798
"HSA_CORE_API","hsa_signal_wait_scacquire",3146968,3146968,1117,6201242743263938,6201242747264142
"HSA_CORE_API","hsa_signal_wait_scacquire",3146968,3146968,1118,6201242747264432,6201242751264626
"HSA_CORE_API","hsa_signal_wait_scacquire",3146968,3146968,1119,6201242751265116,6201242755265311
"HSA_CORE_API","hsa_signal_wait_scacquire",3146968,3146968,1120,6201242755265881,6201242759266085
"HSA_CORE_API","hsa_signal_wait_scacquire",3146968,3146968,1121,6201242759266565,6201242763266759
"HSA_CORE_API","hsa_signal_wait_scacquire",3146968,3146968,1122,6201242763267249,6201242767267443
"HSA_CORE_API","hsa_signal_wait_scacquire",3146968,3146968,1123,6201242767267923,6201242771268127
"HSA_CORE_API","hsa_signal_wait_scacquire",3146968,3146968,1124,6201242771268607,6201242775268802
"HSA_CORE_API","hsa_signal_wait_scacquire",3146968,3146968,1125,6201242775269292,6201242779269486
"HSA_CORE_API","hsa_signal_wait_scacquire",3146968,3146968,1126,6201242779269976,6201242783270170
"HSA_CORE_API","hsa_signal_wait_scacquire",3146968,3146968,1127,6201242783270650,6201242787270844
"HSA_CORE_API","hsa_signal_wait_scacquire",3146968,3146968,1128,6201242787271324,6201242791271518
"HSA_CORE_API","hsa_signal_wait_scacquire",3146968,3146968,1129,6201242791271998,6201242795272192
"HSA_CORE_API","hsa_signal_wait_scacquire",3146968,3146968,1130,6201242795272672,6201242799272877
"HSA_CORE_API","hsa_signal_wait_scacquire",3146968,3146968,1131,6201242799273177,6201242803273381
"HSA_CORE_API","hsa_signal_wait_scacquire",3146968,3146968,1132,6201242803273681,6201242807273885
"HSA_CORE_API","hsa_signal_wait_scacquire",3146968,3146968,1133,6201242807274355,6201242811274549
"HSA_CORE_API","hsa_signal_wait_scacquire",3146968,3146968,1134,6201242811275029,6201242815275233
"HSA_CORE_API","hsa_signal_wait_scacquire",3146968,3146968,1135,6201242815275713,6201242819275908
"HSA_CORE_API","hsa_signal_wait_scacquire",3146968,3146968,1136,6201242819276398,6201242823276592
"HSA_CORE_API","hsa_signal_wait_scacquire",3146968,3146968,1137,6201242823277072,6201242827277266
"HSA_CORE_API","hsa_signal_wait_scacquire",3146968,3146968,1138,6201242827277746,6201242831277940
"HSA_CORE_API","hsa_signal_wait_scacquire",3146968,3146968,1139,6201242831278420,6201242835278614
"HSA_CORE_API","hsa_signal_wait_scacquire",3146968,3146968,1140,6201242835279094,6201242839279318
"HSA_CORE_API","hsa_signal_wait_scacquire",3146968,3146968,1141,6201242839279638,6201242843279843
"HSA_CORE_API","hsa_signal_wait_scacquire",3146968,3146968,1142,6201242843280143,6201242847280347
"HSA_CORE_API","hsa_signal_wait_scacquire",3146968,3146968,1143,6201242847280827,6201242851281031
"HSA_CORE_API","hsa_signal_wait_scacquire",3146968,3146968,1144,6201242851281511,6201242855281715
"HSA_CORE_API","hsa_signal_wait_scacquire",3146968,3146968,1145,6201242855282195,6201242859282389
"HSA_CORE_API","hsa_signal_wait_scacquire",3146968,3146968,1146,6201242859282869,6201242863283074
"HSA_CORE_API","hsa_signal_wait_scacquire",3146968,3146968,1147,6201242863283554,6201242867283758
"HSA_CORE_API","hsa_signal_wait_scacquire",3146968,3146968,1148,6201242867284048,6201242871284252
"HSA_CORE_API","hsa_signal_wait_scacquire",3146968,3146968,1149,6201242871284722,6201242875284926
"HSA_CORE_API","hsa_signal_wait_scacquire",3146968,3146968,1150,6201242875285416,6201242879285610
"HSA_CORE_API","hsa_signal_wait_scacquire",3146968,3146968,1151,6201242879286090,6201242883286295
"HSA_CORE_API","hsa_signal_wait_scacquire",3146968,3146968,1152,6201242883286774,6201242887286969
"HSA_CORE_API","hsa_signal_wait_scacquire",3146968,3146968,1153,6201242887287589,6201242891287793
"HSA_CORE_API","hsa_signal_wait_scacquire",3146968,3146968,1154,6201242891291003,6201242895291197
"HSA_CORE_API","hsa_signal_wait_scacquire",3146968,3146968,1155,6201242895291497,6201242899291701
"HSA_CORE_API","hsa_signal_wait_scacquire",3146968,3146968,1156,6201242899292001,6201242903292195
"HSA_CORE_API","hsa_signal_wait_scacquire",3146968,3146968,1157,6201242903292675,6201242907292880
"HSA_CORE_API","hsa_signal_wait_scacquire",3146968,3146968,1158,6201242907293170,6201242911293364
"HSA_CORE_API","hsa_signal_wait_scacquire",3146968,3146968,1159,6201242911293844,6201242915294038
"HSA_CORE_API","hsa_signal_wait_scacquire",3146968,3146968,1160,6201242915294518,6201242919294712
"HSA_CORE_API","hsa_signal_wait_scacquire",3146968,3146968,1161,6201242919295282,6201242923295476
"HSA_CORE_API","hsa_signal_wait_scacquire",3146968,3146968,1162,6201242923295956,6201242927296150
"HSA_CORE_API","hsa_signal_wait_scacquire",3146968,3146968,1163,6201242927296640,6201242931296835
"HSA_CORE_API","hsa_signal_wait_scacquire",3146968,3146968,1164,6201242931297325,6201242935297519
"HSA_CORE_API","hsa_signal_wait_scacquire",3146968,3146968,1165,6201242935298009,6201242939298213
"HSA_CORE_API","hsa_signal_wait_scacquire",3146968,3146968,1166,6201242939298693,6201242943298887
"HSA_CORE_API","hsa_signal_wait_scacquire",3146968,3146968,1167,6201242943299187,6201242947299381
"HSA_CORE_API","hsa_signal_wait_scacquire",3146968,3146968,1168,6201242947300241,6201242951300455
"HSA_CORE_API","hsa_signal_wait_scacquire",3146968,3146968,1169,6201242951300935,6201242955301130
"HSA_CORE_API","hsa_signal_wait_scacquire",3146968,3146968,1170,6201242955301610,6201242959301804
"HSA_CORE_API","hsa_signal_wait_scacquire",3146968,3146968,1171,6201242959302294,6201242963302488
"HSA_CORE_API","hsa_signal_wait_scacquire",3146968,3146968,1172,6201242963302978,6201242967303182
"HSA_CORE_API","hsa_signal_wait_scacquire",3146968,3146968,1173,6201242967303492,6201242971303686
"HSA_CORE_API","hsa_signal_wait_scacquire",3146968,3146968,1174,6201242971304176,6201242975304371
"HSA_CORE_API","hsa_signal_wait_scacquire",3146968,3146968,1175,6201242975304661,6201242979304855
"HSA_CORE_API","hsa_signal_wait_scacquire",3146968,3146968,1176,6201242979305345,6201242983305539
"HSA_CORE_API","hsa_signal_wait_scacquire",3146968,3146968,1177,6201242983306029,6201242987306233
"HSA_CORE_API","hsa_signal_wait_scacquire",3146968,3146968,1178,6201242987306713,6201242991306917
"HSA_CORE_API","hsa_signal_wait_scacquire",3146968,3146968,1179,6201242991307407,6201242995307601
"HSA_CORE_API","hsa_signal_wait_scacquire",3146968,3146968,1180,6201242995308081,6201242999308296
"HSA_CORE_API","hsa_signal_wait_scacquire",3146968,3146968,1181,6201242999308596,6201243003308800
"HSA_CORE_API","hsa_signal_wait_scacquire",3146968,3146968,1182,6201243003309090,6201243007309294
"HSA_CORE_API","hsa_signal_wait_scacquire",3146968,3146968,1183,6201243007309784,6201243011309988
"HSA_CORE_API","hsa_signal_wait_scacquire",3146968,3146968,1184,6201243011310468,6201243015310662
"HSA_CORE_API","hsa_signal_wait_scacquire",3146968,3146968,1185,6201243015311142,6201243019311346
"HSA_CORE_API","hsa_signal_wait_scacquire",3146968,3146968,1186,6201243019311826,6201243023312031
"HSA_CORE_API","hsa_signal_wait_scacquire",3146968,3146968,1187,6201243023312501,6201243027312705
"HSA_CORE_API","hsa_signal_wait_scacquire",3146968,3146968,1188,6201243027313185,6201243031313389
"HSA_CORE_API","hsa_signal_wait_scacquire",3146968,3146968,1189,6201243031313859,6201243035314053
"HSA_CORE_API","hsa_signal_wait_scacquire",3146968,3146968,1190,6201243035314533,6201243039314727
"HSA_CORE_API","hsa_signal_wait_scacquire",3146968,3146968,1191,6201243039315757,6201243043315962
"HSA_CORE_API","hsa_signal_wait_scacquire",3146968,3146968,1192,6201243043316262,6201243047316456
"HSA_CORE_API","hsa_signal_wait_scacquire",3146968,3146968,1193,6201243047316936,6201243051317130
"HSA_CORE_API","hsa_signal_wait_scacquire",3146968,3146968,1194,6201243051317610,6201243055317814
"HSA_CORE_API","hsa_signal_wait_scacquire",3146968,3146968,1195,6201243055318304,6201243059318308
"HSA_CORE_API","hsa_signal_wait_scacquire",3146968,3146968,1196,6201243059318798,6201243063318992
"HSA_CORE_API","hsa_signal_wait_scacquire",3146968,3146968,1197,6201243063319652,6201243067319857
"HSA_CORE_API","hsa_signal_wait_scacquire",3146968,3146968,1198,6201243067320337,6201243071320551
"HSA_CORE_API","hsa_signal_wait_scacquire",3146968,3146968,1199,6201243071321031,6201243075321225
"HSA_CORE_API","hsa_signal_wait_scacquire",3146968,3146968,1200,6201243075321715,6201243079321909
"HSA_CORE_API","hsa_signal_wait_scacquire",3146968,3146968,1201,6201243079322399,6201243083322593
"HSA_CORE_API","hsa_signal_wait_scacquire",3146968,3146968,1202,6201243083323073,6201243087323268
"HSA_CORE_API","hsa_signal_wait_scacquire",3146968,3146968,1203,6201243087323748,6201243091323952
"HSA_CORE_API","hsa_signal_wait_scacquire",3146968,3146968,1204,6201243091324422,6201243095324636
"HSA_CORE_API","hsa_signal_wait_scacquire",3146968,3146968,1205,6201243095324926,6201243099325120
"HSA_CORE_API","hsa_signal_wait_scacquire",3146968,3146968,1206,6201243099325420,6201243103325624
"HSA_CORE_API","hsa_signal_wait_scacquire",3146968,3146968,1207,6201243103326114,6201243107326308
"HSA_CORE_API","hsa_signal_wait_scacquire",3146968,3146968,1208,6201243107326788,6201243111326983
"HSA_CORE_API","hsa_signal_wait_scacquire",3146968,3146968,1209,6201243111327283,6201243115327477
"HSA_CORE_API","hsa_signal_wait_scacquire",3146968,3146968,1210,6201243115327957,6201243119328171
"HSA_CORE_API","hsa_signal_wait_scacquire",3146968,3146968,1211,6201243119328641,6201243123328845
"HSA_CORE_API","hsa_signal_wait_scacquire",3146968,3146968,1212,6201243123329325,6201243127329519
"HSA_CORE_API","hsa_signal_wait_scacquire",3146968,3146968,1213,6201243127329999,6201243131330194
"HSA_CORE_API","hsa_signal_wait_scacquire",3146968,3146968,1214,6201243131330674,6201243135330878
"HSA_CORE_API","hsa_signal_wait_scacquire",3146968,3146968,1215,6201243135331178,6201243139331372
"HSA_CORE_API","hsa_signal_wait_scacquire",3146968,3146968,1216,6201243139331862,6201243143332056
"HSA_CORE_API","hsa_signal_wait_scacquire",3146968,3146968,1217,6201243143333436,6201243147333630
"HSA_CORE_API","hsa_signal_wait_scacquire",3146968,3146968,1218,6201243147334790,6201243151334984
"HSA_CORE_API","hsa_signal_wait_scacquire",3146968,3146968,1219,6201243151335274,6201243155335469
"HSA_CORE_API","hsa_signal_wait_scacquire",3146968,3146968,1220,6201243155335949,6201243159336153
"HSA_CORE_API","hsa_signal_wait_scacquire",3146968,3146968,1221,6201243159336633,6201243163336827
"HSA_CORE_API","hsa_signal_wait_scacquire",3146968,3146968,1222,6201243163337407,6201243167337601
"HSA_CORE_API","hsa_signal_wait_scacquire",3146968,3146968,1223,6201243167338091,6201243171338295
"HSA_CORE_API","hsa_signal_wait_scacquire",3146968,3146968,1224,6201243171338775,6201243175338980
"HSA_CORE_API","hsa_signal_wait_scacquire",3146968,3146968,1225,6201243175339470,6201243179339664
"HSA_CORE_API","hsa_signal_wait_scacquire",3146968,3146968,1226,6201243179339954,6201243183340158
"HSA_CORE_API","hsa_signal_wait_scacquire",3146968,3146968,1227,6201243183340648,6201243187340842
"HSA_CORE_API","hsa_signal_wait_scacquire",3146968,3146968,1228,6201243187341332,6201243191341536
"HSA_CORE_API","hsa_signal_wait_scacquire",3146968,3146968,1229,6201243191342086,6201243195342290
"HSA_CORE_API","hsa_signal_wait_scacquire",3146968,3146968,1230,6201243195342770,6201243199342975
"HSA_CORE_API","hsa_signal_wait_scacquire",3146968,3146968,1231,6201243199343275,6201243203343469
"HSA_CORE_API","hsa_signal_wait_scacquire",3146968,3146968,1232,6201243203343949,6201243207344143
"HSA_CORE_API","hsa_signal_wait_scacquire",3146968,3146968,1233,6201243207344623,6201243211344627
"HSA_CORE_API","hsa_signal_wait_scacquire",3146968,3146968,1234,6201243211345097,6201243215345301
"HSA_CORE_API","hsa_signal_wait_scacquire",3146968,3146968,1235,6201243215345791,6201243219345986
"HSA_CORE_API","hsa_signal_wait_scacquire",3146968,3146968,1236,6201243219346466,6201243223346660
"HSA_CORE_API","hsa_signal_wait_scacquire",3146968,3146968,1237,6201243223347140,6201243227347344
"HSA_CORE_API","hsa_signal_wait_scacquire",3146968,3146968,1238,6201243227347824,6201243231348028
"HSA_CORE_API","hsa_signal_wait_scacquire",3146968,3146968,1239,6201243231348508,6201243235348702
"HSA_CORE_API","hsa_signal_wait_scacquire",3146968,3146968,1240,6201243235349742,6201243239349936
"HSA_CORE_API","hsa_signal_wait_scacquire",3146968,3146968,1241,6201243239350416,6201243243350611
"HSA_CORE_API","hsa_signal_wait_scacquire",3146968,3146968,1242,6201243243351101,6201243247351295
"HSA_CORE_API","hsa_signal_wait_scacquire",3146968,3146968,1243,6201243247351775,6201243251351979
"HSA_CORE_API","hsa_signal_wait_scacquire",3146968,3146968,1244,6201243251352459,6201243255352663
"HSA_CORE_API","hsa_signal_wait_scacquire",3146968,3146968,1245,6201243255353133,6201243259353327
"HSA_CORE_API","hsa_signal_wait_scacquire",3146968,3146968,1246,6201243259353807,6201243263354002
"HSA_CORE_API","hsa_signal_wait_scacquire",3146968,3146968,1247,6201243263354492,6201243267354686
"HSA_CORE_API","hsa_signal_wait_scacquire",3146968,3146968,1248,6201243267355166,6201243271355360
"HSA_CORE_API","hsa_signal_wait_scacquire",3146968,3146968,1249,6201243271355850,6201243275356054
"HSA_CORE_API","hsa_signal_wait_scacquire",3146968,3146968,1250,6201243275356534,6201243279356728
"HSA_CORE_API","hsa_signal_wait_scacquire",3146968,3146968,1251,6201243279357208,6201243283357402
"HSA_CORE_API","hsa_signal_wait_scacquire",3146968,3146968,1252,6201243283357882,6201243287358087
"HSA_CORE_API","hsa_signal_wait_scacquire",3146968,3146968,1253,6201243287358567,6201243291358771
"HSA_CORE_API","hsa_signal_wait_scacquire",3146968,3146968,1254,6201243291359251,6201243295359445
"HSA_CORE_API","hsa_signal_wait_scacquire",3146968,3146968,1255,6201243295359935,6201243299360159
"HSA_CORE_API","hsa_signal_wait_scacquire",3146968,3146968,1256,6201243299360469,6201243303360663
"HSA_CORE_API","hsa_signal_wait_scacquire",3146968,3146968,1257,6201243303360963,6201243307361157
"HSA_CORE_API","hsa_signal_wait_scacquire",3146968,3146968,1258,6201243307361647,6201243311361652
"HSA_CORE_API","hsa_signal_wait_scacquire",3146968,3146968,1259,6201243311362142,6201243315362346
"HSA_CORE_API","hsa_signal_wait_scacquire",3146968,3146968,1260,6201243315362826,6201243319363020
"HSA_CORE_API","hsa_signal_wait_scacquire",3146968,3146968,1261,6201243319363510,6201243323363714
"HSA_CORE_API","hsa_signal_wait_scacquire",3146968,3146968,1262,6201243323364194,6201243327364398
"HSA_CORE_API","hsa_signal_wait_scacquire",3146968,3146968,1263,6201243327365128,6201243331365323
"HSA_CORE_API","hsa_signal_wait_scacquire",3146968,3146968,1264,6201243331365803,6201243335366007
"HSA_CORE_API","hsa_signal_wait_scacquire",3146968,3146968,1265,6201243335366497,6201243339366711
"HSA_CORE_API","hsa_signal_wait_scacquire",3146968,3146968,1266,6201243339367211,6201243343367425
"HSA_CORE_API","hsa_signal_wait_scacquire",3146968,3146968,1267,6201243343367915,6201243347368109
"HSA_CORE_API","hsa_signal_wait_scacquire",3146968,3146968,1268,6201243347368599,6201243351368803
"HSA_CORE_API","hsa_signal_wait_scacquire",3146968,3146968,1269,6201243351369093,6201243355369308
"HSA_CORE_API","hsa_signal_wait_scacquire",3146968,3146968,1270,6201243355369798,6201243359369992
"HSA_CORE_API","hsa_signal_wait_scacquire",3146968,3146968,1271,6201243359370482,6201243363370676
"HSA_CORE_API","hsa_signal_wait_scacquire",3146968,3146968,1272,6201243363371156,6201243367371360
"HSA_CORE_API","hsa_signal_wait_scacquire",3146968,3146968,1273,6201243367371840,6201243371372054
"HSA_CORE_API","hsa_signal_wait_scacquire",3146968,3146968,1274,6201243371372534,6201243375372728
"HSA_CORE_API","hsa_signal_wait_scacquire",3146968,3146968,1275,6201243375373208,6201243379373413
"HSA_CORE_API","hsa_signal_wait_scacquire",3146968,3146968,1276,6201243379373893,6201243383374107
"HSA_CORE_API","hsa_signal_wait_scacquire",3146968,3146968,1277,6201243383374587,6201243387374781
"HSA_CORE_API","hsa_signal_wait_scacquire",3146968,3146968,1278,6201243387375681,6201243391375875
"HSA_CORE_API","hsa_signal_wait_scacquire",3146968,3146968,1279,6201243391378615,6201243395378819
"HSA_CORE_API","hsa_signal_wait_scacquire",3146968,3146968,1280,6201243395379109,6201243399379303
"HSA_CORE_API","hsa_signal_wait_scacquire",3146968,3146968,1281,6201243399379943,6201243403380148
"HSA_CORE_API","hsa_signal_wait_scacquire",3146968,3146968,1282,6201243403381388,6201243407381592
"HSA_CORE_API","hsa_signal_wait_scacquire",3146968,3146968,1283,6201243407381882,6201243411381906
"HSA_CORE_API","hsa_signal_wait_scacquire",3146968,3146968,1284,6201243411382386,6201243415382590
"HSA_CORE_API","hsa_signal_wait_scacquire",3146968,3146968,1285,6201243415383070,6201243419383274
"HSA_CORE_API","hsa_signal_wait_scacquire",3146968,3146968,1286,6201243419383764,6201243423383969
"HSA_CORE_API","hsa_signal_wait_scacquire",3146968,3146968,1287,6201243423384449,6201243427384643
"HSA_CORE_API","hsa_signal_wait_scacquire",3146968,3146968,1288,6201243427385123,6201243431385317
"HSA_CORE_API","hsa_signal_wait_scacquire",3146968,3146968,1289,6201243431385607,6201243435385821
"HSA_CORE_API","hsa_signal_wait_scacquire",3146968,3146968,1290,6201243435386301,6201243439386515
"HSA_CORE_API","hsa_signal_wait_scacquire",3146968,3146968,1291,6201243439386995,6201243443387199
"HSA_CORE_API","hsa_signal_wait_scacquire",3146968,3146968,1292,6201243443387679,6201243447387884
"HSA_CORE_API","hsa_signal_wait_scacquire",3146968,3146968,1293,6201243447388364,6201243451388568
"HSA_CORE_API","hsa_signal_wait_scacquire",3146968,3146968,1294,6201243451389048,6201243455389252
"HSA_CORE_API","hsa_signal_wait_scacquire",3146968,3146968,1295,6201243455389722,6201243459389926
"HSA_CORE_API","hsa_signal_wait_scacquire",3146968,3146968,1296,6201243459390406,6201243463390610
"HSA_CORE_API","hsa_signal_wait_scacquire",3146968,3146968,1297,6201243463391090,6201243467391285
"HSA_CORE_API","hsa_signal_wait_scacquire",3146968,3146968,1298,6201243467391765,6201243471391959
"HSA_CORE_API","hsa_signal_wait_scacquire",3146968,3146968,1299,6201243471392449,6201243475392643
"HSA_CORE_API","hsa_signal_wait_scacquire",3146968,3146968,1300,6201243475393123,6201243479393317
"HSA_CORE_API","hsa_signal_wait_scacquire",3146968,3146968,1301,6201243479393857,6201243483394051
"HSA_CORE_API","hsa_signal_wait_scacquire",3146968,3146968,1302,6201243483394541,6201243487394735
"HSA_CORE_API","hsa_signal_wait_scacquire",3146968,3146968,1303,6201243487395225,6201243491395420
"HSA_CORE_API","hsa_signal_wait_scacquire",3146968,3146968,1304,6201243491395910,6201243495396104
"HSA_CORE_API","hsa_signal_wait_scacquire",3146968,3146968,1305,6201243495396594,6201243499396788
"HSA_CORE_API","hsa_signal_wait_scacquire",3146968,3146968,1306,6201243499397098,6201243503397292
"HSA_CORE_API","hsa_signal_wait_scacquire",3146968,3146968,1307,6201243503397772,6201243507397966
"HSA_CORE_API","hsa_signal_wait_scacquire",3146968,3146968,1308,6201243507398456,6201243511398651
"HSA_CORE_API","hsa_signal_wait_scacquire",3146968,3146968,1309,6201243511399141,6201243515399335
"HSA_CORE_API","hsa_signal_wait_scacquire",3146968,3146968,1310,6201243515399825,6201243519400029
"HSA_CORE_API","hsa_signal_wait_scacquire",3146968,3146968,1311,6201243519400319,6201243523400513
"HSA_CORE_API","hsa_signal_wait_scacquire",3146968,3146968,1312,6201243523401003,6201243527401197
"HSA_CORE_API","hsa_signal_wait_scacquire",3146968,3146968,1313,6201243527401687,6201243531401882
"HSA_CORE_API","hsa_signal_wait_scacquire",3146968,3146968,1314,6201243531402371,6201243535402566
"HSA_CORE_API","hsa_signal_wait_scacquire",3146968,3146968,1315,6201243535403056,6201243539403250
"HSA_CORE_API","hsa_signal_wait_scacquire",3146968,3146968,1316,6201243539403730,6201243543403924
"HSA_CORE_API","hsa_signal_wait_scacquire",3146968,3146968,1317,6201243543404404,6201243547404598
"HSA_CORE_API","hsa_signal_wait_scacquire",3146968,3146968,1318,6201243547405078,6201243551405282
"HSA_CORE_API","hsa_signal_wait_scacquire",3146968,3146968,1319,6201243551405762,6201243555405977
"HSA_CORE_API","hsa_signal_wait_scacquire",3146968,3146968,1320,6201243555406457,6201243559406651
"HSA_CORE_API","hsa_signal_wait_scacquire",3146968,3146968,1321,6201243559407141,6201243563407335
"HSA_CORE_API","hsa_signal_wait_scacquire",3146968,3146968,1322,6201243563407815,6201243567408029
"HSA_CORE_API","hsa_signal_wait_scacquire",3146968,3146968,1323,6201243567408509,6201243571408723
"HSA_CORE_API","hsa_signal_wait_scacquire",3146968,3146968,1324,6201243571409203,6201243575409398
"HSA_CORE_API","hsa_signal_wait_scacquire",3146968,3146968,1325,6201243575409878,6201243579410082
"HSA_CORE_API","hsa_signal_wait_scacquire",3146968,3146968,1326,6201243579410572,6201243583410766
"HSA_CORE_API","hsa_signal_wait_scacquire",3146968,3146968,1327,6201243583411246,6201243587411440
"HSA_CORE_API","hsa_signal_wait_scacquire",3146968,3146968,1328,6201243587411920,6201243591412114
"HSA_CORE_API","hsa_signal_wait_scacquire",3146968,3146968,1329,6201243591412594,6201243595412798
"HSA_CORE_API","hsa_signal_wait_scacquire",3146968,3146968,1330,6201243595413278,6201243599413483
"HSA_CORE_API","hsa_signal_wait_scacquire",3146968,3146968,1331,6201243599413783,6201243603413977
"HSA_CORE_API","hsa_signal_wait_scacquire",3146968,3146968,1332,6201243603414457,6201243607414661
"HSA_CORE_API","hsa_signal_wait_scacquire",3146968,3146968,1333,6201243607414961,6201243611415165
"HSA_CORE_API","hsa_signal_wait_scacquire",3146968,3146968,1334,6201243611415645,6201243615415839
"HSA_CORE_API","hsa_signal_wait_scacquire",3146968,3146968,1335,6201243615416329,6201243619416523
"HSA_CORE_API","hsa_signal_wait_scacquire",3146968,3146968,1336,6201243619417533,6201243623417748
"HSA_CORE_API","hsa_signal_wait_scacquire",3146968,3146968,1337,6201243623418038,6201243627418242
"HSA_CORE_API","hsa_signal_wait_scacquire",3146968,3146968,1338,6201243627418722,6201243631418916
"HSA_CORE_API","hsa_signal_wait_scacquire",3146968,3146968,1339,6201243631419396,6201243635419600
"HSA_CORE_API","hsa_signal_wait_scacquire",3146968,3146968,1340,6201243635420090,6201243639420284
"HSA_CORE_API","hsa_signal_wait_scacquire",3146968,3146968,1341,6201243639420794,6201243643421009
"HSA_CORE_API","hsa_signal_wait_scacquire",3146968,3146968,1342,6201243643421509,6201243647421703
"HSA_CORE_API","hsa_signal_wait_scacquire",3146968,3146968,1343,6201243647422183,6201243651422387
"HSA_CORE_API","hsa_signal_wait_scacquire",3146968,3146968,1344,6201243651422877,6201243655423071
"HSA_CORE_API","hsa_signal_wait_scacquire",3146968,3146968,1345,6201243655423591,6201243659423785
"HSA_CORE_API","hsa_signal_wait_scacquire",3146968,3146968,1346,6201243659425065,6201243663425269
"HSA_CORE_API","hsa_signal_wait_scacquire",3146968,3146968,1347,6201243663425559,6201243667425754
"HSA_CORE_API","hsa_signal_wait_scacquire",3146968,3146968,1348,6201243667426234,6201243671426428
"HSA_CORE_API","hsa_signal_wait_scacquire",3146968,3146968,1349,6201243671426918,6201243675427112
"HSA_CORE_API","hsa_signal_wait_scacquire",3146968,3146968,1350,6201243675427592,6201243679427786
"HSA_CORE_API","hsa_signal_wait_scacquire",3146968,3146968,1351,6201243679428266,6201243683428480
"HSA_CORE_API","hsa_signal_wait_scacquire",3146968,3146968,1352,6201243683428960,6201243687429164
"HSA_CORE_API","hsa_signal_wait_scacquire",3146968,3146968,1353,6201243687429644,6201243691429839
"HSA_CORE_API","hsa_signal_wait_scacquire",3146968,3146968,1354,6201243691430319,6201243695430513
"HSA_CORE_API","hsa_signal_wait_scacquire",3146968,3146968,1355,6201243695430993,6201243699431197
"HSA_CORE_API","hsa_signal_wait_scacquire",3146968,3146968,1356,6201243699431497,6201243703431691
"HSA_CORE_API","hsa_signal_wait_scacquire",3146968,3146968,1357,6201243703432181,6201243707432385
"HSA_CORE_API","hsa_signal_wait_scacquire",3146968,3146968,1358,6201243707432865,6201243711433059
"HSA_CORE_API","hsa_signal_wait_scacquire",3146968,3146968,1359,6201243711433539,6201243715433744
"HSA_CORE_API","hsa_signal_wait_scacquire",3146968,3146968,1360,6201243715434224,6201243719434428
"HSA_CORE_API","hsa_signal_wait_scacquire",3146968,3146968,1361,6201243719434908,6201243723435102
"HSA_CORE_API","hsa_signal_wait_scacquire",3146968,3146968,1362,6201243723435582,6201243727435776
"HSA_CORE_API","hsa_signal_wait_scacquire",3146968,3146968,1363,6201243727436066,6201243731436080
"HSA_CORE_API","hsa_signal_wait_scacquire",3146968,3146968,1364,6201243731436560,6201243735436755
"HSA_CORE_API","hsa_signal_wait_scacquire",3146968,3146968,1365,6201243735437055,6201243739437249
"HSA_CORE_API","hsa_signal_wait_scacquire",3146968,3146968,1366,6201243739437729,6201243743437933
"HSA_CORE_API","hsa_signal_wait_scacquire",3146968,3146968,1367,6201243743438423,6201243747438617
"HSA_CORE_API","hsa_signal_wait_scacquire",3146968,3146968,1368,6201243747438917,6201243751439121
"HSA_CORE_API","hsa_signal_wait_scacquire",3146968,3146968,1369,6201243751439601,6201243755439795
"HSA_CORE_API","hsa_signal_wait_scacquire",3146968,3146968,1370,6201243755440275,6201243759440480
"HSA_CORE_API","hsa_signal_wait_scacquire",3146968,3146968,1371,6201243759440960,6201243763441164
"HSA_CORE_API","hsa_signal_wait_scacquire",3146968,3146968,1372,6201243763441644,6201243767441838
"HSA_CORE_API","hsa_signal_wait_scacquire",3146968,3146968,1373,6201243767442318,6201243771442522
"HSA_CORE_API","hsa_signal_wait_scacquire",3146968,3146968,1374,6201243771443002,6201243775443196
"HSA_CORE_API","hsa_signal_wait_scacquire",3146968,3146968,1375,6201243775443676,6201243779443870
"HSA_CORE_API","hsa_signal_wait_scacquire",3146968,3146968,1376,6201243779444350,6201243783444565
"HSA_CORE_API","hsa_signal_wait_scacquire",3146968,3146968,1377,6201243783445055,6201243787445259
"HSA_CORE_API","hsa_signal_wait_scacquire",3146968,3146968,1378,6201243787445749,6201243791445953
"HSA_CORE_API","hsa_signal_wait_scacquire",3146968,3146968,1379,6201243791446433,6201243795446627
"HSA_CORE_API","hsa_signal_wait_scacquire",3146968,3146968,1380,6201243795447117,6201243799447321
"HSA_CORE_API","hsa_signal_wait_scacquire",3146968,3146968,1381,6201243799447621,6201243803447845
"HSA_CORE_API","hsa_signal_wait_scacquire",3146968,3146968,1382,6201243803448145,6201243807448340
"HSA_CORE_API","hsa_signal_wait_scacquire",3146968,3146968,1383,6201243807448820,6201243811449034
"HSA_CORE_API","hsa_signal_wait_scacquire",3146968,3146968,1384,6201243811449514,6201243815449708
"HSA_CORE_API","hsa_signal_wait_scacquire",3146968,3146968,1385,6201243815450198,6201243819450392
"HSA_CORE_API","hsa_signal_wait_scacquire",3146968,3146968,1386,6201243819450872,6201243823451066
"HSA_CORE_API","hsa_signal_wait_scacquire",3146968,3146968,1387,6201243823451556,6201243827451761
"HSA_CORE_API","hsa_signal_wait_scacquire",3146968,3146968,1388,6201243827452241,6201243831452435
"HSA_CORE_API","hsa_signal_wait_scacquire",3146968,3146968,1389,6201243831452915,6201243835453139
"HSA_CORE_API","hsa_signal_wait_scacquire",3146968,3146968,1390,6201243835453629,6201243839453823
"HSA_CORE_API","hsa_signal_wait_scacquire",3146968,3146968,1391,6201243839454113,6201243843454317
"HSA_CORE_API","hsa_signal_wait_scacquire",3146968,3146968,1392,6201243843454807,6201243847455001
"HSA_CORE_API","hsa_signal_wait_scacquire",3146968,3146968,1393,6201243847455491,6201243851455696
"HSA_CORE_API","hsa_signal_wait_scacquire",3146968,3146968,1394,6201243851456176,6201243855456380
"HSA_CORE_API","hsa_signal_wait_scacquire",3146968,3146968,1395,6201243855456960,6201243859457154
"HSA_CORE_API","hsa_signal_wait_scacquire",3146968,3146968,1396,6201243859457634,6201243863457838
"HSA_CORE_API","hsa_signal_wait_scacquire",3146968,3146968,1397,6201243863458328,6201243867458522
"HSA_CORE_API","hsa_signal_wait_scacquire",3146968,3146968,1398,6201243867459012,6201243871459206
"HSA_CORE_API","hsa_signal_wait_scacquire",3146968,3146968,1399,6201243871459686,6201243875459891
"HSA_CORE_API","hsa_signal_wait_scacquire",3146968,3146968,1400,6201243875460371,6201243879460585
"HSA_CORE_API","hsa_signal_wait_scacquire",3146968,3146968,1401,6201243879461065,6201243883461259
"HSA_CORE_API","hsa_signal_wait_scacquire",3146968,3146968,1402,6201243883461749,6201243887461943
"HSA_CORE_API","hsa_signal_wait_scacquire",3146968,3146968,1403,6201243887462433,6201243891462627
"HSA_CORE_API","hsa_signal_wait_scacquire",3146968,3146968,1404,6201243891463107,6201243895463321
"HSA_CORE_API","hsa_signal_wait_scacquire",3146968,3146968,1405,6201243895463801,6201243899464006
"HSA_CORE_API","hsa_signal_wait_scacquire",3146968,3146968,1406,6201243899464306,6201243903464500
"HSA_CORE_API","hsa_signal_wait_scacquire",3146968,3146968,1407,6201243903464790,6201243907464984
"HSA_CORE_API","hsa_signal_wait_scacquire",3146968,3146968,1408,6201243907465474,6201243911465678
"HSA_CORE_API","hsa_signal_wait_scacquire",3146968,3146968,1409,6201243911467028,6201243915467222
"HSA_CORE_API","hsa_signal_wait_scacquire",3146968,3146968,1410,6201243915468502,6201243919468706
"HSA_CORE_API","hsa_signal_wait_scacquire",3146968,3146968,1411,6201243919469006,6201243923469211
"HSA_CORE_API","hsa_signal_wait_scacquire",3146968,3146968,1412,6201243923469691,6201243927469885
"HSA_CORE_API","hsa_signal_wait_scacquire",3146968,3146968,1413,6201243927470365,6201243931470569
"HSA_CORE_API","hsa_signal_wait_scacquire",3146968,3146968,1414,6201243931471059,6201243935471253
"HSA_CORE_API","hsa_signal_wait_scacquire",3146968,3146968,1415,6201243935471543,6201243939471747
"HSA_CORE_API","hsa_signal_wait_scacquire",3146968,3146968,1416,6201243939472237,6201243943472431
"HSA_CORE_API","hsa_signal_wait_scacquire",3146968,3146968,1417,6201243943472951,6201243947473146
"HSA_CORE_API","hsa_signal_wait_scacquire",3146968,3146968,1418,6201243947473626,6201243951473840
"HSA_CORE_API","hsa_signal_wait_scacquire",3146968,3146968,1419,6201243951474320,6201243955474514
"HSA_CORE_API","hsa_signal_wait_scacquire",3146968,3146968,1420,6201243955475004,6201243959475198
"HSA_CORE_API","hsa_signal_wait_scacquire",3146968,3146968,1421,6201243959475698,6201243963475912
"HSA_CORE_API","hsa_signal_wait_scacquire",3146968,3146968,1422,6201243963476392,6201243967476586
"HSA_CORE_API","hsa_signal_wait_scacquire",3146968,3146968,1423,6201243967477056,6201243971477261
"HSA_CORE_API","hsa_signal_wait_scacquire",3146968,3146968,1424,6201243971477741,6201243975477945
"HSA_CORE_API","hsa_signal_wait_scacquire",3146968,3146968,1425,6201243975478425,6201243979478629
"HSA_CORE_API","hsa_signal_wait_scacquire",3146968,3146968,1426,6201243979479099,6201243983479293
"HSA_CORE_API","hsa_signal_wait_scacquire",3146968,3146968,1427,6201243983479783,6201243987479977
"HSA_CORE_API","hsa_signal_wait_scacquire",3146968,3146968,1428,6201243987480457,6201243991480642
"HSA_CORE_API","hsa_signal_wait_scacquire",3146968,3146968,1429,6201243991480952,6201243995481146
"HSA_CORE_API","hsa_signal_wait_scacquire",3146968,3146968,1430,6201243995481616,6201243999481820
"HSA_CORE_API","hsa_signal_wait_scacquire",3146968,3146968,1431,6201243999482190,6201244003482384
"HSA_CORE_API","hsa_signal_wait_scacquire",3146968,3146968,1432,6201244003482674,6201244007482868
"HSA_CORE_API","hsa_signal_wait_scacquire",3146968,3146968,1433,6201244007483348,6201244011483542
"HSA_CORE_API","hsa_signal_wait_scacquire",3146968,3146968,1434,6201244011484022,6201244015484227
"HSA_CORE_API","hsa_signal_wait_scacquire",3146968,3146968,1435,6201244015484707,6201244019484891
"HSA_CORE_API","hsa_signal_wait_scacquire",3146968,3146968,1436,6201244019485181,6201244023485365
"HSA_CORE_API","hsa_signal_wait_scacquire",3146968,3146968,1437,6201244023485855,6201244027486199
"HSA_CORE_API","hsa_signal_wait_scacquire",3146968,3146968,1438,6201244027486939,6201244031487283
"HSA_CORE_API","hsa_signal_wait_scacquire",3146968,3146968,1439,6201244031487893,6201244035488098
"HSA_CORE_API","hsa_signal_wait_scacquire",3146968,3146968,1440,6201244035488388,6201244039488592
"HSA_CORE_API","hsa_signal_wait_scacquire",3146968,3146968,1441,6201244039489082,6201244043489276
"HSA_CORE_API","hsa_signal_wait_scacquire",3146968,3146968,1442,6201244043489776,6201244047489960
"HSA_CORE_API","hsa_signal_wait_scacquire",3146968,3146968,1443,6201244047490440,6201244051490634
"HSA_CORE_API","hsa_signal_wait_scacquire",3146968,3146968,1444,6201244051491104,6201244055491298
"HSA_CORE_API","hsa_signal_wait_scacquire",3146968,3146968,1445,6201244055491788,6201244059491983
"HSA_CORE_API","hsa_signal_wait_scacquire",3146968,3146968,1446,6201244059492573,6201244063492767
"HSA_CORE_API","hsa_signal_wait_scacquire",3146968,3146968,1447,6201244063493067,6201244067493261
"HSA_CORE_API","hsa_signal_wait_scacquire",3146968,3146968,1448,6201244067493931,6201244071494125
"HSA_CORE_API","hsa_signal_wait_scacquire",3146968,3146968,1449,6201244071494615,6201244075494999
"HSA_CORE_API","hsa_signal_wait_scacquire",3146968,3146968,1450,6201244075495299,6201244079495293
"HSA_CORE_API","hsa_signal_wait_scacquire",3146968,3146968,1451,6201244079495903,6201244083495898
"HSA_CORE_API","hsa_signal_wait_scacquire",3146968,3146968,1452,6201244083496947,6201244087496962
"HSA_CORE_API","hsa_signal_wait_scacquire",3146968,3146968,1453,6201244087497252,6201244091497246
"HSA_CORE_API","hsa_signal_wait_scacquire",3146968,3146968,1454,6201244091497896,6201244095497910
"HSA_CORE_API","hsa_signal_wait_scacquire",3146968,3146968,1455,6201244095498200,6201244099498204
"HSA_CORE_API","hsa_signal_wait_scacquire",3146968,3146968,1456,6201244099498504,6201244103498498
"HSA_CORE_API","hsa_signal_wait_scacquire",3146968,3146968,1457,6201244103499278,6201244107499273
"HSA_CORE_API","hsa_signal_wait_scacquire",3146968,3146968,1458,6201244107499563,6201244111499567
"HSA_CORE_API","hsa_signal_wait_scacquire",3146968,3146968,1459,6201244111499867,6201244115499881
"HSA_CORE_API","hsa_signal_wait_scacquire",3146968,3146968,1460,6201244115500171,6201244119500205
"HSA_CORE_API","hsa_signal_wait_scacquire",3146968,3146968,1461,6201244119500535,6201244123500539
"HSA_CORE_API","hsa_signal_wait_scacquire",3146968,3146968,1462,6201244123501419,6201244127501424
"HSA_CORE_API","hsa_signal_wait_scacquire",3146968,3146968,1463,6201244127501714,6201244131501708
"HSA_CORE_API","hsa_signal_wait_scacquire",3146968,3146968,1464,6201244131502008,6201244135502012
"HSA_CORE_API","hsa_signal_wait_scacquire",3146968,3146968,1465,6201244135502302,6201244139502296
"HSA_CORE_API","hsa_signal_wait_scacquire",3146968,3146968,1466,6201244139502986,6201244143502980
"HSA_CORE_API","hsa_signal_wait_scacquire",3146968,3146968,1467,6201244143503280,6201244147503274
"HSA_CORE_API","hsa_signal_wait_scacquire",3146968,3146968,1468,6201244147503654,6201244151503659
"HSA_CORE_API","hsa_signal_wait_scacquire",3146968,3146968,1469,6201244151504339,6201244155504343
"HSA_CORE_API","hsa_signal_wait_scacquire",3146968,3146968,1470,6201244155504633,6201244159504637
"HSA_CORE_API","hsa_signal_wait_scacquire",3146968,3146968,1471,6201244159505537,6201244163505541
"HSA_CORE_API","hsa_signal_wait_scacquire",3146968,3146968,1472,6201244163505841,6201244167505845
"HSA_CORE_API","hsa_signal_wait_scacquire",3146968,3146968,1473,6201244167509835,6201244171509849
"HSA_CORE_API","hsa_signal_wait_scacquire",3146968,3146968,1474,6201244171513379,6201244175513383
"HSA_CORE_API","hsa_signal_wait_scacquire",3146968,3146968,1475,6201244175513673,6201244179513688
"HSA_CORE_API","hsa_signal_wait_scacquire",3146968,3146968,1476,6201244179513978,6201244183513972
"HSA_CORE_API","hsa_signal_wait_scacquire",3146968,3146968,1477,6201244183514542,6201244187514546
"HSA_CORE_API","hsa_signal_wait_scacquire",3146968,3146968,1478,6201244187515026,6201244191515030
"HSA_CORE_API","hsa_signal_wait_scacquire",3146968,3146968,1479,6201244191515600,6201244195515594
"HSA_CORE_API","hsa_signal_wait_scacquire",3146968,3146968,1480,6201244195515894,6201244199515889
"HSA_CORE_API","hsa_signal_wait_scacquire",3146968,3146968,1481,6201244199516249,6201244203516443
"HSA_CORE_API","hsa_signal_wait_scacquire",3146968,3146968,1482,6201244203516953,6201244207516947
"HSA_CORE_API","hsa_signal_wait_scacquire",3146968,3146968,1483,6201244207517237,6201244211517251
"HSA_CORE_API","hsa_signal_wait_scacquire",3146968,3146968,1484,6201244211518041,6201244215518035
"HSA_CORE_API","hsa_signal_wait_scacquire",3146968,3146968,1485,6201244215518525,6201244219518530
"HSA_CORE_API","hsa_signal_wait_scacquire",3146968,3146968,1486,6201244219518820,6201244223518814
"HSA_CORE_API","hsa_signal_wait_scacquire",3146968,3146968,1487,6201244223519304,6201244227519298
"HSA_CORE_API","hsa_signal_wait_scacquire",3146968,3146968,1488,6201244227519988,6201244231519982
"HSA_CORE_API","hsa_signal_wait_scacquire",3146968,3146968,1489,6201244231520442,6201244235520436
"HSA_CORE_API","hsa_signal_wait_scacquire",3146968,3146968,1490,6201244235521536,6201244239521540
"HSA_CORE_API","hsa_signal_wait_scacquire",3146968,3146968,1491,6201244239521840,6201244243521835
"HSA_CORE_API","hsa_signal_wait_scacquire",3146968,3146968,1492,6201244243522124,6201244247522139
"HSA_CORE_API","hsa_signal_wait_scacquire",3146968,3146968,1493,6201244247522439,6201244251522443
"HSA_CORE_API","hsa_signal_wait_scacquire",3146968,3146968,1494,6201244251522733,6201244255522737
"HSA_CORE_API","hsa_signal_wait_scacquire",3146968,3146968,1495,6201244255523027,6201244259523031
"HSA_CORE_API","hsa_signal_wait_scacquire",3146968,3146968,1496,6201244259523331,6201244263523325
"HSA_CORE_API","hsa_signal_wait_scacquire",3146968,3146968,1497,6201244263523775,6201244267523780
"HSA_CORE_API","hsa_signal_wait_scacquire",3146968,3146968,1498,6201244267524070,6201244271524064
"HSA_CORE_API","hsa_signal_wait_scacquire",3146968,3146968,1499,6201244271524364,6201244275524368
"HSA_CORE_API","hsa_signal_wait_scacquire",3146968,3146968,1500,6201244275524658,6201244279524852
"HSA_CORE_API","hsa_signal_wait_scacquire",3146968,3146968,1501,6201244279525332,6201244283525336
"HSA_CORE_API","hsa_signal_wait_scacquire",3146968,3146968,1502,6201244283525626,6201244287525630
"HSA_CORE_API","hsa_signal_wait_scacquire",3146968,3146968,1503,6201244287525920,6201244291525915
"HSA_CORE_API","hsa_signal_wait_scacquire",3146968,3146968,1504,6201244291526215,6201244295526219
"HSA_CORE_API","hsa_signal_wait_scacquire",3146968,3146968,1505,6201244295526509,6201244299526513
"HSA_CORE_API","hsa_signal_wait_scacquire",3146968,3146968,1506,6201244299527013,6201244303527017
"HSA_CORE_API","hsa_signal_wait_scacquire",3146968,3146968,1507,6201244303528077,6201244307528081
"HSA_CORE_API","hsa_signal_wait_scacquire",3146968,3146968,1508,6201244307528371,6201244311528376
"HSA_CORE_API","hsa_signal_wait_scacquire",3146968,3146968,1509,6201244311528676,6201244315528680
"HSA_CORE_API","hsa_signal_wait_scacquire",3146968,3146968,1510,6201244315528970,6201244319528974
"HSA_CORE_API","hsa_signal_wait_scacquire",3146968,3146968,1511,6201244319529264,6201244323529258
"HSA_CORE_API","hsa_signal_wait_scacquire",3146968,3146968,1512,6201244323529558,6201244327529562
"HSA_CORE_API","hsa_signal_wait_scacquire",3146968,3146968,1513,6201244327529852,6201244331529856
"HSA_CORE_API","hsa_signal_wait_scacquire",3146968,3146968,1514,6201244331530146,6201244335530141
"HSA_CORE_API","hsa_signal_wait_scacquire",3146968,3146968,1515,6201244335530431,6201244339530445
"HSA_CORE_API","hsa_signal_wait_scacquire",3146968,3146968,1516,6201244339530735,6201244343530729
"HSA_CORE_API","hsa_signal_wait_scacquire",3146968,3146968,1517,6201244343531029,6201244347531033
"HSA_CORE_API","hsa_signal_wait_scacquire",3146968,3146968,1518,6201244347531323,6201244351531317
"HSA_CORE_API","hsa_signal_wait_scacquire",3146968,3146968,1519,6201244351531617,6201244355531622
"HSA_CORE_API","hsa_signal_wait_scacquire",3146968,3146968,1520,6201244355532131,6201244359532326
"HSA_CORE_API","hsa_signal_wait_scacquire",3146968,3146968,1521,6201244359532686,6201244363532690
"HSA_CORE_API","hsa_signal_wait_scacquire",3146968,3146968,1522,6201244363532980,6201244367532984
"HSA_CORE_API","hsa_signal_wait_scacquire",3146968,3146968,1523,6201244367533284,6201244371533298
"HSA_CORE_API","hsa_signal_wait_scacquire",3146968,3146968,1524,6201244371533598,6201244375533612
"HSA_CORE_API","hsa_signal_wait_scacquire",3146968,3146968,1525,6201244375533912,6201244379533917
"HSA_CORE_API","hsa_signal_wait_scacquire",3146968,3146968,1526,6201244379534207,6201244383534201
"HSA_CORE_API","hsa_signal_wait_scacquire",3146968,3146968,1527,6201244383534491,6201244387534495
"HSA_CORE_API","hsa_signal_wait_scacquire",3146968,3146968,1528,6201244387534785,6201244391534779
"HSA_CORE_API","hsa_signal_wait_scacquire",3146968,3146968,1529,6201244391535079,6201244395535073
"HSA_CORE_API","hsa_signal_wait_scacquire",3146968,3146968,1530,6201244395535373,6201244399535367
"HSA_CORE_API","hsa_signal_wait_scacquire",3146968,3146968,1531,6201244399535667,6201244403535672
"HSA_CORE_API","hsa_signal_wait_scacquire",3146968,3146968,1532,6201244403535962,6201244407535966
"HSA_CORE_API","hsa_signal_wait_scacquire",3146968,3146968,1533,6201244407536266,6201244411536270
"HSA_CORE_API","hsa_signal_wait_scacquire",3146968,3146968,1534,6201244411536560,6201244415536564
"HSA_CORE_API","hsa_signal_wait_scacquire",3146968,3146968,1535,6201244415536854,6201244419536858
"HSA_CORE_API","hsa_signal_wait_scacquire",3146968,3146968,1536,6201244419537148,6201244423537153
"HSA_CORE_API","hsa_signal_wait_scacquire",3146968,3146968,1537,6201244423537593,6201244427537587
"HSA_CORE_API","hsa_signal_wait_scacquire",3146968,3146968,1538,6201244427545547,6201244431545551
"HSA_CORE_API","hsa_signal_wait_scacquire",3146968,3146968,1539,6201244431545841,6201244435545845
"HSA_CORE_API","hsa_signal_wait_scacquire",3146968,3146968,1540,6201244435546135,6201244439546139
"HSA_CORE_API","hsa_signal_wait_scacquire",3146968,3146968,1541,6201244439546439,6201244443546443
"HSA_CORE_API","hsa_signal_wait_scacquire",3146968,3146968,1542,6201244443546733,6201244447546737
"HSA_CORE_API","hsa_signal_wait_scacquire",3146968,3146968,1543,6201244447547027,6201244451547042
"HSA_CORE_API","hsa_signal_wait_scacquire",3146968,3146968,1544,6201244451547332,6201244455547336
"HSA_CORE_API","hsa_signal_wait_scacquire",3146968,3146968,1545,6201244455547686,6201244459547680
"HSA_CORE_API","hsa_signal_wait_scacquire",3146968,3146968,1546,6201244459547980,6201244463547984
"HSA_CORE_API","hsa_signal_wait_scacquire",3146968,3146968,1547,6201244463548274,6201244467548288
"HSA_CORE_API","hsa_signal_wait_scacquire",3146968,3146968,1548,6201244467552858,6201244471552873
"HSA_CORE_API","hsa_signal_wait_scacquire",3146968,3146968,1549,6201244471553163,6201244475553177
"HSA_CORE_API","hsa_signal_wait_scacquire",3146968,3146968,1550,6201244475553467,6201244479553471
"HSA_CORE_API","hsa_signal_wait_scacquire",3146968,3146968,1551,6201244479553761,6201244483553765
"HSA_CORE_API","hsa_signal_wait_scacquire",3146968,3146968,1552,6201244483554155,6201244487554159
"HSA_CORE_API","hsa_signal_wait_scacquire",3146968,3146968,1553,6201244487554709,6201244491554713
"HSA_CORE_API","hsa_signal_wait_scacquire",3146968,3146968,1554,6201244491555013,6201244495555008
"HSA_CORE_API","hsa_signal_wait_scacquire",3146968,3146968,1555,6201244495555308,6201244499555312
"HSA_CORE_API","hsa_signal_wait_scacquire",3146968,3146968,1556,6201244499555612,6201244503555616
"HSA_CORE_API","hsa_signal_wait_scacquire",3146968,3146968,1557,6201244503555986,6201244507555990
"HSA_CORE_API","hsa_signal_wait_scacquire",3146968,3146968,1558,6201244507556480,6201244511556484
"HSA_CORE_API","hsa_signal_wait_scacquire",3146968,3146968,1559,6201244511556784,6201244515556788
"HSA_CORE_API","hsa_signal_wait_scacquire",3146968,3146968,1560,6201244515557078,6201244519557073
"HSA_CORE_API","hsa_signal_wait_scacquire",3146968,3146968,1561,6201244519557783,6201244523557787
"HSA_CORE_API","hsa_signal_wait_scacquire",3146968,3146968,1562,6201244523558077,6201244527558081
"HSA_CORE_API","hsa_signal_wait_scacquire",3146968,3146968,1563,6201244527558371,6201244531558365
"HSA_CORE_API","hsa_signal_wait_scacquire",3146968,3146968,1564,6201244531558875,6201244535558869
"HSA_CORE_API","hsa_signal_wait_scacquire",3146968,3146968,1565,6201244535559439,6201244539559444
"HSA_CORE_API","hsa_signal_wait_scacquire",3146968,3146968,1566,6201244539559734,6201244543559738
"HSA_CORE_API","hsa_signal_wait_scacquire",3146968,3146968,1567,6201244543560038,6201244547560042
"HSA_CORE_API","hsa_signal_wait_scacquire",3146968,3146968,1568,6201244547560332,6201244551560326
"HSA_CORE_API","hsa_signal_wait_scacquire",3146968,3146968,1569,6201244551561076,6201244555561070
"HSA_CORE_API","hsa_signal_wait_scacquire",3146968,3146968,1570,6201244555561550,6201244559561734
"HSA_CORE_API","hsa_signal_wait_scacquire",3146968,3146968,1571,6201244559562024,6201244563562039
"HSA_CORE_API","hsa_signal_wait_scacquire",3146968,3146968,1572,6201244563562329,6201244567562323
"HSA_CORE_API","hsa_signal_wait_scacquire",3146968,3146968,1573,6201244567562623,6201244571562627
"HSA_CORE_API","hsa_signal_wait_scacquire",3146968,3146968,1574,6201244571563117,6201244575563131
"HSA_CORE_API","hsa_signal_wait_scacquire",3146968,3146968,1575,6201244575563431,6201244579563435
"HSA_CORE_API","hsa_signal_wait_scacquire",3146968,3146968,1576,6201244579563725,6201244583563730
"HSA_CORE_API","hsa_signal_wait_scacquire",3146968,3146968,1577,6201244583564020,6201244587564024
"HSA_CORE_API","hsa_signal_wait_scacquire",3146968,3146968,1578,6201244587564314,6201244591564318
"HSA_CORE_API","hsa_signal_wait_scacquire",3146968,3146968,1579,6201244591564608,6201244595564602
"HSA_CORE_API","hsa_signal_wait_scacquire",3146968,3146968,1580,6201244595564902,6201244599564896
"HSA_CORE_API","hsa_signal_wait_scacquire",3146968,3146968,1581,6201244599565206,6201244603565200
"HSA_CORE_API","hsa_signal_wait_scacquire",3146968,3146968,1582,6201244603566110,6201244607566105
"HSA_CORE_API","hsa_signal_wait_scacquire",3146968,3146968,1583,6201244607566395,6201244611566589
"HSA_CORE_API","hsa_signal_wait_scacquire",3146968,3146968,1584,6201244611567069,6201244615567073
"HSA_CORE_API","hsa_signal_wait_scacquire",3146968,3146968,1585,6201244615567553,6201244619567557
"HSA_CORE_API","hsa_signal_wait_scacquire",3146968,3146968,1586,6201244619568017,6201244623568021
"HSA_CORE_API","hsa_signal_wait_scacquire",3146968,3146968,1587,6201244623568681,6201244627568685
"HSA_CORE_API","hsa_signal_wait_scacquire",3146968,3146968,1588,6201244627568975,6201244631568980
"HSA_CORE_API","hsa_signal_wait_scacquire",3146968,3146968,1589,6201244631569280,6201244635569284
"HSA_CORE_API","hsa_signal_wait_scacquire",3146968,3146968,1590,6201244635569574,6201244639569598
"HSA_CORE_API","hsa_signal_wait_scacquire",3146968,3146968,1591,6201244639569908,6201244643569912
"HSA_CORE_API","hsa_signal_wait_scacquire",3146968,3146968,1592,6201244643570212,6201244647570406
"HSA_CORE_API","hsa_signal_wait_scacquire",3146968,3146968,1593,6201244647570886,6201244651570901
"HSA_CORE_API","hsa_signal_wait_scacquire",3146968,3146968,1594,6201244651571191,6201244655571185
"HSA_CORE_API","hsa_signal_wait_scacquire",3146968,3146968,1595,6201244655571475,6201244659571479
"HSA_CORE_API","hsa_signal_wait_scacquire",3146968,3146968,1596,6201244659571779,6201244663571783
"HSA_CORE_API","hsa_signal_wait_scacquire",3146968,3146968,1597,6201244663572363,6201244667572377
"HSA_CORE_API","hsa_signal_wait_scacquire",3146968,3146968,1598,6201244667573277,6201244671573281
"HSA_CORE_API","hsa_signal_wait_scacquire",3146968,3146968,1599,6201244671573571,6201244675573576
"HSA_CORE_API","hsa_signal_wait_scacquire",3146968,3146968,1600,6201244675573866,6201244679573860
"HSA_CORE_API","hsa_signal_wait_scacquire",3146968,3146968,1601,6201244679574720,6201244683574724
"HSA_CORE_API","hsa_signal_wait_scacquire",3146968,3146968,1602,6201244683583174,6201244687583358
"HSA_CORE_API","hsa_signal_wait_scacquire",3146968,3146968,1603,6201244687584118,6201244691584122
"HSA_CORE_API","hsa_signal_wait_scacquire",3146968,3146968,1604,6201244691584412,6201244695584416
"HSA_CORE_API","hsa_signal_wait_scacquire",3146968,3146968,1605,6201244695584716,6201244699584740
"HSA_CORE_API","hsa_signal_wait_scacquire",3146968,3146968,1606,6201244699585050,6201244703585055
"HSA_CORE_API","hsa_signal_wait_scacquire",3146968,3146968,1607,6201244703585605,6201244707585609
"HSA_CORE_API","hsa_signal_wait_scacquire",3146968,3146968,1608,6201244707586489,6201244711586493
"HSA_CORE_API","hsa_signal_wait_scacquire",3146968,3146968,1609,6201244711586783,6201244715586777
"HSA_CORE_API","hsa_signal_wait_scacquire",3146968,3146968,1610,6201244715587077,6201244719587071
"HSA_CORE_API","hsa_signal_wait_scacquire",3146968,3146968,1611,6201244719587371,6201244723587366
"HSA_CORE_API","hsa_signal_wait_scacquire",3146968,3146968,1612,6201244723588226,6201244727588240
"HSA_CORE_API","hsa_signal_wait_scacquire",3146968,3146968,1613,6201244727588530,6201244731588544
"HSA_CORE_API","hsa_signal_wait_scacquire",3146968,3146968,1614,6201244731588834,6201244735588828
"HSA_CORE_API","hsa_signal_wait_scacquire",3146968,3146968,1615,6201244735589128,6201244739589122
"HSA_CORE_API","hsa_signal_wait_scacquire",3146968,3146968,1616,6201244739589422,6201244743589416
"HSA_CORE_API","hsa_signal_wait_scacquire",3146968,3146968,1617,6201244743590116,6201244747590110
"HSA_CORE_API","hsa_signal_wait_scacquire",3146968,3146968,1618,6201244747590600,6201244751590595
"HSA_CORE_API","hsa_signal_wait_scacquire",3146968,3146968,1619,6201244751590895,6201244755590899
"HSA_CORE_API","hsa_signal_wait_scacquire",3146968,3146968,1620,6201244755591779,6201244759591783
"HSA_CORE_API","hsa_signal_wait_scacquire",3146968,3146968,1621,6201244759592273,6201244763592567
"HSA_CORE_API","hsa_signal_wait_scacquire",3146968,3146968,1622,6201244763592867,6201244767592871
"HSA_CORE_API","hsa_signal_wait_scacquire",3146968,3146968,1623,6201244767598461,6201244771598455
"HSA_CORE_API","hsa_signal_wait_scacquire",3146968,3146968,1624,6201244771598755,6201244775598750
"HSA_CORE_API","hsa_signal_wait_scacquire",3146968,3146968,1625,6201244775599050,6201244779599064
"HSA_CORE_API","hsa_signal_wait_scacquire",3146968,3146968,1626,6201244779599364,6201244783599378
"HSA_CORE_API","hsa_signal_wait_scacquire",3146968,3146968,1627,6201244783599668,6201244787599682
"HSA_CORE_API","hsa_signal_wait_scacquire",3146968,3146968,1628,6201244787599972,6201244791599976
"HSA_CORE_API","hsa_signal_wait_scacquire",3146968,3146968,1629,6201244791600266,6201244795600260
"HSA_CORE_API","hsa_signal_wait_scacquire",3146968,3146968,1630,6201244795600550,6201244799600565
"HSA_CORE_API","hsa_signal_wait_scacquire",3146968,3146968,1631,6201244799600865,6201244803600869
"HSA_CORE_API","hsa_signal_wait_scacquire",3146968,3146968,1632,6201244803601159,6201244807601153
"HSA_CORE_API","hsa_signal_wait_scacquire",3146968,3146968,1633,6201244807601453,6201244811601447
"HSA_CORE_API","hsa_signal_wait_scacquire",3146968,3146968,1634,6201244811601747,6201244815601751
"HSA_CORE_API","hsa_signal_wait_scacquire",3146968,3146968,1635,6201244815602041,6201244819602045
"HSA_CORE_API","hsa_signal_wait_scacquire",3146968,3146968,1636,6201244819602335,6201244823602340
"HSA_CORE_API","hsa_signal_wait_scacquire",3146968,3146968,1637,6201244823602650,6201244827602654
"HSA_CORE_API","hsa_signal_wait_scacquire",3146968,3146968,1638,6201244827602944,6201244831602938
"HSA_CORE_API","hsa_signal_wait_scacquire",3146968,3146968,1639,6201244831603238,6201244835603232
"HSA_CORE_API","hsa_signal_wait_scacquire",3146968,3146968,1640,6201244835603532,6201244839603536
"HSA_CORE_API","hsa_signal_wait_scacquire",3146968,3146968,1641,6201244839603826,6201244843603820
"HSA_CORE_API","hsa_signal_wait_scacquire",3146968,3146968,1642,6201244843604120,6201244847604125
"HSA_CORE_API","hsa_signal_wait_scacquire",3146968,3146968,1643,6201244847604415,6201244851604419
"HSA_CORE_API","hsa_signal_wait_scacquire",3146968,3146968,1644,6201244851604709,6201244855604703
"HSA_CORE_API","hsa_signal_wait_scacquire",3146968,3146968,1645,6201244855605203,6201244859605197
"HSA_CORE_API","hsa_signal_wait_scacquire",3146968,3146968,1646,6201244859605497,6201244863605491
"HSA_CORE_API","hsa_signal_wait_scacquire",3146968,3146968,1647,6201244863606281,6201244867606276
"HSA_CORE_API","hsa_signal_wait_scacquire",3146968,3146968,1648,6201244867606576,6201244871606580
"HSA_CORE_API","hsa_signal_wait_scacquire",3146968,3146968,1649,6201244871606870,6201244875606874
"HSA_CORE_API","hsa_signal_wait_scacquire",3146968,3146968,1650,6201244875607164,6201244879607158
"HSA_CORE_API","hsa_signal_wait_scacquire",3146968,3146968,1651,6201244879607458,6201244883607452
"HSA_CORE_API","hsa_signal_wait_scacquire",3146968,3146968,1652,6201244883607752,6201244887607786
"HSA_CORE_API","hsa_signal_wait_scacquire",3146968,3146968,1653,6201244887608106,6201244891608111
"HSA_CORE_API","hsa_signal_wait_scacquire",3146968,3146968,1654,6201244891608401,6201244895608395
"HSA_CORE_API","hsa_signal_wait_scacquire",3146968,3146968,1655,6201244895608695,6201244899608699
"HSA_CORE_API","hsa_signal_wait_scacquire",3146968,3146968,1656,6201244899608999,6201244903609003
"HSA_CORE_API","hsa_signal_wait_scacquire",3146968,3146968,1657,6201244903609293,6201244907609297
"HSA_CORE_API","hsa_signal_wait_scacquire",3146968,3146968,1658,6201244907609587,6201244911609581
"HSA_CORE_API","hsa_signal_wait_scacquire",3146968,3146968,1659,6201244911609871,6201244915609886
"HSA_CORE_API","hsa_signal_wait_scacquire",3146968,3146968,1660,6201244915610176,6201244919610180
"HSA_CORE_API","hsa_signal_wait_scacquire",3146968,3146968,1661,6201244919610470,6201244923610474
"HSA_CORE_API","hsa_signal_wait_scacquire",3146968,3146968,1662,6201244923610764,6201244927610778
"HSA_CORE_API","hsa_signal_wait_scacquire",3146968,3146968,1663,6201244927611068,6201244931611062
"HSA_CORE_API","hsa_signal_wait_scacquire",3146968,3146968,1664,6201244931611362,6201244935611357
"HSA_CORE_API","hsa_signal_wait_scacquire",3146968,3146968,1665,6201244935612037,6201244939612041
"HSA_CORE_API","hsa_signal_wait_scacquire",3146968,3146968,1666,6201244939618561,6201244943618555
"HSA_CORE_API","hsa_signal_wait_scacquire",3146968,3146968,1667,6201244943618845,6201244947618849
"HSA_CORE_API","hsa_signal_wait_scacquire",3146968,3146968,1668,6201244947619149,6201244951619153
"HSA_CORE_API","hsa_signal_wait_scacquire",3146968,3146968,1669,6201244951619513,6201244955619517
"HSA_CORE_API","hsa_signal_wait_scacquire",3146968,3146968,1670,6201244955619807,6201244959619811
"HSA_CORE_API","hsa_signal_wait_scacquire",3146968,3146968,1671,6201244959620101,6201244963620096
"HSA_CORE_API","hsa_signal_wait_scacquire",3146968,3146968,1672,6201244963620396,6201244967620390
"HSA_CORE_API","hsa_signal_wait_scacquire",3146968,3146968,1673,6201244967620690,6201244971620694
"HSA_CORE_API","hsa_signal_wait_scacquire",3146968,3146968,1674,6201244971620984,6201244975620988
"HSA_CORE_API","hsa_signal_wait_scacquire",3146968,3146968,1675,6201244975621278,6201244979621282
"HSA_CORE_API","hsa_signal_wait_scacquire",3146968,3146968,1676,6201244979621762,6201244983621756
"HSA_CORE_API","hsa_signal_wait_scacquire",3146968,3146968,1677,6201244983622106,6201244987622101
"HSA_CORE_API","hsa_signal_wait_scacquire",3146968,3146968,1678,6201244987622401,6201244991622405
"HSA_CORE_API","hsa_signal_wait_scacquire",3146968,3146968,1679,6201244991622845,6201244995622849
"HSA_CORE_API","hsa_signal_wait_scacquire",3146968,3146968,1680,6201244995623149,6201244999623353
"HSA_CORE_API","hsa_signal_wait_scacquire",3146968,3146968,1681,6201244999623713,6201245003623707
"HSA_CORE_API","hsa_signal_wait_scacquire",3146968,3146968,1682,6201245003623997,6201245007624011
"HSA_CORE_API","hsa_signal_wait_scacquire",3146968,3146968,1683,6201245007624301,6201245011624296
"HSA_CORE_API","hsa_signal_wait_scacquire",3146968,3146968,1684,6201245011624586,6201245015624600
"HSA_CORE_API","hsa_signal_wait_scacquire",3146968,3146968,1685,6201245015625180,6201245019625174
"HSA_CORE_API","hsa_signal_wait_scacquire",3146968,3146968,1686,6201245019625474,6201245023625488
"HSA_CORE_API","hsa_signal_wait_scacquire",3146968,3146968,1687,6201245023625778,6201245027625782
"HSA_CORE_API","hsa_signal_wait_scacquire",3146968,3146968,1688,6201245027626642,6201245031626637
"HSA_CORE_API","hsa_signal_wait_scacquire",3146968,3146968,1689,6201245031626986,6201245035626991
"HSA_CORE_API","hsa_signal_wait_scacquire",3146968,3146968,1690,6201245035627291,6201245039627295
"HSA_CORE_API","hsa_signal_wait_scacquire",3146968,3146968,1691,6201245039627585,6201245043627579
"HSA_CORE_API","hsa_signal_wait_scacquire",3146968,3146968,1692,6201245043627879,6201245047627883
"HSA_CORE_API","hsa_signal_wait_scacquire",3146968,3146968,1693,6201245047628173,6201245051628187
"HSA_CORE_API","hsa_signal_wait_scacquire",3146968,3146968,1694,6201245051628907,6201245055628911
"HSA_CORE_API","hsa_signal_wait_scacquire",3146968,3146968,1695,6201245055629211,6201245059629216
"HSA_CORE_API","hsa_signal_wait_scacquire",3146968,3146968,1696,6201245059629506,6201245063629510
"HSA_CORE_API","hsa_signal_wait_scacquire",3146968,3146968,1697,6201245063631140,6201245067631144
"HSA_CORE_API","hsa_signal_wait_scacquire",3146968,3146968,1698,6201245067631434,6201245071631428
"HSA_CORE_API","hsa_signal_wait_scacquire",3146968,3146968,1699,6201245071631718,6201245075631732
"HSA_CORE_API","hsa_signal_wait_scacquire",3146968,3146968,1700,6201245075632022,6201245079632027
"HSA_CORE_API","hsa_signal_wait_scacquire",3146968,3146968,1701,6201245079632317,6201245083632321
"HSA_CORE_API","hsa_signal_wait_scacquire",3146968,3146968,1702,6201245083632621,6201245087632625
"HSA_CORE_API","hsa_signal_wait_scacquire",3146968,3146968,1703,6201245087632915,6201245091632919
"HSA_CORE_API","hsa_signal_wait_scacquire",3146968,3146968,1704,6201245091633609,6201245095633613
"HSA_CORE_API","hsa_signal_wait_scacquire",3146968,3146968,1705,6201245095633973,6201245099633987
"HSA_CORE_API","hsa_signal_wait_scacquire",3146968,3146968,1706,6201245099634297,6201245103634302
"HSA_CORE_API","hsa_signal_wait_scacquire",3146968,3146968,1707,6201245103634592,6201245107634586
"HSA_CORE_API","hsa_signal_wait_scacquire",3146968,3146968,1708,6201245107634886,6201245111634880
"HSA_CORE_API","hsa_signal_wait_scacquire",3146968,3146968,1709,6201245111635420,6201245115635424
"HSA_CORE_API","hsa_signal_wait_scacquire",3146968,3146968,1710,6201245115635714,6201245119635708
"HSA_CORE_API","hsa_signal_wait_scacquire",3146968,3146968,1711,6201245119636008,6201245123636002
"HSA_CORE_API","hsa_signal_wait_scacquire",3146968,3146968,1712,6201245123636292,6201245127636297
"HSA_CORE_API","hsa_signal_wait_scacquire",3146968,3146968,1713,6201245127636597,6201245131636591
"HSA_CORE_API","hsa_signal_wait_scacquire",3146968,3146968,1714,6201245131636891,6201245135636895
"HSA_CORE_API","hsa_signal_wait_scacquire",3146968,3146968,1715,6201245135637185,6201245139637189
"HSA_CORE_API","hsa_signal_wait_scacquire",3146968,3146968,1716,6201245139637479,6201245143637823
"HSA_CORE_API","hsa_signal_wait_scacquire",3146968,3146968,1717,6201245143646543,6201245147646967
"HSA_CORE_API","hsa_signal_wait_scacquire",3146968,3146968,1718,6201245147647817,6201245151647821
"HSA_CORE_API","hsa_signal_wait_scacquire",3146968,3146968,1719,6201245151648181,6201245155648186
"HSA_CORE_API","hsa_signal_wait_scacquire",3146968,3146968,1720,6201245155648486,6201245159648480
"HSA_CORE_API","hsa_signal_wait_scacquire",3146968,3146968,1721,6201245159648780,6201245163648784
"HSA_CORE_API","hsa_signal_wait_scacquire",3146968,3146968,1722,6201245163649074,6201245167649068
"HSA_CORE_API","hsa_signal_wait_scacquire",3146968,3146968,1723,6201245167649358,6201245171649372
"HSA_CORE_API","hsa_signal_wait_scacquire",3146968,3146968,1724,6201245171649662,6201245175649656
"HSA_CORE_API","hsa_signal_wait_scacquire",3146968,3146968,1725,6201245175650016,6201245179650031
"HSA_CORE_API","hsa_signal_wait_scacquire",3146968,3146968,1726,6201245179650321,6201245183650335
"HSA_CORE_API","hsa_signal_wait_scacquire",3146968,3146968,1727,6201245183650635,6201245187650639
"HSA_CORE_API","hsa_signal_wait_scacquire",3146968,3146968,1728,6201245187650939,6201245191650943
"HSA_CORE_API","hsa_signal_wait_scacquire",3146968,3146968,1729,6201245191652883,6201245195652897
"HSA_CORE_API","hsa_signal_wait_scacquire",3146968,3146968,1730,6201245195657397,6201245199657401
"HSA_CORE_API","hsa_signal_wait_scacquire",3146968,3146968,1731,6201245199657691,6201245203657696
"HSA_CORE_API","hsa_signal_wait_scacquire",3146968,3146968,1732,6201245203657996,6201245207657990
"HSA_CORE_API","hsa_signal_wait_scacquire",3146968,3146968,1733,6201245207658280,6201245211658294
"HSA_CORE_API","hsa_signal_wait_scacquire",3146968,3146968,1734,6201245211658584,6201245215658578
"HSA_CORE_API","hsa_signal_wait_scacquire",3146968,3146968,1735,6201245215658878,6201245219658882
"HSA_CORE_API","hsa_signal_wait_scacquire",3146968,3146968,1736,6201245219659452,6201245223659456
"HSA_CORE_API","hsa_signal_wait_scacquire",3146968,3146968,1737,6201245223660336,6201245227660331
"HSA_CORE_API","hsa_signal_wait_scacquire",3146968,3146968,1738,6201245227660621,6201245231660625
"HSA_CORE_API","hsa_signal_wait_scacquire",3146968,3146968,1739,6201245231660915,6201245235660929
"HSA_CORE_API","hsa_signal_wait_scacquire",3146968,3146968,1740,6201245235661219,6201245239661223
"HSA_CORE_API","hsa_signal_wait_scacquire",3146968,3146968,1741,6201245239661523,6201245243661517
"HSA_CORE_API","hsa_signal_wait_scacquire",3146968,3146968,1742,6201245243662517,6201245247662521
"HSA_CORE_API","hsa_signal_wait_scacquire",3146968,3146968,1743,6201245247662811,6201245251662826
"HSA_CORE_API","hsa_signal_wait_scacquire",3146968,3146968,1744,6201245251663116,6201245255663120
"HSA_CORE_API","hsa_signal_wait_scacquire",3146968,3146968,1745,6201245255663490,6201245258230125
"HSA_CORE_API","hsa_signal_load_relaxed",3146968,3146968,1746,6201245258253404,6201245258254204
"HSA_CORE_API","hsa_signal_load_relaxed",3146968,3146968,1747,6201245258255134,6201245258255154
"HSA_CORE_API","hsa_signal_load_relaxed",3146968,3146968,1748,6201245258255514,6201245258255534
"HSA_CORE_API","hsa_signal_load_relaxed",3146968,3146968,1749,6201245258255834,6201245258255864
"HSA_CORE_API","hsa_queue_add_write_index_screlease",3146968,3146968,1750,6201245258307293,6201245258308513
"HSA_CORE_API","hsa_signal_load_relaxed",3146968,3146968,1751,6201245258309793,6201245258310133
"HSA_CORE_API","hsa_signal_load_relaxed",3146968,3146968,1752,6201245258310533,6201245258310663
"HSA_CORE_API","hsa_signal_load_relaxed",3146968,3146968,1753,6201245258311273,6201245258311303
"HSA_CORE_API","hsa_signal_silent_store_relaxed",3146968,3146968,1754,6201245258312143,6201245258312343
"HSA_CORE_API","hsa_queue_load_read_index_scacquire",3146968,3146968,1755,6201245258313553,6201245258314173
"HSA_CORE_API","hsa_signal_store_screlease",3146968,3146968,1756,6201245258314673,6201245258315183
"HSA_CORE_API","hsa_signal_load_relaxed",3146968,3146968,1757,6201245258315683,6201245258315713
"HSA_CORE_API","hsa_signal_load_relaxed",3146968,3146968,1758,6201245258316033,6201245258316063
"HSA_CORE_API","hsa_signal_wait_scacquire",3146968,3146968,1759,6201245258316353,6201245258325553
"HSA_CORE_API","hsa_signal_load_relaxed",3146968,3146968,1760,6201245258326643,6201245258326663
"HSA_CORE_API","hsa_queue_add_write_index_screlease",3146968,3146968,1761,6201245258384741,6201245258384771
"HSA_CORE_API","hsa_queue_load_read_index_relaxed",3146968,3146968,1762,6201245258385141,6201245258385411
"HSA_CORE_API","hsa_signal_load_relaxed",3146968,3146968,1763,6201245258385761,6201245258386131
"HSA_CORE_API","hsa_signal_load_relaxed",3146968,3146968,1764,6201245258386401,6201245258386421
"HSA_CORE_API","hsa_signal_load_relaxed",3146968,3146968,1765,6201245258386721,6201245258386751
"HSA_CORE_API","hsa_signal_silent_store_relaxed",3146968,3146968,1766,6201245258387321,6201245258387931
"HSA_CORE_API","hsa_queue_load_read_index_scacquire",3146968,3146968,1767,6201245258398811,6201245258398841
"HSA_CORE_API","hsa_signal_store_screlease",3146968,3146968,1768,6201245258399161,6201245258399191
"HSA_CORE_API","hsa_signal_load_relaxed",3146968,3146990,1769,6201245258451820,6201245258452150
"HSA_CORE_API","hsa_signal_load_relaxed",3146968,3146990,1770,6201245258459940,6201245258460020
"HSA_CORE_API","hsa_signal_load_relaxed",3146968,3146990,1771,6201245258461140,6201245258461480
