"Domain","Function","Process_Id","Thread_Id","Correlation_Id","Start_Timestamp","End_Timestamp"
"HSA_CORE_API","hsa_system_get_major_extension_table",2822952,2822952,1,6197079307078832,6197079307079542
"HSA_CORE_API","hsa_agent_get_info",2822952,2822952,3,6197079307093762,6197079307093892
"HSA_CORE_API","hsa_agent_get_info",2822952,2822952,4,6197079307102351,6197079307102381
"HSA_CORE_API","hsa_agent_get_info",2822952,2822952,5,6197079307103211,6197079307103331
"HSA_CORE_API","hsa_iterate_agents",2822952,2822952,2,6197079307091332,6197079307103571
"HSA_CORE_API","hsa_agent_get_info",2822952,2822952,6,6197079307105791,6197079307106251
"HSA_CORE_API","hsa_agent_get_info",2822952,2822952,7,6197079307106551,6197079307106601
"HSA_CORE_API","hsa_agent_iterate_isas",2822952,2822952,8,6197079307109701,6197079307110371
"HSA_CORE_API","hsa_isa_get_info_alt",2822952,2822952,9,6197079307112071,6197079307123941
"HSA_CORE_API","hsa_isa_get_info_alt",2822952,2822952,10,6197079307124431,6197079307125621
"HSA_CORE_API","hsa_agent_get_info",2822952,2822952,11,6197079307132461,6197079307132621
"HSA_CORE_API","hsa_agent_get_info",2822952,2822952,12,6197079307132911,6197079307133171
"HSA_CORE_API","hsa_agent_get_info",2822952,2822952,13,6197079307136370,6197079307136410
"HSA_CORE_API","hsa_agent_get_info",2822952,2822952,14,6197079307179889,6197079307179929
"HSA_CORE_API","hsa_agent_get_info",2822952,2822952,15,6197079307180209,6197079307180249
"HSA_CORE_API","hsa_agent_get_info",2822952,2822952,16,6197079307182079,6197079307182149
"HSA_CORE_API","hsa_agent_get_info",2822952,2822952,17,6197079307182519,6197079307187089
"HSA_CORE_API","hsa_agent_get_info",2822952,2822952,18,6197079307187389,6197079307187449
"HSA_CORE_API","hsa_agent_get_info",2822952,2822952,19,6197079307187699,6197079307187729
"HSA_CORE_API","hsa_agent_get_info",2822952,2822952,20,6197079307187989,6197079307188989
"HSA_CORE_API","hsa_agent_get_info",2822952,2822952,21,6197079307189259,6197079307189599
"HSA_CORE_API","hsa_agent_get_info",2822952,2822952,22,6197079307195989,6197079307196029
"HSA_CORE_API","hsa_agent_get_info",2822952,2822952,23,6197079307196329,6197079307196369
"HSA_CORE_API","hsa_agent_get_info",2822952,2822952,24,6197079307196629,6197079307196669
"HSA_CORE_API","hsa_agent_get_info",2822952,2822952,25,6197079307196989,6197079307197019
"HSA_CORE_API","hsa_agent_get_info",2822952,2822952,26,6197079307197279,6197079307197319
"HSA_CORE_API","hsa_agent_get_info",2822952,2822952,27,6197079307197579,6197079307197609
"HSA_CORE_API","hsa_agent_get_info",2822952,2822952,28,6197079307201659,6197079307201699
"HSA_CORE_API","hsa_agent_get_info",2822952,2822952,29,6197079307208859,6197079307208909
"HSA_CORE_API","hsa_agent_get_info",2822952,2822952,30,6197079307209179,6197079307209219
"HSA_CORE_API","hsa_agent_get_info",2822952,2822952,31,6197079307209589,6197079307209629
"HSA_CORE_API","hsa_agent_get_info",2822952,2822952,32,6197079307209889,6197079307209919
"HSA_CORE_API","hsa_agent_get_info",2822952,2822952,33,6197079307217598,6197079307243008
"HSA_CORE_API","hsa_agent_get_info",2822952,2822952,34,6197079307243598,6197079307243638
"HSA_CORE_API","hsa_agent_get_info",2822952,2822952,35,6197079307243898,6197079307243928
"HSA_CORE_API","hsa_agent_get_info",2822952,2822952,36,6197079307244198,6197079307244228
"HSA_CORE_API","hsa_agent_get_info",2822952,2822952,37,6197079307244488,6197079307244518
"HSA_CORE_API","hsa_agent_get_info",2822952,2822952,38,6197079307244788,6197079307244808
"HSA_CORE_API","hsa_agent_get_info",2822952,2822952,39,6197079307245078,6197079307245108
"HSA_CORE_API","hsa_agent_get_info",2822952,2822952,40,6197079307245368,6197079307245398
"HSA_CORE_API","hsa_agent_get_info",2822952,2822952,41,6197079307245658,6197079307245688
"HSA_CORE_API","hsa_agent_get_info",2822952,2822952,42,6197079307245948,6197079307245968
"HSA_CORE_API","hsa_agent_get_info",2822952,2822952,43,6197079307246238,6197079307246258
"HSA_CORE_API","hsa_agent_get_info",2822952,2822952,44,6197079307246538,6197079307246578
"HSA_CORE_API","hsa_agent_get_info",2822952,2822952,45,6197079307246848,6197079307246888
"HSA_CORE_API","hsa_agent_get_info",2822952,2822952,46,6197079307247148,6197079307247188
"HSA_CORE_API","hsa_agent_get_info",2822952,2822952,47,6197079307247448,6197079307247488
"HSA_CORE_API","hsa_agent_get_info",2822952,2822952,48,6197079307247758,6197079307248138
"HSA_CORE_API","hsa_agent_get_info",2822952,2822952,49,6197079307248408,6197079307248438
"HSA_CORE_API","hsa_system_get_info",2822952,2822952,50,6197079307306336,6197079307306776
"HSA_CORE_API","hsa_system_get_info",2822952,2822952,51,6197079307307226,6197079307307496
"HSA_CORE_API","hsa_agent_get_info",2822952,2822952,52,6197079307307786,6197079307307836
"HSA_CORE_API","hsa_agent_get_info",2822952,2822952,53,6197079307308126,6197079307308166
"HSA_CORE_API","hsa_system_get_info",2822952,2822952,54,6197079307308626,6197079307308666
"HSA_CORE_API","hsa_signal_create",2822952,2822952,55,6197079307316826,6197079307318346
"HSA_CORE_API","hsa_agent_get_info",2822952,2822952,56,6197079307696036,6197079307696126
"HSA_CORE_API","hsa_queue_create",2822952,2822952,57,6197079307697726,6197079318240761
"HSA_CORE_API","hsa_executable_create_alt",2822952,2822952,58,6197079325086073,6197079325098063
"HSA_CORE_API","hsa_code_object_reader_create_from_memory",2822952,2822952,59,6197079325100733,6197079325124242
"HSA_CORE_API","hsa_executable_load_agent_code_object",2822952,2822952,60,6197079325126382,6197079325283268
"HSA_CORE_API","hsa_signal_create",2822952,2822952,62,6197079325296838,6197079325298278
"HSA_CORE_API","hsa_signal_wait_scacquire",2822952,2822952,63,6197079325300258,6197079325315267
"HSA_CORE_API","hsa_signal_destroy",2822952,2822952,64,6197079325316607,6197079325317297
"HSA_CORE_API","hsa_executable_freeze",2822952,2822952,61,6197079325285448,6197079325513882
"HSA_CORE_API","hsa_executable_get_symbol_by_name",2822952,2822952,65,6197079325515682,6197079325516872
"HSA_CORE_API","hsa_executable_symbol_get_info",2822952,2822952,66,6197079325519752,6197079325519842
"HSA_CORE_API","hsa_executable_symbol_get_info",2822952,2822952,67,6197079325520222,6197079325520262
"HSA_CORE_API","hsa_agent_get_info",2822952,2822952,68,6197079325521052,6197079325521172
"HSA_CORE_API","hsa_executable_get_symbol_by_name",2822952,2822952,69,6197079325522362,6197079325522512
"HSA_CORE_API","hsa_executable_symbol_get_info",2822952,2822952,70,6197079325522792,6197079325522822
"HSA_CORE_API","hsa_executable_symbol_get_info",2822952,2822952,71,6197079325523072,6197079325523102
"HSA_CORE_API","hsa_agent_get_info",2822952,2822952,72,6197079325523422,6197079325523452
"HSA_CORE_API","hsa_executable_get_symbol_by_name",2822952,2822952,73,6197079325523912,6197079325524072
"HSA_CORE_API","hsa_executable_symbol_get_info",2822952,2822952,74,6197079325524332,6197079325524362
"HSA_CORE_API","hsa_executable_symbol_get_info",2822952,2822952,75,6197079325524612,6197079325524642
"HSA_CORE_API","hsa_agent_get_info",2822952,2822952,76,6197079325524892,6197079325524922
"HSA_CORE_API","hsa_executable_get_symbol_by_name",2822952,2822952,77,6197079325525412,6197079325525542
"HSA_CORE_API","hsa_executable_symbol_get_info",2822952,2822952,78,6197079325525812,6197079325525832
"HSA_CORE_API","hsa_executable_symbol_get_info",2822952,2822952,79,6197079325526082,6197079325526112
"HSA_CORE_API","hsa_agent_get_info",2822952,2822952,80,6197079325526412,6197079325526442
"HSA_CORE_API","hsa_executable_get_symbol_by_name",2822952,2822952,81,6197079325526832,6197079325526962
"HSA_CORE_API","hsa_executable_symbol_get_info",2822952,2822952,82,6197079325527222,6197079325527252
"HSA_CORE_API","hsa_executable_symbol_get_info",2822952,2822952,83,6197079325527502,6197079325527532
"HSA_CORE_API","hsa_agent_get_info",2822952,2822952,84,6197079325527782,6197079325527802
"HSA_CORE_API","hsa_executable_get_symbol_by_name",2822952,2822952,85,6197079325528242,6197079325528362
"HSA_CORE_API","hsa_executable_symbol_get_info",2822952,2822952,86,6197079325528612,6197079325528642
"HSA_CORE_API","hsa_executable_symbol_get_info",2822952,2822952,87,6197079325528892,6197079325528922
"HSA_CORE_API","hsa_agent_get_info",2822952,2822952,88,6197079325529232,6197079325529262
"HSA_CORE_API","hsa_executable_get_symbol_by_name",2822952,2822952,89,6197079325529682,6197079325529812
"HSA_CORE_API","hsa_executable_symbol_get_info",2822952,2822952,90,6197079325530072,6197079325530102
"HSA_CORE_API","hsa_executable_symbol_get_info",2822952,2822952,91,6197079325530352,6197079325530372
"HSA_CORE_API","hsa_agent_get_info",2822952,2822952,92,6197079325530632,6197079325530652
"HSA_CORE_API","hsa_executable_get_symbol_by_name",2822952,2822952,93,6197079325531042,6197079325531152
"HSA_CORE_API","hsa_executable_symbol_get_info",2822952,2822952,94,6197079325531402,6197079325531432
"HSA_CORE_API","hsa_executable_symbol_get_info",2822952,2822952,95,6197079325531682,6197079325531712
"HSA_CORE_API","hsa_agent_get_info",2822952,2822952,96,6197079325531972,6197079325532002
"HSA_CORE_API","hsa_executable_get_symbol_by_name",2822952,2822952,97,6197079325532422,6197079325532612
"HSA_CORE_API","hsa_executable_symbol_get_info",2822952,2822952,98,6197079325532872,6197079325532902
"HSA_CORE_API","hsa_executable_symbol_get_info",2822952,2822952,99,6197079325533141,6197079325533171
"HSA_CORE_API","hsa_agent_get_info",2822952,2822952,100,6197079325533431,6197079325533461
"HSA_CORE_API","hsa_executable_get_symbol_by_name",2822952,2822952,101,6197079325533891,6197079325534001
"HSA_CORE_API","hsa_executable_symbol_get_info",2822952,2822952,102,6197079325534261,6197079325534291
"HSA_CORE_API","hsa_executable_symbol_get_info",2822952,2822952,103,6197079325534531,6197079325534561
"HSA_CORE_API","hsa_agent_get_info",2822952,2822952,104,6197079325534821,6197079325534851
"HSA_CORE_API","hsa_system_get_info",2822952,2822952,105,6197079325541001,6197079325541131
"HSA_CORE_API","hsa_signal_create",2822952,2822952,106,6197079325550831,6197079325550951
"HSA_CORE_API","hsa_signal_create",2822952,2822952,107,6197079325551421,6197079325552531
"HSA_CORE_API","hsa_signal_create",2822952,2822952,108,6197079325552821,6197079325553201
"HSA_CORE_API","hsa_signal_create",2822952,2822952,109,6197079325553491,6197079325554081
"HSA_CORE_API","hsa_signal_create",2822952,2822952,110,6197079325554371,6197079325554761
"HSA_CORE_API","hsa_signal_load_relaxed",2822952,2822952,111,6197079325821744,6197079325822344
"HSA_CORE_API","hsa_queue_add_write_index_screlease",2822952,2822952,112,6197079325830954,6197079325831624
"HSA_CORE_API","hsa_signal_load_relaxed",2822952,2822952,113,6197079325832204,6197079325832254
"HSA_CORE_API","hsa_signal_load_relaxed",2822952,2822952,114,6197079325832664,6197079325832704
"HSA_CORE_API","hsa_signal_load_relaxed",2822952,2822952,115,6197079325833554,6197079325833574
"HSA_CORE_API","hsa_signal_silent_store_relaxed",2822952,2822952,116,6197079325835034,6197079325835134
"HSA_CORE_API","hsa_queue_load_read_index_scacquire",2822952,2822952,117,6197079325836684,6197079325836804
"HSA_CORE_API","hsa_signal_store_screlease",2822952,2822952,118,6197079325838424,6197079325838644
"HSA_CORE_API","hsa_signal_load_relaxed",2822952,2822952,119,6197079325840053,6197079325840083
"HSA_CORE_API","hsa_signal_wait_scacquire",2822952,2822952,120,6197079325840903,6197079325857753
"HSA_CORE_API","hsa_queue_add_write_index_screlease",2822952,2822952,121,6197079325870703,6197079325870733
"HSA_CORE_API","hsa_signal_load_relaxed",2822952,2822952,122,6197079325871043,6197079325871083
"HSA_CORE_API","hsa_signal_load_relaxed",2822952,2822952,123,6197079325871343,6197079325871373
"HSA_CORE_API","hsa_signal_load_relaxed",2822952,2822952,124,6197079325871643,6197079325871673
"HSA_CORE_API","hsa_signal_silent_store_relaxed",2822952,2822952,125,6197079325871963,6197079325871993
"HSA_CORE_API","hsa_queue_load_read_index_scacquire",2822952,2822952,126,6197079325872273,6197079325872543
"HSA_CORE_API","hsa_signal_store_screlease",2822952,2822952,127,6197079325872833,6197079325872863
"HSA_CORE_API","hsa_signal_load_relaxed",2822952,2822952,128,6197079325873323,6197079325873353
"HSA_CORE_API","hsa_signal_wait_scacquire",2822952,2822952,129,6197079325873743,6197079325886022
"HSA_CORE_API","hsa_queue_add_write_index_screlease",2822952,2822952,130,6197079325890512,6197079325890542
"HSA_CORE_API","hsa_signal_load_relaxed",2822952,2822952,131,6197079325890832,6197079325890872
"HSA_CORE_API","hsa_signal_load_relaxed",2822952,2822952,132,6197079325891132,6197079325891162
"HSA_CORE_API","hsa_signal_load_relaxed",2822952,2822952,133,6197079325891432,6197079325891462
"HSA_CORE_API","hsa_signal_silent_store_relaxed",2822952,2822952,134,6197079325891732,6197079325891762
"HSA_CORE_API","hsa_queue_load_read_index_scacquire",2822952,2822952,135,6197079325892022,6197079325892292
"HSA_CORE_API","hsa_signal_store_screlease",2822952,2822952,136,6197079325892552,6197079325892582
"HSA_CORE_API","hsa_signal_load_relaxed",2822952,2822952,137,6197079325893002,6197079325893032
"HSA_CORE_API","hsa_signal_wait_scacquire",2822952,2822952,138,6197079325893302,6197079325901672
"HSA_CORE_API","hsa_queue_add_write_index_screlease",2822952,2822952,139,6197079325903732,6197079325903762
"HSA_CORE_API","hsa_queue_load_read_index_relaxed",2822952,2822952,140,6197079325904872,6197079325905322
"HSA_CORE_API","hsa_signal_load_relaxed",2822952,2822952,141,6197079325906002,6197079325906042
"HSA_CORE_API","hsa_signal_load_relaxed",2822952,2822952,142,6197079325906302,6197079325906322
"HSA_CORE_API","hsa_signal_load_relaxed",2822952,2822952,143,6197079325906602,6197079325906632
"HSA_CORE_API","hsa_signal_silent_store_relaxed",2822952,2822952,144,6197079325906902,6197079325906922
"HSA_CORE_API","hsa_queue_load_read_index_scacquire",2822952,2822952,145,6197079325907262,6197079325907292
"HSA_CORE_API","hsa_signal_store_screlease",2822952,2822952,146,6197079325907602,6197079325907622
"HSA_CORE_API","hsa_signal_load_relaxed",2822952,2822952,147,6197079325909432,6197079325909462
"HSA_CORE_API","hsa_signal_load_relaxed",2822952,2822952,148,6197079325910022,6197079325910052
"HSA_CORE_API","hsa_signal_load_relaxed",2822952,2822952,149,6197079325910312,6197079325910342
"HSA_CORE_API","hsa_signal_load_relaxed",2822952,2822952,150,6197079325910612,6197079325910642
"HSA_CORE_API","hsa_signal_silent_store_relaxed",2822952,2822952,151,6197079325910902,6197079325910932
"HSA_CORE_API","hsa_signal_load_relaxed",2822952,2822952,152,6197079333122924,6197079333123184
"HSA_CORE_API","hsa_signal_wait_scacquire",2822952,2822952,153,6197079333123864,6197079333183272
"HSA_CORE_API","hsa_signal_load_relaxed",2822952,2822952,154,6197079333197862,6197079333197892
"HSA_CORE_API","hsa_signal_load_relaxed",2822952,2822952,155,6197079333198262,6197079333198302
"HSA_CORE_API","hsa_signal_load_relaxed",2822952,2822952,156,6197079333198582,6197079333198622
"HSA_CORE_API","hsa_signal_load_relaxed",2822952,2822952,157,6197079333198992,6197079333199022
"HSA_CORE_API","hsa_signal_silent_store_relaxed",2822952,2822952,158,6197079333199672,6197079333199802
"HSA_CORE_API","hsa_signal_load_relaxed",2822952,2822952,159,6197079333201012,6197079333201042
"HSA_CORE_API","hsa_signal_wait_scacquire",2822952,2822952,160,6197079333201312,6197079333209802
"HSA_CORE_API","hsa_signal_load_relaxed",2822952,2822952,161,6197079333730328,6197079333730378
"HSA_CORE_API","hsa_signal_load_relaxed",2822952,2822952,162,6197079333730858,6197079333730898
"HSA_CORE_API","hsa_signal_load_relaxed",2822952,2822952,163,6197079333731168,6197079333731208
"HSA_CORE_API","hsa_signal_load_relaxed",2822952,2822952,164,6197079333731488,6197079333731518
"HSA_CORE_API","hsa_signal_silent_store_relaxed",2822952,2822952,165,6197079333731828,6197079333731858
"HSA_CORE_API","hsa_queue_add_write_index_screlease",2822952,2822952,166,6197079333733218,6197079333733528
"HSA_CORE_API","hsa_queue_load_read_index_relaxed",2822952,2822952,167,6197079333733908,6197079333734148
"HSA_CORE_API","hsa_queue_load_read_index_scacquire",2822952,2822952,168,6197079333734628,6197079333734678
"HSA_CORE_API","hsa_signal_store_screlease",2822952,2822952,169,6197079333735188,6197079333735358
"HSA_CORE_API","hsa_queue_add_write_index_screlease",2822952,2822952,170,6197079333754478,6197079333754508
"HSA_CORE_API","hsa_queue_load_read_index_scacquire",2822952,2822952,171,6197079333755068,6197079333755288
"HSA_CORE_API","hsa_signal_store_screlease",2822952,2822952,172,6197079333755638,6197079333755678
"HSA_CORE_API","hsa_queue_add_write_index_screlease",2822952,2822952,173,6197079333757768,6197079333757798
"HSA_CORE_API","hsa_queue_load_read_index_scacquire",2822952,2822952,174,6197079333758098,6197079333758128
"HSA_CORE_API","hsa_signal_store_screlease",2822952,2822952,175,6197079333758407,6197079333758437
"HSA_CORE_API","hsa_queue_add_write_index_screlease",2822952,2822952,176,6197079333761397,6197079333761427
"HSA_CORE_API","hsa_queue_load_read_index_scacquire",2822952,2822952,177,6197079333761707,6197079333761737
"HSA_CORE_API","hsa_signal_store_screlease",2822952,2822952,178,6197079333762007,6197079333762027
"HSA_CORE_API","hsa_executable_create_alt",2822952,2822952,179,6197079334058950,6197079334061270
"HSA_CORE_API","hsa_code_object_reader_create_from_memory",2822952,2822952,180,6197079334062020,6197079334075869
"HSA_CORE_API","hsa_executable_load_agent_code_object",2822952,2822952,181,6197079334076549,6197079334200866
"HSA_CORE_API","hsa_signal_create",2822952,2822952,183,6197079334221535,6197079334222505
"HSA_CORE_API","hsa_signal_wait_scacquire",2822952,2822952,184,6197079334223195,6197079334239015
"HSA_CORE_API","hsa_signal_destroy",2822952,2822952,185,6197079334239695,6197079334240265
"HSA_CORE_API","hsa_executable_freeze",2822952,2822952,182,6197079334201936,6197079334333103
"HSA_CORE_API","hsa_executable_get_symbol_by_name",2822952,2822952,186,6197079334334202,6197079334335062
"HSA_CORE_API","hsa_executable_symbol_get_info",2822952,2822952,187,6197079334335902,6197079334335992
"HSA_CORE_API","hsa_executable_symbol_get_info",2822952,2822952,188,6197079334336382,6197079334336412
"HSA_CORE_API","hsa_agent_get_info",2822952,2822952,189,6197079334337722,6197079334337822
"HSA_CORE_API","hsa_executable_get_symbol_by_name",2822952,2822952,190,6197079334338812,6197079334338942
"HSA_CORE_API","hsa_executable_symbol_get_info",2822952,2822952,191,6197079334339192,6197079334339222
"HSA_CORE_API","hsa_executable_symbol_get_info",2822952,2822952,192,6197079334339472,6197079334339502
"HSA_CORE_API","hsa_agent_get_info",2822952,2822952,193,6197079334339932,6197079334339952
"HSA_CORE_API","hsa_executable_get_symbol_by_name",2822952,2822952,194,6197079334341592,6197079334341692
"HSA_CORE_API","hsa_executable_symbol_get_info",2822952,2822952,195,6197079334341952,6197079334341982
"HSA_CORE_API","hsa_executable_symbol_get_info",2822952,2822952,196,6197079334342232,6197079334342252
"HSA_CORE_API","hsa_agent_get_info",2822952,2822952,197,6197079334342512,6197079334342542
"HSA_CORE_API","hsa_queue_add_write_index_screlease",2822952,2822952,198,6197079334351572,6197079334351682
"HSA_CORE_API","hsa_queue_load_read_index_scacquire",2822952,2822952,199,6197079334352132,6197079334352372
"HSA_CORE_API","hsa_signal_store_screlease",2822952,2822952,200,6197079334352812,6197079334352912
"HSA_CORE_API","hsa_signal_load_relaxed",2822952,2822952,201,6197079334357292,6197079334357652
"HSA_CORE_API","hsa_signal_load_relaxed",2822952,2822952,202,6197079334358032,6197079334358082
"HSA_CORE_API","hsa_signal_load_relaxed",2822952,2822952,203,6197079334358432,6197079334358462
"HSA_CORE_API","hsa_signal_silent_store_relaxed",2822952,2822952,204,6197079334358862,6197079334358942
"HSA_CORE_API","hsa_queue_add_write_index_screlease",2822952,2822952,205,6197079334359462,6197079334359492
"HSA_CORE_API","hsa_queue_load_read_index_relaxed",2822952,2822952,206,6197079334359822,6197079334359892
"HSA_CORE_API","hsa_queue_load_read_index_scacquire",2822952,2822952,207,6197079334360212,6197079334360242
"HSA_CORE_API","hsa_signal_store_screlease",2822952,2822952,208,6197079334360512,6197079334360542
"HSA_CORE_API","hsa_signal_load_relaxed",2822952,2822952,209,6197079334362452,6197079334362472
"HSA_CORE_API","hsa_signal_wait_scacquire",2822952,2822952,210,6197079334362792,6197079338362998
"HSA_CORE_API","hsa_signal_wait_scacquire",2822952,2822952,211,6197079338363538,6197079342363683
"HSA_CORE_API","hsa_signal_wait_scacquire",2822952,2822952,212,6197079342363973,6197079346364119
"HSA_CORE_API","hsa_signal_wait_scacquire",2822952,2822952,213,6197079346364399,6197079350364555
"HSA_CORE_API","hsa_signal_wait_scacquire",2822952,2822952,214,6197079350364845,6197079354364991
"HSA_CORE_API","hsa_signal_wait_scacquire",2822952,2822952,215,6197079354365271,6197079358365417
"HSA_CORE_API","hsa_signal_wait_scacquire",2822952,2822952,216,6197079358365897,6197079362366043
"HSA_CORE_API","hsa_signal_wait_scacquire",2822952,2822952,217,6197079362366403,6197079366366549
"HSA_CORE_API","hsa_signal_wait_scacquire",2822952,2822952,218,6197079366367029,6197079370367174
"HSA_CORE_API","hsa_signal_wait_scacquire",2822952,2822952,219,6197079370367654,6197079374367810
"HSA_CORE_API","hsa_signal_wait_scacquire",2822952,2822952,220,6197079374368300,6197079378368446
"HSA_CORE_API","hsa_signal_wait_scacquire",2822952,2822952,221,6197079378369146,6197079382369292
"HSA_CORE_API","hsa_signal_wait_scacquire",2822952,2822952,222,6197079382369772,6197079386369918
"HSA_CORE_API","hsa_signal_wait_scacquire",2822952,2822952,223,6197079386370398,6197079390370544
"HSA_CORE_API","hsa_signal_wait_scacquire",2822952,2822952,224,6197079390370824,6197079394370980
"HSA_CORE_API","hsa_signal_wait_scacquire",2822952,2822952,225,6197079394371520,6197079398371655
"HSA_CORE_API","hsa_signal_wait_scacquire",2822952,2822952,226,6197079398372135,6197079402372291
"HSA_CORE_API","hsa_signal_wait_scacquire",2822952,2822952,227,6197079402372771,6197079406372937
"HSA_CORE_API","hsa_signal_wait_scacquire",2822952,2822952,228,6197079406373427,6197079410373573
"HSA_CORE_API","hsa_signal_wait_scacquire",2822952,2822952,229,6197079410374113,6197079414374259
"HSA_CORE_API","hsa_signal_wait_scacquire",2822952,2822952,230,6197079414374739,6197079418374885
"HSA_CORE_API","hsa_signal_wait_scacquire",2822952,2822952,231,6197079418375365,6197079422375511
"HSA_CORE_API","hsa_signal_wait_scacquire",2822952,2822952,232,6197079422375991,6197079426376136
"HSA_CORE_API","hsa_signal_wait_scacquire",2822952,2822952,233,6197079426376496,6197079430376652
"HSA_CORE_API","hsa_signal_wait_scacquire",2822952,2822952,234,6197079430376942,6197079434377098
"HSA_CORE_API","hsa_signal_wait_scacquire",2822952,2822952,235,6197079434377578,6197079438377724
"HSA_CORE_API","hsa_signal_wait_scacquire",2822952,2822952,236,6197079438378204,6197079442378350
"HSA_CORE_API","hsa_signal_wait_scacquire",2822952,2822952,237,6197079442378830,6197079446378976
"HSA_CORE_API","hsa_signal_wait_scacquire",2822952,2822952,238,6197079446379266,6197079450379422
"HSA_CORE_API","hsa_signal_wait_scacquire",2822952,2822952,239,6197079450379902,6197079454380048
"HSA_CORE_API","hsa_signal_wait_scacquire",2822952,2822952,240,6197079454380338,6197079458380483
"HSA_CORE_API","hsa_signal_wait_scacquire",2822952,2822952,241,6197079458381073,6197079462381219
"HSA_CORE_API","hsa_signal_wait_scacquire",2822952,2822952,242,6197079462381699,6197079466381855
"HSA_CORE_API","hsa_signal_wait_scacquire",2822952,2822952,243,6197079466382335,6197079470382481
"HSA_CORE_API","hsa_signal_wait_scacquire",2822952,2822952,244,6197079470382961,6197079474383107
"HSA_CORE_API","hsa_signal_wait_scacquire",2822952,2822952,245,6197079474383587,6197079478383733
"HSA_CORE_API","hsa_signal_wait_scacquire",2822952,2822952,246,6197079478384213,6197079482384359
"HSA_CORE_API","hsa_signal_wait_scacquire",2822952,2822952,247,6197079482384838,6197079486384984
"HSA_CORE_API","hsa_signal_wait_scacquire",2822952,2822952,248,6197079486385464,6197079490385610
"HSA_CORE_API","hsa_signal_wait_scacquire",2822952,2822952,249,6197079490386150,6197079494386296
"HSA_CORE_API","hsa_signal_wait_scacquire",2822952,2822952,250,6197079494386776,6197079498386922
"HSA_CORE_API","hsa_signal_wait_scacquire",2822952,2822952,251,6197079498387402,6197079502387548
"HSA_CORE_API","hsa_signal_wait_scacquire",2822952,2822952,252,6197079502388018,6197079506388164
"HSA_CORE_API","hsa_signal_wait_scacquire",2822952,2822952,253,6197079506388644,6197079510388790
"HSA_CORE_API","hsa_signal_wait_scacquire",2822952,2822952,254,6197079510389270,6197079514389405
"HSA_CORE_API","hsa_signal_wait_scacquire",2822952,2822952,255,6197079514389885,6197079518390031
"HSA_CORE_API","hsa_signal_wait_scacquire",2822952,2822952,256,6197079518390311,6197079522390457
"HSA_CORE_API","hsa_signal_wait_scacquire",2822952,2822952,257,6197079522394147,6197079526394293
"HSA_CORE_API","hsa_signal_wait_scacquire",2822952,2822952,258,6197079526395543,6197079530395689
"HSA_CORE_API","hsa_signal_wait_scacquire",2822952,2822952,259,6197079530395969,6197079534396135
"HSA_CORE_API","hsa_signal_wait_scacquire",2822952,2822952,260,6197079534396435,6197079538396580
"HSA_CORE_API","hsa_signal_wait_scacquire",2822952,2822952,261,6197079538397060,6197079542397206
"HSA_CORE_API","hsa_signal_wait_scacquire",2822952,2822952,262,6197079542397686,6197079546397832
"HSA_CORE_API","hsa_signal_wait_scacquire",2822952,2822952,263,6197079546398312,6197079550398458
"HSA_CORE_API","hsa_signal_wait_scacquire",2822952,2822952,264,6197079550398938,6197079554399084
"HSA_CORE_API","hsa_signal_wait_scacquire",2822952,2822952,265,6197079554399634,6197079558399780
"HSA_CORE_API","hsa_signal_wait_scacquire",2822952,2822952,266,6197079558400330,6197079562400476
"HSA_CORE_API","hsa_signal_wait_scacquire",2822952,2822952,267,6197079562400956,6197079566401101
"HSA_CORE_API","hsa_signal_wait_scacquire",2822952,2822952,268,6197079566401571,6197079570401717
"HSA_CORE_API","hsa_signal_wait_scacquire",2822952,2822952,269,6197079570402197,6197079574402343
"HSA_CORE_API","hsa_signal_wait_scacquire",2822952,2822952,270,6197079574402823,6197079578402969
"HSA_CORE_API","hsa_signal_wait_scacquire",2822952,2822952,271,6197079578403259,6197079582403405
"HSA_CORE_API","hsa_signal_wait_scacquire",2822952,2822952,272,6197079582403885,6197079586404031
"HSA_CORE_API","hsa_signal_wait_scacquire",2822952,2822952,273,6197079586404511,6197079590404657
"HSA_CORE_API","hsa_signal_wait_scacquire",2822952,2822952,274,6197079590405197,6197079594405342
"HSA_CORE_API","hsa_signal_wait_scacquire",2822952,2822952,275,6197079594405822,6197079598405968
"HSA_CORE_API","hsa_signal_wait_scacquire",2822952,2822952,276,6197079598406448,6197079602406594
"HSA_CORE_API","hsa_signal_wait_scacquire",2822952,2822952,277,6197079602407074,6197079606407220
"HSA_CORE_API","hsa_signal_wait_scacquire",2822952,2822952,278,6197079606407700,6197079610407846
"HSA_CORE_API","hsa_signal_wait_scacquire",2822952,2822952,279,6197079610408326,6197079614408472
"HSA_CORE_API","hsa_signal_wait_scacquire",2822952,2822952,280,6197079614408942,6197079618409088
"HSA_CORE_API","hsa_signal_wait_scacquire",2822952,2822952,281,6197079618409568,6197079622409713
"HSA_CORE_API","hsa_signal_wait_scacquire",2822952,2822952,282,6197079622410243,6197079626410389
"HSA_CORE_API","hsa_signal_wait_scacquire",2822952,2822952,283,6197079626410679,6197079630410825
"HSA_CORE_API","hsa_signal_wait_scacquire",2822952,2822952,284,6197079630411305,6197079634411451
"HSA_CORE_API","hsa_signal_wait_scacquire",2822952,2822952,285,6197079634411931,6197079638412077
"HSA_CORE_API","hsa_signal_wait_scacquire",2822952,2822952,286,6197079638412367,6197079642412513
"HSA_CORE_API","hsa_signal_wait_scacquire",2822952,2822952,287,6197079642412803,6197079646412939
"HSA_CORE_API","hsa_signal_wait_scacquire",2822952,2822952,288,6197079646413419,6197079650413574
"HSA_CORE_API","hsa_signal_wait_scacquire",2822952,2822952,289,6197079650413854,6197079654414010
"HSA_CORE_API","hsa_signal_wait_scacquire",2822952,2822952,290,6197079654414550,6197079658414696
"HSA_CORE_API","hsa_signal_wait_scacquire",2822952,2822952,291,6197079658415156,6197079662415302
"HSA_CORE_API","hsa_signal_wait_scacquire",2822952,2822952,292,6197079662415782,6197079666415918
"HSA_CORE_API","hsa_signal_wait_scacquire",2822952,2822952,293,6197079666416398,6197079670416534
"HSA_CORE_API","hsa_signal_wait_scacquire",2822952,2822952,294,6197079670417014,6197079674417170
"HSA_CORE_API","hsa_signal_wait_scacquire",2822952,2822952,295,6197079674417650,6197079678417796
"HSA_CORE_API","hsa_signal_wait_scacquire",2822952,2822952,296,6197079678418266,6197079682418411
"HSA_CORE_API","hsa_signal_wait_scacquire",2822952,2822952,297,6197079682418931,6197079686419077
"HSA_CORE_API","hsa_signal_wait_scacquire",2822952,2822952,298,6197079686419597,6197079690419753
"HSA_CORE_API","hsa_signal_wait_scacquire",2822952,2822952,299,6197079690420223,6197079694420369
"HSA_CORE_API","hsa_signal_wait_scacquire",2822952,2822952,300,6197079694420649,6197079698420795
"HSA_CORE_API","hsa_signal_wait_scacquire",2822952,2822952,301,6197079698421265,6197079702421401
"HSA_CORE_API","hsa_signal_wait_scacquire",2822952,2822952,302,6197079702421881,6197079706422027
"HSA_CORE_API","hsa_signal_wait_scacquire",2822952,2822952,303,6197079706422507,6197079710422652
"HSA_CORE_API","hsa_signal_wait_scacquire",2822952,2822952,304,6197079710422932,6197079714423078
"HSA_CORE_API","hsa_signal_wait_scacquire",2822952,2822952,305,6197079714423548,6197079718423694
"HSA_CORE_API","hsa_signal_wait_scacquire",2822952,2822952,306,6197079718424224,6197079722424360
"HSA_CORE_API","hsa_signal_wait_scacquire",2822952,2822952,307,6197079722424840,6197079726424986
"HSA_CORE_API","hsa_signal_wait_scacquire",2822952,2822952,308,6197079726425276,6197079730425422
"HSA_CORE_API","hsa_signal_wait_scacquire",2822952,2822952,309,6197079730425892,6197079734426038
"HSA_CORE_API","hsa_signal_wait_scacquire",2822952,2822952,310,6197079734426508,6197079738426654
"HSA_CORE_API","hsa_signal_wait_scacquire",2822952,2822952,311,6197079738427114,6197079742427279
"HSA_CORE_API","hsa_signal_wait_scacquire",2822952,2822952,312,6197079742427569,6197079746427725
"HSA_CORE_API","hsa_signal_wait_scacquire",2822952,2822952,313,6197079746428185,6197079750428331
"HSA_CORE_API","hsa_signal_wait_scacquire",2822952,2822952,314,6197079750428851,6197079754428997
"HSA_CORE_API","hsa_signal_wait_scacquire",2822952,2822952,315,6197079754429457,6197079758429603
"HSA_CORE_API","hsa_signal_wait_scacquire",2822952,2822952,316,6197079758430063,6197079762430219
"HSA_CORE_API","hsa_signal_wait_scacquire",2822952,2822952,317,6197079762430689,6197079766430845
"HSA_CORE_API","hsa_signal_wait_scacquire",2822952,2822952,318,6197079766431325,6197079770431480
"HSA_CORE_API","hsa_signal_wait_scacquire",2822952,2822952,319,6197079770431760,6197079774431906
"HSA_CORE_API","hsa_signal_wait_scacquire",2822952,2822952,320,6197079774432376,6197079778432522
"HSA_CORE_API","hsa_signal_wait_scacquire",2822952,2822952,321,6197079778433072,6197079782433218
"HSA_CORE_API","hsa_signal_wait_scacquire",2822952,2822952,322,6197079782435008,6197079786435144
"HSA_CORE_API","hsa_signal_wait_scacquire",2822952,2822952,323,6197079786435434,6197079790435580
"HSA_CORE_API","hsa_signal_wait_scacquire",2822952,2822952,324,6197079790436050,6197079794436196
"HSA_CORE_API","hsa_signal_wait_scacquire",2822952,2822952,325,6197079794436666,6197079798436811
"HSA_CORE_API","hsa_signal_wait_scacquire",2822952,2822952,326,6197079798437281,6197079802437437
"HSA_CORE_API","hsa_signal_wait_scacquire",2822952,2822952,327,6197079802437907,6197079806438053
"HSA_CORE_API","hsa_signal_wait_scacquire",2822952,2822952,328,6197079806438523,6197079810438659
"HSA_CORE_API","hsa_signal_wait_scacquire",2822952,2822952,329,6197079810439199,6197079814439335
"HSA_CORE_API","hsa_signal_wait_scacquire",2822952,2822952,330,6197079814439865,6197079818440011
"HSA_CORE_API","hsa_signal_wait_scacquire",2822952,2822952,331,6197079818440481,6197079822440627
"HSA_CORE_API","hsa_signal_wait_scacquire",2822952,2822952,332,6197079822441097,6197079826441253
"HSA_CORE_API","hsa_signal_wait_scacquire",2822952,2822952,333,6197079826441543,6197079830441688
"HSA_CORE_API","hsa_signal_wait_scacquire",2822952,2822952,334,6197079830441968,6197079834442114
"HSA_CORE_API","hsa_signal_wait_scacquire",2822952,2822952,335,6197079834442634,6197079838442780
"HSA_CORE_API","hsa_signal_wait_scacquire",2822952,2822952,336,6197079838443280,6197079842443426
"HSA_CORE_API","hsa_signal_wait_scacquire",2822952,2822952,337,6197079842443986,6197079846444132
"HSA_CORE_API","hsa_signal_wait_scacquire",2822952,2822952,338,6197079846444442,6197079850444588
"HSA_CORE_API","hsa_signal_wait_scacquire",2822952,2822952,339,6197079850445068,6197079854445214
"HSA_CORE_API","hsa_signal_wait_scacquire",2822952,2822952,340,6197079854445694,6197079858445839
"HSA_CORE_API","hsa_signal_wait_scacquire",2822952,2822952,341,6197079858446319,6197079862446455
"HSA_CORE_API","hsa_signal_wait_scacquire",2822952,2822952,342,6197079862446935,6197079866447081
"HSA_CORE_API","hsa_signal_wait_scacquire",2822952,2822952,343,6197079866447561,6197079870447707
"HSA_CORE_API","hsa_signal_wait_scacquire",2822952,2822952,344,6197079870448177,6197079874448323
"HSA_CORE_API","hsa_signal_wait_scacquire",2822952,2822952,345,6197079874448863,6197079878449009
"HSA_CORE_API","hsa_signal_wait_scacquire",2822952,2822952,346,6197079878449489,6197079882449635
"HSA_CORE_API","hsa_signal_wait_scacquire",2822952,2822952,347,6197079882450155,6197079886450291
"HSA_CORE_API","hsa_signal_wait_scacquire",2822952,2822952,348,6197079886450801,6197079890450946
"HSA_CORE_API","hsa_signal_wait_scacquire",2822952,2822952,349,6197079890451426,6197079894451582
"HSA_CORE_API","hsa_signal_wait_scacquire",2822952,2822952,350,6197079894451972,6197079898452128
"HSA_CORE_API","hsa_signal_wait_scacquire",2822952,2822952,351,6197079898452618,6197079902452764
"HSA_CORE_API","hsa_signal_wait_scacquire",2822952,2822952,352,6197079902453254,6197079906453400
"HSA_CORE_API","hsa_signal_wait_scacquire",2822952,2822952,353,6197079906453880,6197079910454036
"HSA_CORE_API","hsa_signal_wait_scacquire",2822952,2822952,354,6197079910454516,6197079914454662
"HSA_CORE_API","hsa_signal_wait_scacquire",2822952,2822952,355,6197079914455142,6197079918455287
"HSA_CORE_API","hsa_signal_wait_scacquire",2822952,2822952,356,6197079918455767,6197079922455913
"HSA_CORE_API","hsa_signal_wait_scacquire",2822952,2822952,357,6197079922456393,6197079926456539
"HSA_CORE_API","hsa_signal_wait_scacquire",2822952,2822952,358,6197079926456839,6197079930456985
"HSA_CORE_API","hsa_signal_wait_scacquire",2822952,2822952,359,6197079930457465,6197079934457601
"HSA_CORE_API","hsa_signal_wait_scacquire",2822952,2822952,360,6197079934458081,6197079938458227
"HSA_CORE_API","hsa_signal_wait_scacquire",2822952,2822952,361,6197079938458707,6197079942458843
"HSA_CORE_API","hsa_signal_wait_scacquire",2822952,2822952,362,6197079942459333,6197079946459468
"HSA_CORE_API","hsa_signal_wait_scacquire",2822952,2822952,363,6197079946459958,6197079950460104
"HSA_CORE_API","hsa_signal_wait_scacquire",2822952,2822952,364,6197079950460394,6197079954460550
"HSA_CORE_API","hsa_signal_wait_scacquire",2822952,2822952,365,6197079954461030,6197079958461176
"HSA_CORE_API","hsa_signal_wait_scacquire",2822952,2822952,366,6197079958461466,6197079962461602
"HSA_CORE_API","hsa_signal_wait_scacquire",2822952,2822952,367,6197079962462092,6197079966462228
"HSA_CORE_API","hsa_signal_wait_scacquire",2822952,2822952,368,6197079966462708,6197079970462854
"HSA_CORE_API","hsa_signal_wait_scacquire",2822952,2822952,369,6197079970463334,6197079974463480
"HSA_CORE_API","hsa_signal_wait_scacquire",2822952,2822952,370,6197079974463950,6197079978464095
"HSA_CORE_API","hsa_signal_wait_scacquire",2822952,2822952,371,6197079978464575,6197079982464711
"HSA_CORE_API","hsa_signal_wait_scacquire",2822952,2822952,372,6197079982465191,6197079986465337
"HSA_CORE_API","hsa_signal_wait_scacquire",2822952,2822952,373,6197079986465817,6197079990465963
"HSA_CORE_API","hsa_signal_wait_scacquire",2822952,2822952,374,6197079990466443,6197079994466579
"HSA_CORE_API","hsa_signal_wait_scacquire",2822952,2822952,375,6197079994467069,6197079998467215
"HSA_CORE_API","hsa_signal_wait_scacquire",2822952,2822952,376,6197079998467695,6197080002467841
"HSA_CORE_API","hsa_signal_wait_scacquire",2822952,2822952,377,6197080002468321,6197080006468476
"HSA_CORE_API","hsa_signal_wait_scacquire",2822952,2822952,378,6197080006468966,6197080010469122
"HSA_CORE_API","hsa_signal_wait_scacquire",2822952,2822952,379,6197080010469602,6197080014469748
"HSA_CORE_API","hsa_signal_wait_scacquire",2822952,2822952,380,6197080014470228,6197080018470374
"HSA_CORE_API","hsa_signal_wait_scacquire",2822952,2822952,381,6197080018470854,6197080022470990
"HSA_CORE_API","hsa_signal_wait_scacquire",2822952,2822952,382,6197080022471290,6197080026471436
"HSA_CORE_API","hsa_signal_wait_scacquire",2822952,2822952,383,6197080026471736,6197080030471882
"HSA_CORE_API","hsa_signal_wait_scacquire",2822952,2822952,384,6197080030472362,6197080034472518
"HSA_CORE_API","hsa_signal_wait_scacquire",2822952,2822952,385,6197080034473068,6197080038473213
"HSA_CORE_API","hsa_signal_wait_scacquire",2822952,2822952,386,6197080038476003,6197080042476149
"HSA_CORE_API","hsa_signal_wait_scacquire",2822952,2822952,387,6197080042476439,6197080046476585
"HSA_CORE_API","hsa_signal_wait_scacquire",2822952,2822952,388,6197080046477065,6197080050477211
"HSA_CORE_API","hsa_signal_wait_scacquire",2822952,2822952,389,6197080050477691,6197080054477837
"HSA_CORE_API","hsa_signal_wait_scacquire",2822952,2822952,390,6197080054478317,6197080058478453
"HSA_CORE_API","hsa_signal_wait_scacquire",2822952,2822952,391,6197080058478943,6197080062479079
"HSA_CORE_API","hsa_signal_wait_scacquire",2822952,2822952,392,6197080062479569,6197080066479714
"HSA_CORE_API","hsa_signal_wait_scacquire",2822952,2822952,393,6197080066480184,6197080070480340
"HSA_CORE_API","hsa_signal_wait_scacquire",2822952,2822952,394,6197080070480820,6197080074480966
"HSA_CORE_API","hsa_signal_wait_scacquire",2822952,2822952,395,6197080074481446,6197080078481592
"HSA_CORE_API","hsa_signal_wait_scacquire",2822952,2822952,396,6197080078482062,6197080082482208
"HSA_CORE_API","hsa_signal_wait_scacquire",2822952,2822952,397,6197080082482678,6197080086482834
"HSA_CORE_API","hsa_signal_wait_scacquire",2822952,2822952,398,6197080086483134,6197080090483280
"HSA_CORE_API","hsa_signal_wait_scacquire",2822952,2822952,399,6197080090483760,6197080094483895
"HSA_CORE_API","hsa_signal_wait_scacquire",2822952,2822952,400,6197080094484385,6197080098484521
"HSA_CORE_API","hsa_signal_wait_scacquire",2822952,2822952,401,6197080098485001,6197080102485147
"HSA_CORE_API","hsa_signal_wait_scacquire",2822952,2822952,402,6197080102485627,6197080106485773
"HSA_CORE_API","hsa_signal_wait_scacquire",2822952,2822952,403,6197080106486443,6197080110486579
"HSA_CORE_API","hsa_signal_wait_scacquire",2822952,2822952,404,6197080110487059,6197080114487205
"HSA_CORE_API","hsa_signal_wait_scacquire",2822952,2822952,405,6197080114487685,6197080118487831
"HSA_CORE_API","hsa_signal_wait_scacquire",2822952,2822952,406,6197080118488321,6197080122488467
"HSA_CORE_API","hsa_signal_wait_scacquire",2822952,2822952,407,6197080122488947,6197080126489092
"HSA_CORE_API","hsa_signal_wait_scacquire",2822952,2822952,408,6197080126489392,6197080130489538
"HSA_CORE_API","hsa_signal_wait_scacquire",2822952,2822952,409,6197080130490028,6197080134490174
"HSA_CORE_API","hsa_signal_wait_scacquire",2822952,2822952,410,6197080134490654,6197080138490790
"HSA_CORE_API","hsa_signal_wait_scacquire",2822952,2822952,411,6197080138491270,6197080142491416
"HSA_CORE_API","hsa_signal_wait_scacquire",2822952,2822952,412,6197080142491906,6197080146492052
"HSA_CORE_API","hsa_signal_wait_scacquire",2822952,2822952,413,6197080146492342,6197080150492488
"HSA_CORE_API","hsa_signal_wait_scacquire",2822952,2822952,414,6197080150492968,6197080154493113
"HSA_CORE_API","hsa_signal_wait_scacquire",2822952,2822952,415,6197080154493593,6197080158493739
"HSA_CORE_API","hsa_signal_wait_scacquire",2822952,2822952,416,6197080158494209,6197080162494355
"HSA_CORE_API","hsa_signal_wait_scacquire",2822952,2822952,417,6197080162494835,6197080166494971
"HSA_CORE_API","hsa_signal_wait_scacquire",2822952,2822952,418,6197080166495451,6197080170495587
"HSA_CORE_API","hsa_signal_wait_scacquire",2822952,2822952,419,6197080170496077,6197080174496223
"HSA_CORE_API","hsa_signal_wait_scacquire",2822952,2822952,420,6197080174496703,6197080178496849
"HSA_CORE_API","hsa_signal_wait_scacquire",2822952,2822952,421,6197080178497339,6197080182497475
"HSA_CORE_API","hsa_signal_wait_scacquire",2822952,2822952,422,6197080182497954,6197080186498120
"HSA_CORE_API","hsa_signal_wait_scacquire",2822952,2822952,423,6197080186498610,6197080190498746
"HSA_CORE_API","hsa_signal_wait_scacquire",2822952,2822952,424,6197080190499236,6197080194499382
"HSA_CORE_API","hsa_signal_wait_scacquire",2822952,2822952,425,6197080194499862,6197080198500008
"HSA_CORE_API","hsa_signal_wait_scacquire",2822952,2822952,426,6197080198500488,6197080202500634
"HSA_CORE_API","hsa_signal_wait_scacquire",2822952,2822952,427,6197080202501114,6197080206501260
"HSA_CORE_API","hsa_signal_wait_scacquire",2822952,2822952,428,6197080206501730,6197080210501886
"HSA_CORE_API","hsa_signal_wait_scacquire",2822952,2822952,429,6197080210502196,6197080214502331
"HSA_CORE_API","hsa_signal_wait_scacquire",2822952,2822952,430,6197080214502821,6197080218502967
"HSA_CORE_API","hsa_signal_wait_scacquire",2822952,2822952,431,6197080218503447,6197080222503593
"HSA_CORE_API","hsa_signal_wait_scacquire",2822952,2822952,432,6197080222504073,6197080226504219
"HSA_CORE_API","hsa_signal_wait_scacquire",2822952,2822952,433,6197080226504519,6197080230504665
"HSA_CORE_API","hsa_signal_wait_scacquire",2822952,2822952,434,6197080230505145,6197080234505281
"HSA_CORE_API","hsa_signal_wait_scacquire",2822952,2822952,435,6197080234505821,6197080238505967
"HSA_CORE_API","hsa_signal_wait_scacquire",2822952,2822952,436,6197080238506447,6197080242506602
"HSA_CORE_API","hsa_signal_wait_scacquire",2822952,2822952,437,6197080242507082,6197080246507228
"HSA_CORE_API","hsa_signal_wait_scacquire",2822952,2822952,438,6197080246507718,6197080250507854
"HSA_CORE_API","hsa_signal_wait_scacquire",2822952,2822952,439,6197080250508344,6197080254508490
"HSA_CORE_API","hsa_signal_wait_scacquire",2822952,2822952,440,6197080254508970,6197080258509116
"HSA_CORE_API","hsa_signal_wait_scacquire",2822952,2822952,441,6197080258509596,6197080262509742
"HSA_CORE_API","hsa_signal_wait_scacquire",2822952,2822952,442,6197080262510212,6197080266510358
"HSA_CORE_API","hsa_signal_wait_scacquire",2822952,2822952,443,6197080266510838,6197080270510984
"HSA_CORE_API","hsa_signal_wait_scacquire",2822952,2822952,444,6197080270511464,6197080274511599
"HSA_CORE_API","hsa_signal_wait_scacquire",2822952,2822952,445,6197080274511889,6197080278512035
"HSA_CORE_API","hsa_signal_wait_scacquire",2822952,2822952,446,6197080278512525,6197080282512661
"HSA_CORE_API","hsa_signal_wait_scacquire",2822952,2822952,447,6197080282513141,6197080286513287
"HSA_CORE_API","hsa_signal_wait_scacquire",2822952,2822952,448,6197080286513767,6197080290513913
"HSA_CORE_API","hsa_signal_wait_scacquire",2822952,2822952,449,6197080290514443,6197080294514589
"HSA_CORE_API","hsa_signal_wait_scacquire",2822952,2822952,450,6197080294515739,6197080298515885
"HSA_CORE_API","hsa_signal_wait_scacquire",2822952,2822952,451,6197080298516165,6197080302516310
"HSA_CORE_API","hsa_signal_wait_scacquire",2822952,2822952,452,6197080302516800,6197080306516936
"HSA_CORE_API","hsa_signal_wait_scacquire",2822952,2822952,453,6197080306517426,6197080310517562
"HSA_CORE_API","hsa_signal_wait_scacquire",2822952,2822952,454,6197080310518042,6197080314518198
"HSA_CORE_API","hsa_signal_wait_scacquire",2822952,2822952,455,6197080314518678,6197080318518814
"HSA_CORE_API","hsa_signal_wait_scacquire",2822952,2822952,456,6197080318519304,6197080322519440
"HSA_CORE_API","hsa_signal_wait_scacquire",2822952,2822952,457,6197080322519930,6197080326520076
"HSA_CORE_API","hsa_signal_wait_scacquire",2822952,2822952,458,6197080326520376,6197080330520532
"HSA_CORE_API","hsa_signal_wait_scacquire",2822952,2822952,459,6197080330521011,6197080334521157
"HSA_CORE_API","hsa_signal_wait_scacquire",2822952,2822952,460,6197080334521447,6197080338521593
"HSA_CORE_API","hsa_signal_wait_scacquire",2822952,2822952,461,6197080338522073,6197080342522209
"HSA_CORE_API","hsa_signal_wait_scacquire",2822952,2822952,462,6197080342522699,6197080346522835
"HSA_CORE_API","hsa_signal_wait_scacquire",2822952,2822952,463,6197080346523315,6197080350523451
"HSA_CORE_API","hsa_signal_wait_scacquire",2822952,2822952,464,6197080350523931,6197080354524067
"HSA_CORE_API","hsa_signal_wait_scacquire",2822952,2822952,465,6197080354524557,6197080358524703
"HSA_CORE_API","hsa_signal_wait_scacquire",2822952,2822952,466,6197080358525183,6197080362525328
"HSA_CORE_API","hsa_signal_wait_scacquire",2822952,2822952,467,6197080362525808,6197080366525954
"HSA_CORE_API","hsa_signal_wait_scacquire",2822952,2822952,468,6197080366526434,6197080370526580
"HSA_CORE_API","hsa_signal_wait_scacquire",2822952,2822952,469,6197080370527060,6197080374527206
"HSA_CORE_API","hsa_signal_wait_scacquire",2822952,2822952,470,6197080374527676,6197080378527822
"HSA_CORE_API","hsa_signal_wait_scacquire",2822952,2822952,471,6197080378528302,6197080382528448
"HSA_CORE_API","hsa_signal_wait_scacquire",2822952,2822952,472,6197080382528928,6197080386529074
"HSA_CORE_API","hsa_signal_wait_scacquire",2822952,2822952,473,6197080386529554,6197080390529699
"HSA_CORE_API","hsa_signal_wait_scacquire",2822952,2822952,474,6197080390530179,6197080394530315
"HSA_CORE_API","hsa_signal_wait_scacquire",2822952,2822952,475,6197080394530795,6197080398530941
"HSA_CORE_API","hsa_signal_wait_scacquire",2822952,2822952,476,6197080398531421,6197080402531567
"HSA_CORE_API","hsa_signal_wait_scacquire",2822952,2822952,477,6197080402532047,6197080406532183
"HSA_CORE_API","hsa_signal_wait_scacquire",2822952,2822952,478,6197080406532483,6197080410532629
"HSA_CORE_API","hsa_signal_wait_scacquire",2822952,2822952,479,6197080410533109,6197080414533255
"HSA_CORE_API","hsa_signal_wait_scacquire",2822952,2822952,480,6197080414533735,6197080418533881
"HSA_CORE_API","hsa_signal_wait_scacquire",2822952,2822952,481,6197080418534361,6197080422534497
"HSA_CORE_API","hsa_signal_wait_scacquire",2822952,2822952,482,6197080422534986,6197080426535142
"HSA_CORE_API","hsa_signal_wait_scacquire",2822952,2822952,483,6197080426535462,6197080430535608
"HSA_CORE_API","hsa_signal_wait_scacquire",2822952,2822952,484,6197080430536088,6197080434536234
"HSA_CORE_API","hsa_signal_wait_scacquire",2822952,2822952,485,6197080434536714,6197080438536860
"HSA_CORE_API","hsa_signal_wait_scacquire",2822952,2822952,486,6197080438537340,6197080442537286
"HSA_CORE_API","hsa_signal_wait_scacquire",2822952,2822952,487,6197080442537766,6197080446537912
"HSA_CORE_API","hsa_signal_wait_scacquire",2822952,2822952,488,6197080446538392,6197080450538538
"HSA_CORE_API","hsa_signal_wait_scacquire",2822952,2822952,489,6197080450539018,6197080454539163
"HSA_CORE_API","hsa_signal_wait_scacquire",2822952,2822952,490,6197080454539643,6197080458539789
"HSA_CORE_API","hsa_signal_wait_scacquire",2822952,2822952,491,6197080458540269,6197080462540415
"HSA_CORE_API","hsa_signal_wait_scacquire",2822952,2822952,492,6197080462540705,6197080466540861
"HSA_CORE_API","hsa_signal_wait_scacquire",2822952,2822952,493,6197080466541341,6197080470541497
"HSA_CORE_API","hsa_signal_wait_scacquire",2822952,2822952,494,6197080470541977,6197080474542123
"HSA_CORE_API","hsa_signal_wait_scacquire",2822952,2822952,495,6197080474542603,6197080478542749
"HSA_CORE_API","hsa_signal_wait_scacquire",2822952,2822952,496,6197080478543229,6197080482543374
"HSA_CORE_API","hsa_signal_wait_scacquire",2822952,2822952,497,6197080482543854,6197080486544000
"HSA_CORE_API","hsa_signal_wait_scacquire",2822952,2822952,498,6197080486544480,6197080490544626
"HSA_CORE_API","hsa_signal_wait_scacquire",2822952,2822952,499,6197080490545106,6197080494545252
"HSA_CORE_API","hsa_signal_wait_scacquire",2822952,2822952,500,6197080494545722,6197080498545868
"HSA_CORE_API","hsa_signal_wait_scacquire",2822952,2822952,501,6197080498546348,6197080502546484
"HSA_CORE_API","hsa_signal_wait_scacquire",2822952,2822952,502,6197080502546964,6197080506547110
"HSA_CORE_API","hsa_signal_wait_scacquire",2822952,2822952,503,6197080506547590,6197080510547726
"HSA_CORE_API","hsa_signal_wait_scacquire",2822952,2822952,504,6197080510548206,6197080514548351
"HSA_CORE_API","hsa_signal_wait_scacquire",2822952,2822952,505,6197080514548831,6197080518548997
"HSA_CORE_API","hsa_signal_wait_scacquire",2822952,2822952,506,6197080518549487,6197080522549623
"HSA_CORE_API","hsa_signal_wait_scacquire",2822952,2822952,507,6197080522550103,6197080526550249
"HSA_CORE_API","hsa_signal_wait_scacquire",2822952,2822952,508,6197080526550549,6197080530550685
"HSA_CORE_API","hsa_signal_wait_scacquire",2822952,2822952,509,6197080530551175,6197080534551311
"HSA_CORE_API","hsa_signal_wait_scacquire",2822952,2822952,510,6197080534551791,6197080538551937
"HSA_CORE_API","hsa_signal_wait_scacquire",2822952,2822952,511,6197080538552407,6197080542552552
"HSA_CORE_API","hsa_signal_wait_scacquire",2822952,2822952,512,6197080542553022,6197080546553178
"HSA_CORE_API","hsa_signal_wait_scacquire",2822952,2822952,513,6197080546554798,6197080550554954
"HSA_CORE_API","hsa_signal_wait_scacquire",2822952,2822952,514,6197080550556054,6197080554556200
"HSA_CORE_API","hsa_signal_wait_scacquire",2822952,2822952,515,6197080554557070,6197080558557216
"HSA_CORE_API","hsa_signal_wait_scacquire",2822952,2822952,516,6197080558557696,6197080562557842
"HSA_CORE_API","hsa_signal_wait_scacquire",2822952,2822952,517,6197080562558322,6197080566558468
"HSA_CORE_API","hsa_signal_wait_scacquire",2822952,2822952,518,6197080566558948,6197080570559083
"HSA_CORE_API","hsa_signal_wait_scacquire",2822952,2822952,519,6197080570559563,6197080574559709
"HSA_CORE_API","hsa_signal_wait_scacquire",2822952,2822952,520,6197080574560189,6197080578560325
"HSA_CORE_API","hsa_signal_wait_scacquire",2822952,2822952,521,6197080578560815,6197080582560951
"HSA_CORE_API","hsa_signal_wait_scacquire",2822952,2822952,522,6197080582561441,6197080586561577
"HSA_CORE_API","hsa_signal_wait_scacquire",2822952,2822952,523,6197080586562057,6197080590562203
"HSA_CORE_API","hsa_signal_wait_scacquire",2822952,2822952,524,6197080590562493,6197080594562629
"HSA_CORE_API","hsa_signal_wait_scacquire",2822952,2822952,525,6197080594563109,6197080598563255
"HSA_CORE_API","hsa_signal_wait_scacquire",2822952,2822952,526,6197080598563545,6197080602563690
"HSA_CORE_API","hsa_signal_wait_scacquire",2822952,2822952,527,6197080602564170,6197080606564306
"HSA_CORE_API","hsa_signal_wait_scacquire",2822952,2822952,528,6197080606564786,6197080610564942
"HSA_CORE_API","hsa_signal_wait_scacquire",2822952,2822952,529,6197080610565422,6197080614565568
"HSA_CORE_API","hsa_signal_wait_scacquire",2822952,2822952,530,6197080614566048,6197080618566194
"HSA_CORE_API","hsa_signal_wait_scacquire",2822952,2822952,531,6197080618566484,6197080622566630
"HSA_CORE_API","hsa_signal_wait_scacquire",2822952,2822952,532,6197080622567110,6197080626567256
"HSA_CORE_API","hsa_signal_wait_scacquire",2822952,2822952,533,6197080626567556,6197080630567701
"HSA_CORE_API","hsa_signal_wait_scacquire",2822952,2822952,534,6197080630568181,6197080634568317
"HSA_CORE_API","hsa_signal_wait_scacquire",2822952,2822952,535,6197080634568807,6197080638568943
"HSA_CORE_API","hsa_signal_wait_scacquire",2822952,2822952,536,6197080638569433,6197080642569579
"HSA_CORE_API","hsa_signal_wait_scacquire",2822952,2822952,537,6197080642570049,6197080646570185
"HSA_CORE_API","hsa_signal_wait_scacquire",2822952,2822952,538,6197080646570665,6197080650570811
"HSA_CORE_API","hsa_signal_wait_scacquire",2822952,2822952,539,6197080650571101,6197080654571247
"HSA_CORE_API","hsa_signal_wait_scacquire",2822952,2822952,540,6197080654571727,6197080658571873
"HSA_CORE_API","hsa_signal_wait_scacquire",2822952,2822952,541,6197080658572413,6197080662572558
"HSA_CORE_API","hsa_signal_wait_scacquire",2822952,2822952,542,6197080662573038,6197080666573184
"HSA_CORE_API","hsa_signal_wait_scacquire",2822952,2822952,543,6197080666573664,6197080670573810
"HSA_CORE_API","hsa_signal_wait_scacquire",2822952,2822952,544,6197080670574290,6197080674574426
"HSA_CORE_API","hsa_signal_wait_scacquire",2822952,2822952,545,6197080674574906,6197080678575062
"HSA_CORE_API","hsa_signal_wait_scacquire",2822952,2822952,546,6197080678575542,6197080682575688
"HSA_CORE_API","hsa_signal_wait_scacquire",2822952,2822952,547,6197080682576168,6197080686577994
"HSA_CORE_API","hsa_signal_wait_scacquire",2822952,2822952,548,6197080686583363,6197080690583979
"HSA_CORE_API","hsa_signal_wait_scacquire",2822952,2822952,549,6197080690584269,6197080694584405
"HSA_CORE_API","hsa_signal_wait_scacquire",2822952,2822952,550,6197080694584705,6197080698584851
"HSA_CORE_API","hsa_signal_wait_scacquire",2822952,2822952,551,6197080698585331,6197080702585487
"HSA_CORE_API","hsa_signal_wait_scacquire",2822952,2822952,552,6197080702585967,6197080706586103
"HSA_CORE_API","hsa_signal_wait_scacquire",2822952,2822952,553,6197080706586593,6197080710586739
"HSA_CORE_API","hsa_signal_wait_scacquire",2822952,2822952,554,6197080710587219,6197080714587364
"HSA_CORE_API","hsa_signal_wait_scacquire",2822952,2822952,555,6197080714587654,6197080718587810
"HSA_CORE_API","hsa_signal_wait_scacquire",2822952,2822952,556,6197080718588280,6197080722588416
"HSA_CORE_API","hsa_signal_wait_scacquire",2822952,2822952,557,6197080722588906,6197080726589052
"HSA_CORE_API","hsa_signal_wait_scacquire",2822952,2822952,558,6197080726589352,6197080730589508
"HSA_CORE_API","hsa_signal_wait_scacquire",2822952,2822952,559,6197080730589988,6197080734590124
"HSA_CORE_API","hsa_signal_wait_scacquire",2822952,2822952,560,6197080734590594,6197080738590750
"HSA_CORE_API","hsa_signal_wait_scacquire",2822952,2822952,561,6197080738591230,6197080742591366
"HSA_CORE_API","hsa_signal_wait_scacquire",2822952,2822952,562,6197080742591846,6197080746592001
"HSA_CORE_API","hsa_signal_wait_scacquire",2822952,2822952,563,6197080746592481,6197080750592627
"HSA_CORE_API","hsa_signal_wait_scacquire",2822952,2822952,564,6197080750593107,6197080754593253
"HSA_CORE_API","hsa_signal_wait_scacquire",2822952,2822952,565,6197080754593543,6197080758593679
"HSA_CORE_API","hsa_signal_wait_scacquire",2822952,2822952,566,6197080758594169,6197080762594315
"HSA_CORE_API","hsa_signal_wait_scacquire",2822952,2822952,567,6197080762594785,6197080766594921
"HSA_CORE_API","hsa_signal_wait_scacquire",2822952,2822952,568,6197080766595401,6197080770595547
"HSA_CORE_API","hsa_signal_wait_scacquire",2822952,2822952,569,6197080770596027,6197080774596163
"HSA_CORE_API","hsa_signal_wait_scacquire",2822952,2822952,570,6197080774596643,6197080778596798
"HSA_CORE_API","hsa_signal_wait_scacquire",2822952,2822952,571,6197080778597278,6197080782597414
"HSA_CORE_API","hsa_signal_wait_scacquire",2822952,2822952,572,6197080782597894,6197080786598050
"HSA_CORE_API","hsa_signal_wait_scacquire",2822952,2822952,573,6197080786598530,6197080790598676
"HSA_CORE_API","hsa_signal_wait_scacquire",2822952,2822952,574,6197080790598966,6197080794599112
"HSA_CORE_API","hsa_signal_wait_scacquire",2822952,2822952,575,6197080794599592,6197080798599738
"HSA_CORE_API","hsa_signal_wait_scacquire",2822952,2822952,576,6197080798600218,6197080802600354
"HSA_CORE_API","hsa_signal_wait_scacquire",2822952,2822952,577,6197080802600974,6197080806601110
"HSA_CORE_API","hsa_signal_wait_scacquire",2822952,2822952,578,6197080806602500,6197080810602655
"HSA_CORE_API","hsa_signal_wait_scacquire",2822952,2822952,579,6197080810602945,6197080814603091
"HSA_CORE_API","hsa_signal_wait_scacquire",2822952,2822952,580,6197080814603581,6197080818603727
"HSA_CORE_API","hsa_signal_wait_scacquire",2822952,2822952,581,6197080818604197,6197080822604343
"HSA_CORE_API","hsa_signal_wait_scacquire",2822952,2822952,582,6197080822604823,6197080826604969
"HSA_CORE_API","hsa_signal_wait_scacquire",2822952,2822952,583,6197080826605279,6197080830605425
"HSA_CORE_API","hsa_signal_wait_scacquire",2822952,2822952,584,6197080830605915,6197080834606061
"HSA_CORE_API","hsa_signal_wait_scacquire",2822952,2822952,585,6197080834606601,6197080838606747
"HSA_CORE_API","hsa_signal_wait_scacquire",2822952,2822952,586,6197080838607607,6197080842607742
"HSA_CORE_API","hsa_signal_wait_scacquire",2822952,2822952,587,6197080842608412,6197080846608558
"HSA_CORE_API","hsa_signal_wait_scacquire",2822952,2822952,588,6197080846609038,6197080850609174
"HSA_CORE_API","hsa_signal_wait_scacquire",2822952,2822952,589,6197080850609664,6197080854609810
"HSA_CORE_API","hsa_signal_wait_scacquire",2822952,2822952,590,6197080854610290,6197080858610436
"HSA_CORE_API","hsa_signal_wait_scacquire",2822952,2822952,591,6197080858610916,6197080862611062
"HSA_CORE_API","hsa_signal_wait_scacquire",2822952,2822952,592,6197080862611542,6197080866611678
"HSA_CORE_API","hsa_signal_wait_scacquire",2822952,2822952,593,6197080866612168,6197080870612313
"HSA_CORE_API","hsa_signal_wait_scacquire",2822952,2822952,594,6197080870612793,6197080874612929
"HSA_CORE_API","hsa_signal_wait_scacquire",2822952,2822952,595,6197080874613409,6197080878613565
"HSA_CORE_API","hsa_signal_wait_scacquire",2822952,2822952,596,6197080878614045,6197080882614191
"HSA_CORE_API","hsa_signal_wait_scacquire",2822952,2822952,597,6197080882614671,6197080886614817
"HSA_CORE_API","hsa_signal_wait_scacquire",2822952,2822952,598,6197080886615297,6197080890615443
"HSA_CORE_API","hsa_signal_wait_scacquire",2822952,2822952,599,6197080890615923,6197080894616069
"HSA_CORE_API","hsa_signal_wait_scacquire",2822952,2822952,600,6197080894616539,6197080898616695
"HSA_CORE_API","hsa_signal_wait_scacquire",2822952,2822952,601,6197080898617175,6197080902617310
"HSA_CORE_API","hsa_signal_wait_scacquire",2822952,2822952,602,6197080902617790,6197080906617936
"HSA_CORE_API","hsa_signal_wait_scacquire",2822952,2822952,603,6197080906618416,6197080910618562
"HSA_CORE_API","hsa_signal_wait_scacquire",2822952,2822952,604,6197080910619032,6197080914619178
"HSA_CORE_API","hsa_signal_wait_scacquire",2822952,2822952,605,6197080914619658,6197080918619814
"HSA_CORE_API","hsa_signal_wait_scacquire",2822952,2822952,606,6197080918620104,6197080922620260
"HSA_CORE_API","hsa_signal_wait_scacquire",2822952,2822952,607,6197080922620740,6197080926620886
"HSA_CORE_API","hsa_signal_wait_scacquire",2822952,2822952,608,6197080926621196,6197080930621342
"HSA_CORE_API","hsa_signal_wait_scacquire",2822952,2822952,609,6197080930621822,6197080934621967
"HSA_CORE_API","hsa_signal_wait_scacquire",2822952,2822952,610,6197080934622447,6197080938622583
"HSA_CORE_API","hsa_signal_wait_scacquire",2822952,2822952,611,6197080938623073,6197080942623219
"HSA_CORE_API","hsa_signal_wait_scacquire",2822952,2822952,612,6197080942623699,6197080946623845
"HSA_CORE_API","hsa_signal_wait_scacquire",2822952,2822952,613,6197080946624325,6197080950624471
"HSA_CORE_API","hsa_signal_wait_scacquire",2822952,2822952,614,6197080950624951,6197080954625087
"HSA_CORE_API","hsa_signal_wait_scacquire",2822952,2822952,615,6197080954625577,6197080958625713
"HSA_CORE_API","hsa_signal_wait_scacquire",2822952,2822952,616,6197080958626203,6197080962626339
"HSA_CORE_API","hsa_signal_wait_scacquire",2822952,2822952,617,6197080962626829,6197080966626984
"HSA_CORE_API","hsa_signal_wait_scacquire",2822952,2822952,618,6197080966627294,6197080970627430
"HSA_CORE_API","hsa_signal_wait_scacquire",2822952,2822952,619,6197080970627910,6197080974628076
"HSA_CORE_API","hsa_signal_wait_scacquire",2822952,2822952,620,6197080974628566,6197080978628722
"HSA_CORE_API","hsa_signal_wait_scacquire",2822952,2822952,621,6197080978629212,6197080982629348
"HSA_CORE_API","hsa_signal_wait_scacquire",2822952,2822952,622,6197080982629828,6197080986629974
"HSA_CORE_API","hsa_signal_wait_scacquire",2822952,2822952,623,6197080986630454,6197080990630600
"HSA_CORE_API","hsa_signal_wait_scacquire",2822952,2822952,624,6197080990631080,6197080994631216
"HSA_CORE_API","hsa_signal_wait_scacquire",2822952,2822952,625,6197080994631706,6197080998631841
"HSA_CORE_API","hsa_signal_wait_scacquire",2822952,2822952,626,6197080998632321,6197081002632457
"HSA_CORE_API","hsa_signal_wait_scacquire",2822952,2822952,627,6197081002632947,6197081006633083
"HSA_CORE_API","hsa_signal_wait_scacquire",2822952,2822952,628,6197081006633563,6197081010633729
"HSA_CORE_API","hsa_signal_wait_scacquire",2822952,2822952,629,6197081010634209,6197081014634355
"HSA_CORE_API","hsa_signal_wait_scacquire",2822952,2822952,630,6197081014634835,6197081018634981
"HSA_CORE_API","hsa_signal_wait_scacquire",2822952,2822952,631,6197081018635451,6197081022635597
"HSA_CORE_API","hsa_signal_wait_scacquire",2822952,2822952,632,6197081022636077,6197081026636212
"HSA_CORE_API","hsa_signal_wait_scacquire",2822952,2822952,633,6197081026636522,6197081030636668
"HSA_CORE_API","hsa_signal_wait_scacquire",2822952,2822952,634,6197081030636958,6197081034637104
"HSA_CORE_API","hsa_signal_wait_scacquire",2822952,2822952,635,6197081034637584,6197081038637720
"HSA_CORE_API","hsa_signal_wait_scacquire",2822952,2822952,636,6197081038638200,6197081042638346
"HSA_CORE_API","hsa_signal_wait_scacquire",2822952,2822952,637,6197081042638826,6197081046638962
"HSA_CORE_API","hsa_signal_wait_scacquire",2822952,2822952,638,6197081046639442,6197081050639598
"HSA_CORE_API","hsa_signal_wait_scacquire",2822952,2822952,639,6197081050640078,6197081054640214
"HSA_CORE_API","hsa_signal_wait_scacquire",2822952,2822952,640,6197081054640694,6197081058640839
"HSA_CORE_API","hsa_signal_wait_scacquire",2822952,2822952,641,6197081058641429,6197081062641575
"HSA_CORE_API","hsa_signal_wait_scacquire",2822952,2822952,642,6197081062643395,6197081066643541
"HSA_CORE_API","hsa_signal_wait_scacquire",2822952,2822952,643,6197081066643821,6197081070643967
"HSA_CORE_API","hsa_signal_wait_scacquire",2822952,2822952,644,6197081070644447,6197081074644593
"HSA_CORE_API","hsa_signal_wait_scacquire",2822952,2822952,645,6197081074645073,6197081078645219
"HSA_CORE_API","hsa_signal_wait_scacquire",2822952,2822952,646,6197081078645699,6197081082645845
"HSA_CORE_API","hsa_signal_wait_scacquire",2822952,2822952,647,6197081082646325,6197081086646471
"HSA_CORE_API","hsa_signal_wait_scacquire",2822952,2822952,648,6197081086646951,6197081090647096
"HSA_CORE_API","hsa_signal_wait_scacquire",2822952,2822952,649,6197081090647576,6197081094647722
"HSA_CORE_API","hsa_signal_wait_scacquire",2822952,2822952,650,6197081094648202,6197081098648348
"HSA_CORE_API","hsa_signal_wait_scacquire",2822952,2822952,651,6197081098648828,6197081102648974
"HSA_CORE_API","hsa_signal_wait_scacquire",2822952,2822952,652,6197081102649454,6197081106649600
"HSA_CORE_API","hsa_signal_wait_scacquire",2822952,2822952,653,6197081106649890,6197081110650026
"HSA_CORE_API","hsa_signal_wait_scacquire",2822952,2822952,654,6197081110650516,6197081114650662
"HSA_CORE_API","hsa_signal_wait_scacquire",2822952,2822952,655,6197081114651142,6197081118651278
"HSA_CORE_API","hsa_signal_wait_scacquire",2822952,2822952,656,6197081118651758,6197081122651903
"HSA_CORE_API","hsa_signal_wait_scacquire",2822952,2822952,657,6197081122652383,6197081126652529
"HSA_CORE_API","hsa_signal_wait_scacquire",2822952,2822952,658,6197081126652829,6197081130652975
"HSA_CORE_API","hsa_signal_wait_scacquire",2822952,2822952,659,6197081130653455,6197081134653591
"HSA_CORE_API","hsa_signal_wait_scacquire",2822952,2822952,660,6197081134654611,6197081138654747
"HSA_CORE_API","hsa_signal_wait_scacquire",2822952,2822952,661,6197081138655237,6197081142655373
"HSA_CORE_API","hsa_signal_wait_scacquire",2822952,2822952,662,6197081142655853,6197081146655989
"HSA_CORE_API","hsa_signal_wait_scacquire",2822952,2822952,663,6197081146656479,6197081150656625
"HSA_CORE_API","hsa_signal_wait_scacquire",2822952,2822952,664,6197081150657105,6197081154657270
"HSA_CORE_API","hsa_signal_wait_scacquire",2822952,2822952,665,6197081154657570,6197081158657716
"HSA_CORE_API","hsa_signal_wait_scacquire",2822952,2822952,666,6197081158658196,6197081162658342
"HSA_CORE_API","hsa_signal_wait_scacquire",2822952,2822952,667,6197081162658822,6197081166658968
"HSA_CORE_API","hsa_signal_wait_scacquire",2822952,2822952,668,6197081166659448,6197081170659594
"HSA_CORE_API","hsa_signal_wait_scacquire",2822952,2822952,669,6197081170660064,6197081174660210
"HSA_CORE_API","hsa_signal_wait_scacquire",2822952,2822952,670,6197081174660680,6197081178660826
"HSA_CORE_API","hsa_signal_wait_scacquire",2822952,2822952,671,6197081178661306,6197081182661441
"HSA_CORE_API","hsa_signal_wait_scacquire",2822952,2822952,672,6197081182661921,6197081186662057
"HSA_CORE_API","hsa_signal_wait_scacquire",2822952,2822952,673,6197081186662537,6197081190662713
"HSA_CORE_API","hsa_signal_wait_scacquire",2822952,2822952,674,6197081190663203,6197081194663349
"HSA_CORE_API","hsa_signal_wait_scacquire",2822952,2822952,675,6197081194663829,6197081198663975
"HSA_CORE_API","hsa_signal_wait_scacquire",2822952,2822952,676,6197081198664455,6197081202664591
"HSA_CORE_API","hsa_signal_wait_scacquire",2822952,2822952,677,6197081202665081,6197081206665217
"HSA_CORE_API","hsa_signal_wait_scacquire",2822952,2822952,678,6197081206665707,6197081210665853
"HSA_CORE_API","hsa_signal_wait_scacquire",2822952,2822952,679,6197081210666343,6197081214666478
"HSA_CORE_API","hsa_signal_wait_scacquire",2822952,2822952,680,6197081214666968,6197081218667114
"HSA_CORE_API","hsa_signal_wait_scacquire",2822952,2822952,681,6197081218667404,6197081222667550
"HSA_CORE_API","hsa_signal_wait_scacquire",2822952,2822952,682,6197081222668030,6197081226668176
"HSA_CORE_API","hsa_signal_wait_scacquire",2822952,2822952,683,6197081226668486,6197081230668632
"HSA_CORE_API","hsa_signal_wait_scacquire",2822952,2822952,684,6197081230669112,6197081234669258
"HSA_CORE_API","hsa_signal_wait_scacquire",2822952,2822952,685,6197081234669748,6197081238669884
"HSA_CORE_API","hsa_signal_wait_scacquire",2822952,2822952,686,6197081238670174,6197081242670320
"HSA_CORE_API","hsa_signal_wait_scacquire",2822952,2822952,687,6197081242670790,6197081246670935
"HSA_CORE_API","hsa_signal_wait_scacquire",2822952,2822952,688,6197081246671415,6197081250671551
"HSA_CORE_API","hsa_signal_wait_scacquire",2822952,2822952,689,6197081250672041,6197081254672177
"HSA_CORE_API","hsa_signal_wait_scacquire",2822952,2822952,690,6197081254672667,6197081258672803
"HSA_CORE_API","hsa_signal_wait_scacquire",2822952,2822952,691,6197081258673283,6197081262673419
"HSA_CORE_API","hsa_signal_wait_scacquire",2822952,2822952,692,6197081262673899,6197081266674035
"HSA_CORE_API","hsa_signal_wait_scacquire",2822952,2822952,693,6197081266674515,6197081270674661
"HSA_CORE_API","hsa_signal_wait_scacquire",2822952,2822952,694,6197081270675141,6197081274675307
"HSA_CORE_API","hsa_signal_wait_scacquire",2822952,2822952,695,6197081274675797,6197081278675932
"HSA_CORE_API","hsa_signal_wait_scacquire",2822952,2822952,696,6197081278676412,6197081282676568
"HSA_CORE_API","hsa_signal_wait_scacquire",2822952,2822952,697,6197081282676868,6197081286677004
"HSA_CORE_API","hsa_signal_wait_scacquire",2822952,2822952,698,6197081286677494,6197081290677640
"HSA_CORE_API","hsa_signal_wait_scacquire",2822952,2822952,699,6197081290678120,6197081294678266
"HSA_CORE_API","hsa_signal_wait_scacquire",2822952,2822952,700,6197081294678746,6197081298678892
"HSA_CORE_API","hsa_signal_wait_scacquire",2822952,2822952,701,6197081298679372,6197081302679568
"HSA_CORE_API","hsa_signal_wait_scacquire",2822952,2822952,702,6197081302679868,6197081306680013
"HSA_CORE_API","hsa_signal_wait_scacquire",2822952,2822952,703,6197081306680303,6197081310680449
"HSA_CORE_API","hsa_signal_wait_scacquire",2822952,2822952,704,6197081310680919,6197081314681065
"HSA_CORE_API","hsa_signal_wait_scacquire",2822952,2822952,705,6197081314681555,6197081318681701
"HSA_CORE_API","hsa_signal_wait_scacquire",2822952,2822952,706,6197081318685341,6197081322685487
"HSA_CORE_API","hsa_signal_wait_scacquire",2822952,2822952,707,6197081322685777,6197081326685923
"HSA_CORE_API","hsa_signal_wait_scacquire",2822952,2822952,708,6197081326686223,6197081330686379
"HSA_CORE_API","hsa_signal_wait_scacquire",2822952,2822952,709,6197081330686859,6197081334687005
"HSA_CORE_API","hsa_signal_wait_scacquire",2822952,2822952,710,6197081334687485,6197081338687630
"HSA_CORE_API","hsa_signal_wait_scacquire",2822952,2822952,711,6197081338687920,6197081342688066
"HSA_CORE_API","hsa_signal_wait_scacquire",2822952,2822952,712,6197081342688556,6197081346688702
"HSA_CORE_API","hsa_signal_wait_scacquire",2822952,2822952,713,6197081346689092,6197081350689238
"HSA_CORE_API","hsa_signal_wait_scacquire",2822952,2822952,714,6197081350689728,6197081354689874
"HSA_CORE_API","hsa_signal_wait_scacquire",2822952,2822952,715,6197081354690354,6197081358690500
"HSA_CORE_API","hsa_signal_wait_scacquire",2822952,2822952,716,6197081358690980,6197081362691126
"HSA_CORE_API","hsa_signal_wait_scacquire",2822952,2822952,717,6197081362691666,6197081366691811
"HSA_CORE_API","hsa_signal_wait_scacquire",2822952,2822952,718,6197081366692291,6197081370692437
"HSA_CORE_API","hsa_signal_wait_scacquire",2822952,2822952,719,6197081370692927,6197081374693073
"HSA_CORE_API","hsa_signal_wait_scacquire",2822952,2822952,720,6197081374693553,6197081378693699
"HSA_CORE_API","hsa_signal_wait_scacquire",2822952,2822952,721,6197081378694179,6197081382694325
"HSA_CORE_API","hsa_signal_wait_scacquire",2822952,2822952,722,6197081382694805,6197081386694941
"HSA_CORE_API","hsa_signal_wait_scacquire",2822952,2822952,723,6197081386695431,6197081390695577
"HSA_CORE_API","hsa_signal_wait_scacquire",2822952,2822952,724,6197081390696067,6197081394696203
"HSA_CORE_API","hsa_signal_wait_scacquire",2822952,2822952,725,6197081394696693,6197081398696849
"HSA_CORE_API","hsa_signal_wait_scacquire",2822952,2822952,726,6197081398697348,6197081402697494
"HSA_CORE_API","hsa_signal_wait_scacquire",2822952,2822952,727,6197081402697974,6197081406698120
"HSA_CORE_API","hsa_signal_wait_scacquire",2822952,2822952,728,6197081406698410,6197081410698546
"HSA_CORE_API","hsa_signal_wait_scacquire",2822952,2822952,729,6197081410699036,6197081414699172
"HSA_CORE_API","hsa_signal_wait_scacquire",2822952,2822952,730,6197081414699662,6197081418699808
"HSA_CORE_API","hsa_signal_wait_scacquire",2822952,2822952,731,6197081418700288,6197081422700454
"HSA_CORE_API","hsa_signal_wait_scacquire",2822952,2822952,732,6197081422700944,6197081426701090
"HSA_CORE_API","hsa_signal_wait_scacquire",2822952,2822952,733,6197081426701400,6197081430701536
"HSA_CORE_API","hsa_signal_wait_scacquire",2822952,2822952,734,6197081430702026,6197081434702171
"HSA_CORE_API","hsa_signal_wait_scacquire",2822952,2822952,735,6197081434702661,6197081438702827
"HSA_CORE_API","hsa_signal_wait_scacquire",2822952,2822952,736,6197081438703527,6197081442703483
"HSA_CORE_API","hsa_signal_wait_scacquire",2822952,2822952,737,6197081442704593,6197081446704739
"HSA_CORE_API","hsa_signal_wait_scacquire",2822952,2822952,738,6197081446705129,6197081450705275
"HSA_CORE_API","hsa_signal_wait_scacquire",2822952,2822952,739,6197081450705755,6197081454705901
"HSA_CORE_API","hsa_signal_wait_scacquire",2822952,2822952,740,6197081454706391,6197081458706537
"HSA_CORE_API","hsa_signal_wait_scacquire",2822952,2822952,741,6197081458707017,6197081462707152
"HSA_CORE_API","hsa_signal_wait_scacquire",2822952,2822952,742,6197081462707632,6197081466707778
"HSA_CORE_API","hsa_signal_wait_scacquire",2822952,2822952,743,6197081466708258,6197081470708404
"HSA_CORE_API","hsa_signal_wait_scacquire",2822952,2822952,744,6197081470708884,6197081474709050
"HSA_CORE_API","hsa_signal_wait_scacquire",2822952,2822952,745,6197081474709350,6197081478709506
"HSA_CORE_API","hsa_signal_wait_scacquire",2822952,2822952,746,6197081478709996,6197081482710132
"HSA_CORE_API","hsa_signal_wait_scacquire",2822952,2822952,747,6197081482710622,6197081486710758
"HSA_CORE_API","hsa_signal_wait_scacquire",2822952,2822952,748,6197081486711238,6197081490711394
"HSA_CORE_API","hsa_signal_wait_scacquire",2822952,2822952,749,6197081490711884,6197081494712029
"HSA_CORE_API","hsa_signal_wait_scacquire",2822952,2822952,750,6197081494712509,6197081498712675
"HSA_CORE_API","hsa_signal_wait_scacquire",2822952,2822952,751,6197081498713165,6197081502713311
"HSA_CORE_API","hsa_signal_wait_scacquire",2822952,2822952,752,6197081502713791,6197081506713957
"HSA_CORE_API","hsa_signal_wait_scacquire",2822952,2822952,753,6197081506714467,6197081510714613
"HSA_CORE_API","hsa_signal_wait_scacquire",2822952,2822952,754,6197081510715103,6197081514715249
"HSA_CORE_API","hsa_signal_wait_scacquire",2822952,2822952,755,6197081514715729,6197081518715865
"HSA_CORE_API","hsa_signal_wait_scacquire",2822952,2822952,756,6197081518716955,6197081522717100
"HSA_CORE_API","hsa_signal_wait_scacquire",2822952,2822952,757,6197081522717580,6197081526717726
"HSA_CORE_API","hsa_signal_wait_scacquire",2822952,2822952,758,6197081526718036,6197081530718192
"HSA_CORE_API","hsa_signal_wait_scacquire",2822952,2822952,759,6197081530718702,6197081534718838
"HSA_CORE_API","hsa_signal_wait_scacquire",2822952,2822952,760,6197081534719288,6197081538719464
"HSA_CORE_API","hsa_signal_wait_scacquire",2822952,2822952,761,6197081538719934,6197081542720100
"HSA_CORE_API","hsa_signal_wait_scacquire",2822952,2822952,762,6197081542720640,6197081546720786
"HSA_CORE_API","hsa_signal_wait_scacquire",2822952,2822952,763,6197081546721286,6197081550721412
"HSA_CORE_API","hsa_signal_wait_scacquire",2822952,2822952,764,6197081550721712,6197081554721867
"HSA_CORE_API","hsa_signal_wait_scacquire",2822952,2822952,765,6197081554722367,6197081558722503
"HSA_CORE_API","hsa_signal_wait_scacquire",2822952,2822952,766,6197081558722993,6197081562723159
"HSA_CORE_API","hsa_signal_wait_scacquire",2822952,2822952,767,6197081562723649,6197081566723805
"HSA_CORE_API","hsa_signal_wait_scacquire",2822952,2822952,768,6197081566724295,6197081570724551
"HSA_CORE_API","hsa_signal_wait_scacquire",2822952,2822952,769,6197081570726991,6197081574727157
"HSA_CORE_API","hsa_signal_wait_scacquire",2822952,2822952,770,6197081574729017,6197081578729173
"HSA_CORE_API","hsa_signal_wait_scacquire",2822952,2822952,771,6197081578729473,6197081582729628
"HSA_CORE_API","hsa_signal_wait_scacquire",2822952,2822952,772,6197081582730668,6197081586730804
"HSA_CORE_API","hsa_signal_wait_scacquire",2822952,2822952,773,6197081586731494,6197081590731650
"HSA_CORE_API","hsa_signal_wait_scacquire",2822952,2822952,774,6197081590732170,6197081594732306
"HSA_CORE_API","hsa_signal_wait_scacquire",2822952,2822952,775,6197081594733286,6197081598733452
"HSA_CORE_API","hsa_signal_wait_scacquire",2822952,2822952,776,6197081598734362,6197081602734538
"HSA_CORE_API","hsa_signal_wait_scacquire",2822952,2822952,777,6197081602735548,6197081606735704
"HSA_CORE_API","hsa_signal_wait_scacquire",2822952,2822952,778,6197081606736184,6197081610736320
"HSA_CORE_API","hsa_signal_wait_scacquire",2822952,2822952,779,6197081610736800,6197081614736955
"HSA_CORE_API","hsa_signal_wait_scacquire",2822952,2822952,780,6197081614737665,6197081618737821
"HSA_CORE_API","hsa_signal_wait_scacquire",2822952,2822952,781,6197081618738111,6197081622738417
"HSA_CORE_API","hsa_signal_wait_scacquire",2822952,2822952,782,6197081622738717,6197081626738863
"HSA_CORE_API","hsa_signal_wait_scacquire",2822952,2822952,783,6197081626739193,6197081630739329
"HSA_CORE_API","hsa_signal_wait_scacquire",2822952,2822952,784,6197081630739729,6197081634739875
"HSA_CORE_API","hsa_signal_wait_scacquire",2822952,2822952,785,6197081634740445,6197081638740591
"HSA_CORE_API","hsa_signal_wait_scacquire",2822952,2822952,786,6197081638740881,6197081642741016
"HSA_CORE_API","hsa_signal_wait_scacquire",2822952,2822952,787,6197081642741496,6197081646741662
"HSA_CORE_API","hsa_signal_wait_scacquire",2822952,2822952,788,6197081646742142,6197081650742298
"HSA_CORE_API","hsa_signal_wait_scacquire",2822952,2822952,789,6197081650742798,6197081654742934
"HSA_CORE_API","hsa_signal_wait_scacquire",2822952,2822952,790,6197081654743654,6197081658743790
"HSA_CORE_API","hsa_signal_wait_scacquire",2822952,2822952,791,6197081658744100,6197081662744236
"HSA_CORE_API","hsa_signal_wait_scacquire",2822952,2822952,792,6197081662744826,6197081666744972
"HSA_CORE_API","hsa_signal_wait_scacquire",2822952,2822952,793,6197081666745642,6197081670745778
"HSA_CORE_API","hsa_signal_wait_scacquire",2822952,2822952,794,6197081670746068,6197081674746213
"HSA_CORE_API","hsa_signal_wait_scacquire",2822952,2822952,795,6197081674746703,6197081678746869
"HSA_CORE_API","hsa_signal_wait_scacquire",2822952,2822952,796,6197081678747349,6197081682747485
"HSA_CORE_API","hsa_signal_wait_scacquire",2822952,2822952,797,6197081682747995,6197081686748151
"HSA_CORE_API","hsa_signal_wait_scacquire",2822952,2822952,798,6197081686749121,6197081690749257
"HSA_CORE_API","hsa_signal_wait_scacquire",2822952,2822952,799,6197081690749547,6197081694749693
"HSA_CORE_API","hsa_signal_wait_scacquire",2822952,2822952,800,6197081694750163,6197081698750309
"HSA_CORE_API","hsa_signal_wait_scacquire",2822952,2822952,801,6197081698750879,6197081702751015
"HSA_CORE_API","hsa_signal_wait_scacquire",2822952,2822952,802,6197081702751495,6197081706751770
"HSA_CORE_API","hsa_signal_wait_scacquire",2822952,2822952,803,6197081706752660,6197081710752816
"HSA_CORE_API","hsa_signal_wait_scacquire",2822952,2822952,804,6197081710753296,6197081714753432
"HSA_CORE_API","hsa_signal_wait_scacquire",2822952,2822952,805,6197081714754142,6197081718754278
"HSA_CORE_API","hsa_signal_wait_scacquire",2822952,2822952,806,6197081718754768,6197081722755094
"HSA_CORE_API","hsa_signal_wait_scacquire",2822952,2822952,807,6197081722756274,6197081726756410
"HSA_CORE_API","hsa_signal_wait_scacquire",2822952,2822952,808,6197081726756710,6197081730756846
"HSA_CORE_API","hsa_signal_wait_scacquire",2822952,2822952,809,6197081730757136,6197081734757272
"HSA_CORE_API","hsa_signal_wait_scacquire",2822952,2822952,810,6197081734758042,6197081738758197
"HSA_CORE_API","hsa_signal_wait_scacquire",2822952,2822952,811,6197081738758677,6197081742758813
"HSA_CORE_API","hsa_signal_wait_scacquire",2822952,2822952,812,6197081742759293,6197081746759429
"HSA_CORE_API","hsa_signal_wait_scacquire",2822952,2822952,813,6197081746759929,6197081750760065
"HSA_CORE_API","hsa_signal_wait_scacquire",2822952,2822952,814,6197081750760555,6197081754760691
"HSA_CORE_API","hsa_signal_wait_scacquire",2822952,2822952,815,6197081754761161,6197081758761297
"HSA_CORE_API","hsa_signal_wait_scacquire",2822952,2822952,816,6197081758761777,6197081762761923
"HSA_CORE_API","hsa_signal_wait_scacquire",2822952,2822952,817,6197081762762403,6197081766762549
"HSA_CORE_API","hsa_signal_wait_scacquire",2822952,2822952,818,6197081766763019,6197081770763165
"HSA_CORE_API","hsa_signal_wait_scacquire",2822952,2822952,819,6197081770763635,6197081774763800
"HSA_CORE_API","hsa_signal_wait_scacquire",2822952,2822952,820,6197081774764280,6197081778764416
"HSA_CORE_API","hsa_signal_wait_scacquire",2822952,2822952,821,6197081778764896,6197081782765032
"HSA_CORE_API","hsa_signal_wait_scacquire",2822952,2822952,822,6197081782765332,6197081786765468
"HSA_CORE_API","hsa_signal_wait_scacquire",2822952,2822952,823,6197081786765948,6197081790766094
"HSA_CORE_API","hsa_signal_wait_scacquire",2822952,2822952,824,6197081790766564,6197081794766700
"HSA_CORE_API","hsa_signal_wait_scacquire",2822952,2822952,825,6197081794766990,6197081798767126
"HSA_CORE_API","hsa_signal_wait_scacquire",2822952,2822952,826,6197081798768186,6197081802768322
"HSA_CORE_API","hsa_signal_wait_scacquire",2822952,2822952,827,6197081802769012,6197081806769317
"HSA_CORE_API","hsa_signal_wait_scacquire",2822952,2822952,828,6197081806769807,6197081810769943
"HSA_CORE_API","hsa_signal_wait_scacquire",2822952,2822952,829,6197081810770483,6197081814770629
"HSA_CORE_API","hsa_signal_wait_scacquire",2822952,2822952,830,6197081814771109,6197081818771245
"HSA_CORE_API","hsa_signal_wait_scacquire",2822952,2822952,831,6197081818771735,6197081822771871
"HSA_CORE_API","hsa_signal_wait_scacquire",2822952,2822952,832,6197081822772351,6197081826772687
"HSA_CORE_API","hsa_signal_wait_scacquire",2822952,2822952,833,6197081826773027,6197081830773183
"HSA_CORE_API","hsa_signal_wait_scacquire",2822952,2822952,834,6197081830781322,6197081834781468
"HSA_CORE_API","hsa_signal_wait_scacquire",2822952,2822952,835,6197081834781758,6197081838781904
"HSA_CORE_API","hsa_signal_wait_scacquire",2822952,2822952,836,6197081838782384,6197081842782520
"HSA_CORE_API","hsa_signal_wait_scacquire",2822952,2822952,837,6197081842782990,6197081846783126
"HSA_CORE_API","hsa_signal_wait_scacquire",2822952,2822952,838,6197081846783426,6197081850783562
"HSA_CORE_API","hsa_signal_wait_scacquire",2822952,2822952,839,6197081850784042,6197081854784178
"HSA_CORE_API","hsa_signal_wait_scacquire",2822952,2822952,840,6197081854784658,6197081858784804
"HSA_CORE_API","hsa_signal_wait_scacquire",2822952,2822952,841,6197081858785354,6197081862785489
"HSA_CORE_API","hsa_signal_wait_scacquire",2822952,2822952,842,6197081862785979,6197081866786115
"HSA_CORE_API","hsa_signal_wait_scacquire",2822952,2822952,843,6197081866786595,6197081870786721
"HSA_CORE_API","hsa_signal_wait_scacquire",2822952,2822952,844,6197081870787211,6197081874787347
"HSA_CORE_API","hsa_signal_wait_scacquire",2822952,2822952,845,6197081874787837,6197081878787983
"HSA_CORE_API","hsa_signal_wait_scacquire",2822952,2822952,846,6197081878788453,6197081882788589
"HSA_CORE_API","hsa_signal_wait_scacquire",2822952,2822952,847,6197081882789479,6197081886789625
"HSA_CORE_API","hsa_signal_wait_scacquire",2822952,2822952,848,6197081886790275,6197081890790411
"HSA_CORE_API","hsa_signal_wait_scacquire",2822952,2822952,849,6197081890790881,6197081894791016
"HSA_CORE_API","hsa_signal_wait_scacquire",2822952,2822952,850,6197081894791296,6197081898791432
"HSA_CORE_API","hsa_signal_wait_scacquire",2822952,2822952,851,6197081898791942,6197081902792078
"HSA_CORE_API","hsa_signal_wait_scacquire",2822952,2822952,852,6197081902792748,6197081906792884
"HSA_CORE_API","hsa_signal_wait_scacquire",2822952,2822952,853,6197081906793384,6197081910793520
"HSA_CORE_API","hsa_signal_wait_scacquire",2822952,2822952,854,6197081910793990,6197081914794136
"HSA_CORE_API","hsa_signal_wait_scacquire",2822952,2822952,855,6197081914794826,6197081918794962
"HSA_CORE_API","hsa_signal_wait_scacquire",2822952,2822952,856,6197081918795512,6197081922795648
"HSA_CORE_API","hsa_signal_wait_scacquire",2822952,2822952,857,6197081922796118,6197081926796273
"HSA_CORE_API","hsa_signal_wait_scacquire",2822952,2822952,858,6197081926796583,6197081930796719
"HSA_CORE_API","hsa_signal_wait_scacquire",2822952,2822952,859,6197081930797209,6197081934797355
"HSA_CORE_API","hsa_signal_wait_scacquire",2822952,2822952,860,6197081934797855,6197081938797981
"HSA_CORE_API","hsa_signal_wait_scacquire",2822952,2822952,861,6197081938798861,6197081942799007
"HSA_CORE_API","hsa_signal_wait_scacquire",2822952,2822952,862,6197081942799477,6197081946799613
"HSA_CORE_API","hsa_signal_wait_scacquire",2822952,2822952,863,6197081946800083,6197081950800219
"HSA_CORE_API","hsa_signal_wait_scacquire",2822952,2822952,864,6197081950801359,6197081954801495
"HSA_CORE_API","hsa_signal_wait_scacquire",2822952,2822952,865,6197081954801785,6197081958802100
"HSA_CORE_API","hsa_signal_wait_scacquire",2822952,2822952,866,6197081958802600,6197081962802736
"HSA_CORE_API","hsa_signal_wait_scacquire",2822952,2822952,867,6197081962803226,6197081966803362
"HSA_CORE_API","hsa_signal_wait_scacquire",2822952,2822952,868,6197081966803842,6197081970803978
"HSA_CORE_API","hsa_signal_wait_scacquire",2822952,2822952,869,6197081970804698,6197081974804834
"HSA_CORE_API","hsa_signal_wait_scacquire",2822952,2822952,870,6197081974805304,6197081978805440
"HSA_CORE_API","hsa_signal_wait_scacquire",2822952,2822952,871,6197081978805930,6197081982806066
"HSA_CORE_API","hsa_signal_wait_scacquire",2822952,2822952,872,6197081982806546,6197081986808262
"HSA_CORE_API","hsa_signal_wait_scacquire",2822952,2822952,873,6197081986818411,6197081990819317
"HSA_CORE_API","hsa_signal_wait_scacquire",2822952,2822952,874,6197081990819607,6197081994819753
"HSA_CORE_API","hsa_signal_wait_scacquire",2822952,2822952,875,6197081994820413,6197081998820549
"HSA_CORE_API","hsa_signal_wait_scacquire",2822952,2822952,876,6197081998821219,6197082002821355
"HSA_CORE_API","hsa_signal_wait_scacquire",2822952,2822952,877,6197082002821845,6197082006821981
"HSA_CORE_API","hsa_signal_wait_scacquire",2822952,2822952,878,6197082006822551,6197082010822687
"HSA_CORE_API","hsa_signal_wait_scacquire",2822952,2822952,879,6197082010823167,6197082014823612
"HSA_CORE_API","hsa_signal_wait_scacquire",2822952,2822952,880,6197082014824102,6197082018824238
"HSA_CORE_API","hsa_signal_wait_scacquire",2822952,2822952,881,6197082018824738,6197082022824954
"HSA_CORE_API","hsa_signal_wait_scacquire",2822952,2822952,882,6197082022825424,6197082026825640
"HSA_CORE_API","hsa_signal_wait_scacquire",2822952,2822952,883,6197082026825940,6197082030826076
"HSA_CORE_API","hsa_signal_wait_scacquire",2822952,2822952,884,6197082030826756,6197082034826902
"HSA_CORE_API","hsa_signal_wait_scacquire",2822952,2822952,885,6197082034827472,6197082038827618
"HSA_CORE_API","hsa_signal_wait_scacquire",2822952,2822952,886,6197082038827908,6197082042828054
"HSA_CORE_API","hsa_signal_wait_scacquire",2822952,2822952,887,6197082042828814,6197082046828949
"HSA_CORE_API","hsa_signal_wait_scacquire",2822952,2822952,888,6197082046829429,6197082050829785
"HSA_CORE_API","hsa_signal_wait_scacquire",2822952,2822952,889,6197082050830255,6197082054830521
"HSA_CORE_API","hsa_signal_wait_scacquire",2822952,2822952,890,6197082054831001,6197082058831137
"HSA_CORE_API","hsa_signal_wait_scacquire",2822952,2822952,891,6197082058832077,6197082062832243
"HSA_CORE_API","hsa_signal_wait_scacquire",2822952,2822952,892,6197082062832923,6197082066833069
"HSA_CORE_API","hsa_signal_wait_scacquire",2822952,2822952,893,6197082066833569,6197082070833705
"HSA_CORE_API","hsa_signal_wait_scacquire",2822952,2822952,894,6197082070834185,6197082074834331
"HSA_CORE_API","hsa_signal_wait_scacquire",2822952,2822952,895,6197082074835001,6197082078835146
"HSA_CORE_API","hsa_signal_wait_scacquire",2822952,2822952,896,6197082078835626,6197082082835782
"HSA_CORE_API","hsa_signal_wait_scacquire",2822952,2822952,897,6197082082836632,6197082086836768
"HSA_CORE_API","hsa_signal_wait_scacquire",2822952,2822952,898,6197082086844208,6197082090844344
"HSA_CORE_API","hsa_signal_wait_scacquire",2822952,2822952,899,6197082090844634,6197082094844790
"HSA_CORE_API","hsa_signal_wait_scacquire",2822952,2822952,900,6197082094845470,6197082098845606
"HSA_CORE_API","hsa_signal_wait_scacquire",2822952,2822952,901,6197082098846096,6197082102846232
"HSA_CORE_API","hsa_signal_wait_scacquire",2822952,2822952,902,6197082102846522,6197082106846857
"HSA_CORE_API","hsa_signal_wait_scacquire",2822952,2822952,903,6197082106847337,6197082110847483
"HSA_CORE_API","hsa_signal_wait_scacquire",2822952,2822952,904,6197082110847963,6197082114848139
"HSA_CORE_API","hsa_signal_wait_scacquire",2822952,2822952,905,6197082114848609,6197082118848745
"HSA_CORE_API","hsa_signal_wait_scacquire",2822952,2822952,906,6197082118849225,6197082122849361
"HSA_CORE_API","hsa_signal_wait_scacquire",2822952,2822952,907,6197082122849851,6197082126849977
"HSA_CORE_API","hsa_signal_wait_scacquire",2822952,2822952,908,6197082126850867,6197082130851003
"HSA_CORE_API","hsa_signal_wait_scacquire",2822952,2822952,909,6197082130851543,6197082134851679
"HSA_CORE_API","hsa_signal_wait_scacquire",2822952,2822952,910,6197082134852159,6197082138852304
"HSA_CORE_API","hsa_signal_wait_scacquire",2822952,2822952,911,6197082138852774,6197082142852930
"HSA_CORE_API","hsa_signal_wait_scacquire",2822952,2822952,912,6197082142853230,6197082146853586
"HSA_CORE_API","hsa_signal_wait_scacquire",2822952,2822952,913,6197082146854066,6197082150854212
"HSA_CORE_API","hsa_signal_wait_scacquire",2822952,2822952,914,6197082150854692,6197082154854828
"HSA_CORE_API","hsa_signal_wait_scacquire",2822952,2822952,915,6197082154855308,6197082158855444
"HSA_CORE_API","hsa_signal_wait_scacquire",2822952,2822952,916,6197082158855934,6197082162856080
"HSA_CORE_API","hsa_signal_wait_scacquire",2822952,2822952,917,6197082162856550,6197082166856696
"HSA_CORE_API","hsa_signal_wait_scacquire",2822952,2822952,918,6197082166856996,6197082170857141
"HSA_CORE_API","hsa_signal_wait_scacquire",2822952,2822952,919,6197082170857621,6197082174857757
"HSA_CORE_API","hsa_signal_wait_scacquire",2822952,2822952,920,6197082174858437,6197082178858583
"HSA_CORE_API","hsa_signal_wait_scacquire",2822952,2822952,921,6197082178859593,6197082182859729
"HSA_CORE_API","hsa_signal_wait_scacquire",2822952,2822952,922,6197082182860209,6197082186860355
"HSA_CORE_API","hsa_signal_wait_scacquire",2822952,2822952,923,6197082186860835,6197082190860971
"HSA_CORE_API","hsa_signal_wait_scacquire",2822952,2822952,924,6197082190861461,6197082194861607
"HSA_CORE_API","hsa_signal_wait_scacquire",2822952,2822952,925,6197082194862097,6197082198862243
"HSA_CORE_API","hsa_signal_wait_scacquire",2822952,2822952,926,6197082198862713,6197082202862849
"HSA_CORE_API","hsa_signal_wait_scacquire",2822952,2822952,927,6197082202863329,6197082206863464
"HSA_CORE_API","hsa_signal_wait_scacquire",2822952,2822952,928,6197082206864424,6197082210864570
"HSA_CORE_API","hsa_signal_wait_scacquire",2822952,2822952,929,6197082210865240,6197082214865376
"HSA_CORE_API","hsa_signal_wait_scacquire",2822952,2822952,930,6197082214865866,6197082218866002
"HSA_CORE_API","hsa_signal_wait_scacquire",2822952,2822952,931,6197082218867022,6197082222867158
"HSA_CORE_API","hsa_signal_wait_scacquire",2822952,2822952,932,6197082222867648,6197082226867794
"HSA_CORE_API","hsa_signal_wait_scacquire",2822952,2822952,933,6197082226872004,6197082230872139
"HSA_CORE_API","hsa_signal_wait_scacquire",2822952,2822952,934,6197082230873029,6197082234873165
"HSA_CORE_API","hsa_signal_wait_scacquire",2822952,2822952,935,6197082234873645,6197082238873781
"HSA_CORE_API","hsa_signal_wait_scacquire",2822952,2822952,936,6197082238874701,6197082242874847
"HSA_CORE_API","hsa_signal_wait_scacquire",2822952,2822952,937,6197082242875327,6197082246875463
"HSA_CORE_API","hsa_signal_wait_scacquire",2822952,2822952,938,6197082246875953,6197082250876089
"HSA_CORE_API","hsa_signal_wait_scacquire",2822952,2822952,939,6197082250876779,6197082254876925
"HSA_CORE_API","hsa_signal_wait_scacquire",2822952,2822952,940,6197082254877405,6197082258877551
"HSA_CORE_API","hsa_signal_wait_scacquire",2822952,2822952,941,6197082258878031,6197082262878167
"HSA_CORE_API","hsa_signal_wait_scacquire",2822952,2822952,942,6197082262879487,6197082266879622
"HSA_CORE_API","hsa_signal_wait_scacquire",2822952,2822952,943,6197082266880292,6197082270880428
"HSA_CORE_API","hsa_signal_wait_scacquire",2822952,2822952,944,6197082270880908,6197082274881054
"HSA_CORE_API","hsa_signal_wait_scacquire",2822952,2822952,945,6197082274881534,6197082278881670
"HSA_CORE_API","hsa_signal_wait_scacquire",2822952,2822952,946,6197082278882150,6197082282882296
"HSA_CORE_API","hsa_signal_wait_scacquire",2822952,2822952,947,6197082282882766,6197082286882912
"HSA_CORE_API","hsa_signal_wait_scacquire",2822952,2822952,948,6197082286883392,6197082290883538
"HSA_CORE_API","hsa_signal_wait_scacquire",2822952,2822952,949,6197082290883828,6197082294883974
"HSA_CORE_API","hsa_signal_wait_scacquire",2822952,2822952,950,6197082294884464,6197082298884599
"HSA_CORE_API","hsa_signal_wait_scacquire",2822952,2822952,951,6197082298885079,6197082302885215
"HSA_CORE_API","hsa_signal_wait_scacquire",2822952,2822952,952,6197082302885695,6197082306885831
"HSA_CORE_API","hsa_signal_wait_scacquire",2822952,2822952,953,6197082306886311,6197082310886447
"HSA_CORE_API","hsa_signal_wait_scacquire",2822952,2822952,954,6197082310886927,6197082314887063
"HSA_CORE_API","hsa_signal_wait_scacquire",2822952,2822952,955,6197082314887543,6197082318887679
"HSA_CORE_API","hsa_signal_wait_scacquire",2822952,2822952,956,6197082318888159,6197082322888305
"HSA_CORE_API","hsa_signal_wait_scacquire",2822952,2822952,957,6197082322888835,6197082326888981
"HSA_CORE_API","hsa_signal_wait_scacquire",2822952,2822952,958,6197082326889581,6197082330889716
"HSA_CORE_API","hsa_signal_wait_scacquire",2822952,2822952,959,6197082330890016,6197082334890162
"HSA_CORE_API","hsa_signal_wait_scacquire",2822952,2822952,960,6197082334890642,6197082338890778
"HSA_CORE_API","hsa_signal_wait_scacquire",2822952,2822952,961,6197082338919697,6197082342919863
"HSA_CORE_API","hsa_signal_wait_scacquire",2822952,2822952,962,6197082342921713,6197082346921849
"HSA_CORE_API","hsa_signal_wait_scacquire",2822952,2822952,963,6197082346922549,6197082350922685
"HSA_CORE_API","hsa_signal_wait_scacquire",2822952,2822952,964,6197082350923575,6197082354923711
"HSA_CORE_API","hsa_signal_wait_scacquire",2822952,2822952,965,6197082354924191,6197082358924337
"HSA_CORE_API","hsa_signal_wait_scacquire",2822952,2822952,966,6197082358924817,6197082362925003
"HSA_CORE_API","hsa_signal_wait_scacquire",2822952,2822952,967,6197082362925483,6197082366925619
"HSA_CORE_API","hsa_signal_wait_scacquire",2822952,2822952,968,6197082366926848,6197082370926984
"HSA_CORE_API","hsa_signal_wait_scacquire",2822952,2822952,969,6197082370927654,6197082374927800
"HSA_CORE_API","hsa_signal_wait_scacquire",2822952,2822952,970,6197082374928660,6197082378928796
"HSA_CORE_API","hsa_signal_wait_scacquire",2822952,2822952,971,6197082378929086,6197082382929232
"HSA_CORE_API","hsa_signal_wait_scacquire",2822952,2822952,972,6197082382929712,6197082386929858
"HSA_CORE_API","hsa_signal_wait_scacquire",2822952,2822952,973,6197082386930948,6197082390931084
"HSA_CORE_API","hsa_signal_wait_scacquire",2822952,2822952,974,6197082390931564,6197082394931700
"HSA_CORE_API","hsa_signal_wait_scacquire",2822952,2822952,975,6197082394932270,6197082398932406
"HSA_CORE_API","hsa_signal_wait_scacquire",2822952,2822952,976,6197082398932975,6197082402933111
"HSA_CORE_API","hsa_signal_wait_scacquire",2822952,2822952,977,6197082402933601,6197082406933747
"HSA_CORE_API","hsa_signal_wait_scacquire",2822952,2822952,978,6197082406934227,6197082410934373
"HSA_CORE_API","hsa_signal_wait_scacquire",2822952,2822952,979,6197082410934953,6197082414935099
"HSA_CORE_API","hsa_signal_wait_scacquire",2822952,2822952,980,6197082414935579,6197082418935715
"HSA_CORE_API","hsa_signal_wait_scacquire",2822952,2822952,981,6197082418936105,6197082422936251
"HSA_CORE_API","hsa_signal_wait_scacquire",2822952,2822952,982,6197082422936911,6197082426937067
"HSA_CORE_API","hsa_signal_wait_scacquire",2822952,2822952,983,6197082426937567,6197082430937703
"HSA_CORE_API","hsa_signal_wait_scacquire",2822952,2822952,984,6197082430938192,6197082434938328
"HSA_CORE_API","hsa_signal_wait_scacquire",2822952,2822952,985,6197082434938808,6197082438938944
"HSA_CORE_API","hsa_signal_wait_scacquire",2822952,2822952,986,6197082438939434,6197082442939380
"HSA_CORE_API","hsa_signal_wait_scacquire",2822952,2822952,987,6197082442939950,6197082446940096
"HSA_CORE_API","hsa_signal_wait_scacquire",2822952,2822952,988,6197082446940576,6197082450940712
"HSA_CORE_API","hsa_signal_wait_scacquire",2822952,2822952,989,6197082450941012,6197082454941158
"HSA_CORE_API","hsa_signal_wait_scacquire",2822952,2822952,990,6197082454941628,6197082458941764
"HSA_CORE_API","hsa_signal_wait_scacquire",2822952,2822952,991,6197082458942244,6197082462942380
"HSA_CORE_API","hsa_signal_wait_scacquire",2822952,2822952,992,6197082462942860,6197082466942995
"HSA_CORE_API","hsa_signal_wait_scacquire",2822952,2822952,993,6197082466943475,6197082470943621
"HSA_CORE_API","hsa_signal_wait_scacquire",2822952,2822952,994,6197082470944101,6197082474944237
"HSA_CORE_API","hsa_signal_wait_scacquire",2822952,2822952,995,6197082474944717,6197082478944853
"HSA_CORE_API","hsa_signal_wait_scacquire",2822952,2822952,996,6197082478948443,6197082482948609
"HSA_CORE_API","hsa_signal_wait_scacquire",2822952,2822952,997,6197082482949099,6197082486949245
"HSA_CORE_API","hsa_signal_wait_scacquire",2822952,2822952,998,6197082486949535,6197082490949681
"HSA_CORE_API","hsa_signal_wait_scacquire",2822952,2822952,999,6197082490950161,6197082494950306
"HSA_CORE_API","hsa_signal_wait_scacquire",2822952,2822952,1000,6197082494950786,6197082498950922
"HSA_CORE_API","hsa_signal_wait_scacquire",2822952,2822952,1001,6197082498951482,6197082502951628
"HSA_CORE_API","hsa_signal_wait_scacquire",2822952,2822952,1002,6197082502952108,6197082506952244
"HSA_CORE_API","hsa_signal_wait_scacquire",2822952,2822952,1003,6197082506952734,6197082510952880
"HSA_CORE_API","hsa_signal_wait_scacquire",2822952,2822952,1004,6197082510953360,6197082514953506
"HSA_CORE_API","hsa_signal_wait_scacquire",2822952,2822952,1005,6197082514953976,6197082518954122
"HSA_CORE_API","hsa_signal_wait_scacquire",2822952,2822952,1006,6197082518954782,6197082522954918
"HSA_CORE_API","hsa_signal_wait_scacquire",2822952,2822952,1007,6197082522955398,6197082526955533
"HSA_CORE_API","hsa_signal_wait_scacquire",2822952,2822952,1008,6197082526955843,6197082530955979
"HSA_CORE_API","hsa_signal_wait_scacquire",2822952,2822952,1009,6197082530956459,6197082534956595
"HSA_CORE_API","hsa_signal_wait_scacquire",2822952,2822952,1010,6197082534957075,6197082538957221
"HSA_CORE_API","hsa_signal_wait_scacquire",2822952,2822952,1011,6197082538957701,6197082542957867
"HSA_CORE_API","hsa_signal_wait_scacquire",2822952,2822952,1012,6197082542958167,6197082546958313
"HSA_CORE_API","hsa_signal_wait_scacquire",2822952,2822952,1013,6197082546958793,6197082550958939
"HSA_CORE_API","hsa_signal_wait_scacquire",2822952,2822952,1014,6197082550959409,6197082554959565
"HSA_CORE_API","hsa_signal_wait_scacquire",2822952,2822952,1015,6197082554960045,6197082558960180
"HSA_CORE_API","hsa_signal_wait_scacquire",2822952,2822952,1016,6197082558960660,6197082562960797
"HSA_CORE_API","hsa_signal_wait_scacquire",2822952,2822952,1017,6197082562961277,6197082566961422
"HSA_CORE_API","hsa_signal_wait_scacquire",2822952,2822952,1018,6197082566961902,6197082570962038
"HSA_CORE_API","hsa_signal_wait_scacquire",2822952,2822952,1019,6197082570962518,6197082574962664
"HSA_CORE_API","hsa_signal_wait_scacquire",2822952,2822952,1020,6197082574963144,6197082578963290
"HSA_CORE_API","hsa_signal_wait_scacquire",2822952,2822952,1021,6197082578963950,6197082582964086
"HSA_CORE_API","hsa_signal_wait_scacquire",2822952,2822952,1022,6197082582964386,6197082586964522
"HSA_CORE_API","hsa_signal_wait_scacquire",2822952,2822952,1023,6197082586964812,6197082590964957
"HSA_CORE_API","hsa_signal_wait_scacquire",2822952,2822952,1024,6197082590965447,6197082594965594
"HSA_CORE_API","hsa_signal_wait_scacquire",2822952,2822952,1025,6197082594966424,6197082598966559
"HSA_CORE_API","hsa_signal_wait_scacquire",2822952,2822952,1026,6197082598972459,6197082602972595
"HSA_CORE_API","hsa_signal_wait_scacquire",2822952,2822952,1027,6197082602972885,6197082606973021
"HSA_CORE_API","hsa_signal_wait_scacquire",2822952,2822952,1028,6197082606973511,6197082610973647
"HSA_CORE_API","hsa_signal_wait_scacquire",2822952,2822952,1029,6197082610974127,6197082614974263
"HSA_CORE_API","hsa_signal_wait_scacquire",2822952,2822952,1030,6197082614974753,6197082618974909
"HSA_CORE_API","hsa_signal_wait_scacquire",2822952,2822952,1031,6197082618975778,6197082622975925
"HSA_CORE_API","hsa_signal_wait_scacquire",2822952,2822952,1032,6197082622976215,6197082626976350
"HSA_CORE_API","hsa_signal_wait_scacquire",2822952,2822952,1033,6197082626976670,6197082630976806
"HSA_CORE_API","hsa_signal_wait_scacquire",2822952,2822952,1034,6197082630977286,6197082634977612
"HSA_CORE_API","hsa_signal_wait_scacquire",2822952,2822952,1035,6197082634978102,6197082638978248
"HSA_CORE_API","hsa_signal_wait_scacquire",2822952,2822952,1036,6197082638978538,6197082642978674
"HSA_CORE_API","hsa_signal_wait_scacquire",2822952,2822952,1037,6197082642979144,6197082646979280
"HSA_CORE_API","hsa_signal_wait_scacquire",2822952,2822952,1038,6197082646979770,6197082650979906
"HSA_CORE_API","hsa_signal_wait_scacquire",2822952,2822952,1039,6197082650980386,6197082654980532
"HSA_CORE_API","hsa_signal_wait_scacquire",2822952,2822952,1040,6197082654981592,6197082658981767
"HSA_CORE_API","hsa_signal_wait_scacquire",2822952,2822952,1041,6197082658982247,6197082662982383
"HSA_CORE_API","hsa_signal_wait_scacquire",2822952,2822952,1042,6197082662982863,6197082666982999
"HSA_CORE_API","hsa_signal_wait_scacquire",2822952,2822952,1043,6197082666983299,6197082670983435
"HSA_CORE_API","hsa_signal_wait_scacquire",2822952,2822952,1044,6197082670983925,6197082674984061
"HSA_CORE_API","hsa_signal_wait_scacquire",2822952,2822952,1045,6197082674984541,6197082678984677
"HSA_CORE_API","hsa_signal_wait_scacquire",2822952,2822952,1046,6197082678985287,6197082682985413
"HSA_CORE_API","hsa_signal_wait_scacquire",2822952,2822952,1047,6197082682985903,6197082686986039
"HSA_CORE_API","hsa_signal_wait_scacquire",2822952,2822952,1048,6197082686986529,6197082690986654
"HSA_CORE_API","hsa_signal_wait_scacquire",2822952,2822952,1049,6197082690987134,6197082694987260
"HSA_CORE_API","hsa_signal_wait_scacquire",2822952,2822952,1050,6197082694987740,6197082698987876
"HSA_CORE_API","hsa_signal_wait_scacquire",2822952,2822952,1051,6197082698988356,6197082702988492
"HSA_CORE_API","hsa_signal_wait_scacquire",2822952,2822952,1052,6197082702989582,6197082706989718
"HSA_CORE_API","hsa_signal_wait_scacquire",2822952,2822952,1053,6197082706990648,6197082710990794
"HSA_CORE_API","hsa_signal_wait_scacquire",2822952,2822952,1054,6197082710991284,6197082714991460
"HSA_CORE_API","hsa_signal_wait_scacquire",2822952,2822952,1055,6197082714991930,6197082718992066
"HSA_CORE_API","hsa_signal_wait_scacquire",2822952,2822952,1056,6197082718992556,6197082722992691
"HSA_CORE_API","hsa_signal_wait_scacquire",2822952,2822952,1057,6197082722992981,6197082726993117
"HSA_CORE_API","hsa_signal_wait_scacquire",2822952,2822952,1058,6197082726993417,6197082730993553
"HSA_CORE_API","hsa_signal_wait_scacquire",2822952,2822952,1059,6197082730994043,6197082734994189
"HSA_CORE_API","hsa_signal_wait_scacquire",2822952,2822952,1060,6197082734994669,6197082738994805
"HSA_CORE_API","hsa_signal_wait_scacquire",2822952,2822952,1061,6197082738995285,6197082742995421
"HSA_CORE_API","hsa_signal_wait_scacquire",2822952,2822952,1062,6197082742995901,6197082746996037
"HSA_CORE_API","hsa_signal_wait_scacquire",2822952,2822952,1063,6197082746996517,6197082750996653
"HSA_CORE_API","hsa_signal_wait_scacquire",2822952,2822952,1064,6197082750997123,6197082754997259
"HSA_CORE_API","hsa_signal_wait_scacquire",2822952,2822952,1065,6197082754997749,6197082758997904
"HSA_CORE_API","hsa_signal_wait_scacquire",2822952,2822952,1066,6197082758998384,6197082762998520
"HSA_CORE_API","hsa_signal_wait_scacquire",2822952,2822952,1067,6197082762999010,6197082766999146
"HSA_CORE_API","hsa_signal_wait_scacquire",2822952,2822952,1068,6197082766999786,6197082771002902
"HSA_CORE_API","hsa_signal_wait_scacquire",2822952,2822952,1069,6197082771003202,6197082775003338
"HSA_CORE_API","hsa_signal_wait_scacquire",2822952,2822952,1070,6197082775007158,6197082779007304
"HSA_CORE_API","hsa_signal_wait_scacquire",2822952,2822952,1071,6197082779007594,6197082783007730
"HSA_CORE_API","hsa_signal_wait_scacquire",2822952,2822952,1072,6197082783008300,6197082787008435
"HSA_CORE_API","hsa_signal_wait_scacquire",2822952,2822952,1073,6197082787009015,6197082791009161
"HSA_CORE_API","hsa_signal_wait_scacquire",2822952,2822952,1074,6197082791009631,6197082795009767
"HSA_CORE_API","hsa_signal_wait_scacquire",2822952,2822952,1075,6197082795010067,6197082799010213
"HSA_CORE_API","hsa_signal_wait_scacquire",2822952,2822952,1076,6197082799010693,6197082803010839
"HSA_CORE_API","hsa_signal_wait_scacquire",2822952,2822952,1077,6197082803011319,6197082807011455
"HSA_CORE_API","hsa_signal_wait_scacquire",2822952,2822952,1078,6197082807011945,6197082811012081
"HSA_CORE_API","hsa_signal_wait_scacquire",2822952,2822952,1079,6197082811012571,6197082815012717
"HSA_CORE_API","hsa_signal_wait_scacquire",2822952,2822952,1080,6197082815013207,6197082819013352
"HSA_CORE_API","hsa_signal_wait_scacquire",2822952,2822952,1081,6197082819013842,6197082823013989
"HSA_CORE_API","hsa_signal_wait_scacquire",2822952,2822952,1082,6197082823014479,6197082827014624
"HSA_CORE_API","hsa_signal_wait_scacquire",2822952,2822952,1083,6197082827014924,6197082831015060
"HSA_CORE_API","hsa_signal_wait_scacquire",2822952,2822952,1084,6197082831016100,6197082835016246
"HSA_CORE_API","hsa_signal_wait_scacquire",2822952,2822952,1085,6197082835016716,6197082839016872
"HSA_CORE_API","hsa_signal_wait_scacquire",2822952,2822952,1086,6197082839017162,6197082843017308
"HSA_CORE_API","hsa_signal_wait_scacquire",2822952,2822952,1087,6197082843017788,6197082847017934
"HSA_CORE_API","hsa_signal_wait_scacquire",2822952,2822952,1088,6197082847018424,6197082851018570
"HSA_CORE_API","hsa_signal_wait_scacquire",2822952,2822952,1089,6197082851018910,6197082855019046
"HSA_CORE_API","hsa_signal_wait_scacquire",2822952,2822952,1090,6197082855025075,6197082859025211
"HSA_CORE_API","hsa_signal_wait_scacquire",2822952,2822952,1091,6197082859025881,6197082863026017
"HSA_CORE_API","hsa_signal_wait_scacquire",2822952,2822952,1092,6197082863026497,6197082867026633
"HSA_CORE_API","hsa_signal_wait_scacquire",2822952,2822952,1093,6197082867027123,6197082871027259
"HSA_CORE_API","hsa_signal_wait_scacquire",2822952,2822952,1094,6197082871027739,6197082875027875
"HSA_CORE_API","hsa_signal_wait_scacquire",2822952,2822952,1095,6197082875028355,6197082879028501
"HSA_CORE_API","hsa_signal_wait_scacquire",2822952,2822952,1096,6197082879029171,6197082883029317
"HSA_CORE_API","hsa_signal_wait_scacquire",2822952,2822952,1097,6197082883029797,6197082887029932
"HSA_CORE_API","hsa_signal_wait_scacquire",2822952,2822952,1098,6197082887030412,6197082891030548
"HSA_CORE_API","hsa_signal_wait_scacquire",2822952,2822952,1099,6197082891031038,6197082895031184
"HSA_CORE_API","hsa_signal_wait_scacquire",2822952,2822952,1100,6197082895031664,6197082899031800
"HSA_CORE_API","hsa_signal_wait_scacquire",2822952,2822952,1101,6197082899032280,6197082903032426
"HSA_CORE_API","hsa_signal_wait_scacquire",2822952,2822952,1102,6197082903032906,6197082907033062
"HSA_CORE_API","hsa_signal_wait_scacquire",2822952,2822952,1103,6197082907033552,6197082911033688
"HSA_CORE_API","hsa_signal_wait_scacquire",2822952,2822952,1104,6197082911034178,6197082915034314
"HSA_CORE_API","hsa_signal_wait_scacquire",2822952,2822952,1105,6197082915034794,6197082919034930
"HSA_CORE_API","hsa_signal_wait_scacquire",2822952,2822952,1106,6197082919035610,6197082923035755
"HSA_CORE_API","hsa_signal_wait_scacquire",2822952,2822952,1107,6197082923036245,6197082927036391
"HSA_CORE_API","hsa_signal_wait_scacquire",2822952,2822952,1108,6197082927037081,6197082931037227
"HSA_CORE_API","hsa_signal_wait_scacquire",2822952,2822952,1109,6197082931037717,6197082935037863
"HSA_CORE_API","hsa_signal_wait_scacquire",2822952,2822952,1110,6197082935038353,6197082939038499
"HSA_CORE_API","hsa_signal_wait_scacquire",2822952,2822952,1111,6197082939038989,6197082943039135
"HSA_CORE_API","hsa_signal_wait_scacquire",2822952,2822952,1112,6197082943039625,6197082947039771
"HSA_CORE_API","hsa_signal_wait_scacquire",2822952,2822952,1113,6197082947040261,6197082951040407
"HSA_CORE_API","hsa_signal_wait_scacquire",2822952,2822952,1114,6197082951040897,6197082955041032
"HSA_CORE_API","hsa_signal_wait_scacquire",2822952,2822952,1115,6197082955041512,6197082959041678
"HSA_CORE_API","hsa_signal_wait_scacquire",2822952,2822952,1116,6197082959042378,6197082963042534
"HSA_CORE_API","hsa_signal_wait_scacquire",2822952,2822952,1117,6197082963043014,6197082967043160
"HSA_CORE_API","hsa_signal_wait_scacquire",2822952,2822952,1118,6197082967043460,6197082971043606
"HSA_CORE_API","hsa_signal_wait_scacquire",2822952,2822952,1119,6197082971044086,6197082975044232
"HSA_CORE_API","hsa_signal_wait_scacquire",2822952,2822952,1120,6197082975044712,6197082979044858
"HSA_CORE_API","hsa_signal_wait_scacquire",2822952,2822952,1121,6197082979045338,6197082983045484
"HSA_CORE_API","hsa_signal_wait_scacquire",2822952,2822952,1122,6197082983045774,6197082987045919
"HSA_CORE_API","hsa_signal_wait_scacquire",2822952,2822952,1123,6197082987046409,6197082991046556
"HSA_CORE_API","hsa_signal_wait_scacquire",2822952,2822952,1124,6197082991047035,6197082995047181
"HSA_CORE_API","hsa_signal_wait_scacquire",2822952,2822952,1125,6197082995048011,6197082999048147
"HSA_CORE_API","hsa_signal_wait_scacquire",2822952,2822952,1126,6197082999048637,6197083003048783
"HSA_CORE_API","hsa_signal_wait_scacquire",2822952,2822952,1127,6197083003049273,6197083007049419
"HSA_CORE_API","hsa_signal_wait_scacquire",2822952,2822952,1128,6197083007049909,6197083011050055
"HSA_CORE_API","hsa_signal_wait_scacquire",2822952,2822952,1129,6197083011050535,6197083015050671
"HSA_CORE_API","hsa_signal_wait_scacquire",2822952,2822952,1130,6197083015051151,6197083019051297
"HSA_CORE_API","hsa_signal_wait_scacquire",2822952,2822952,1131,6197083019051777,6197083023051923
"HSA_CORE_API","hsa_signal_wait_scacquire",2822952,2822952,1132,6197083023052402,6197083027052548
"HSA_CORE_API","hsa_signal_wait_scacquire",2822952,2822952,1133,6197083027052848,6197083031052994
"HSA_CORE_API","hsa_signal_wait_scacquire",2822952,2822952,1134,6197083031053484,6197083035053620
"HSA_CORE_API","hsa_signal_wait_scacquire",2822952,2822952,1135,6197083035054100,6197083039054246
"HSA_CORE_API","hsa_signal_wait_scacquire",2822952,2822952,1136,6197083039054726,6197083043054872
"HSA_CORE_API","hsa_signal_wait_scacquire",2822952,2822952,1137,6197083043055162,6197083047055308
"HSA_CORE_API","hsa_signal_wait_scacquire",2822952,2822952,1138,6197083047055788,6197083051055934
"HSA_CORE_API","hsa_signal_wait_scacquire",2822952,2822952,1139,6197083051056414,6197083055056560
"HSA_CORE_API","hsa_signal_wait_scacquire",2822952,2822952,1140,6197083055057040,6197083059057185
"HSA_CORE_API","hsa_signal_wait_scacquire",2822952,2822952,1141,6197083059057675,6197083063057821
"HSA_CORE_API","hsa_signal_wait_scacquire",2822952,2822952,1142,6197083063058311,6197083067058457
"HSA_CORE_API","hsa_signal_wait_scacquire",2822952,2822952,1143,6197083067058747,6197083071058893
"HSA_CORE_API","hsa_signal_wait_scacquire",2822952,2822952,1144,6197083071059183,6197083075059339
"HSA_CORE_API","hsa_signal_wait_scacquire",2822952,2822952,1145,6197083075062159,6197083079062305
"HSA_CORE_API","hsa_signal_wait_scacquire",2822952,2822952,1146,6197083079062595,6197083083062741
"HSA_CORE_API","hsa_signal_wait_scacquire",2822952,2822952,1147,6197083083063231,6197083087063367
"HSA_CORE_API","hsa_signal_wait_scacquire",2822952,2822952,1148,6197083087063847,6197083091064003
"HSA_CORE_API","hsa_signal_wait_scacquire",2822952,2822952,1149,6197083091064493,6197083095064668
"HSA_CORE_API","hsa_signal_wait_scacquire",2822952,2822952,1150,6197083095064968,6197083099065114
"HSA_CORE_API","hsa_signal_wait_scacquire",2822952,2822952,1151,6197083099065624,6197083103065760
"HSA_CORE_API","hsa_signal_wait_scacquire",2822952,2822952,1152,6197083103066240,6197083107066376
"HSA_CORE_API","hsa_signal_wait_scacquire",2822952,2822952,1153,6197083107067176,6197083111067312
"HSA_CORE_API","hsa_signal_wait_scacquire",2822952,2822952,1154,6197083111070682,6197083115070818
"HSA_CORE_API","hsa_signal_wait_scacquire",2822952,2822952,1155,6197083115071108,6197083119071244
"HSA_CORE_API","hsa_signal_wait_scacquire",2822952,2822952,1156,6197083119071724,6197083123071869
"HSA_CORE_API","hsa_signal_wait_scacquire",2822952,2822952,1157,6197083123072349,6197083127072495
"HSA_CORE_API","hsa_signal_wait_scacquire",2822952,2822952,1158,6197083127072795,6197083131072931
"HSA_CORE_API","hsa_signal_wait_scacquire",2822952,2822952,1159,6197083131073421,6197083135073557
"HSA_CORE_API","hsa_signal_wait_scacquire",2822952,2822952,1160,6197083135074037,6197083139074193
"HSA_CORE_API","hsa_signal_wait_scacquire",2822952,2822952,1161,6197083139074683,6197083143074829
"HSA_CORE_API","hsa_signal_wait_scacquire",2822952,2822952,1162,6197083143075309,6197083147075455
"HSA_CORE_API","hsa_signal_wait_scacquire",2822952,2822952,1163,6197083147075935,6197083151076071
"HSA_CORE_API","hsa_signal_wait_scacquire",2822952,2822952,1164,6197083151076551,6197083155076697
"HSA_CORE_API","hsa_signal_wait_scacquire",2822952,2822952,1165,6197083155077196,6197083159077343
"HSA_CORE_API","hsa_signal_wait_scacquire",2822952,2822952,1166,6197083159078223,6197083163078358
"HSA_CORE_API","hsa_signal_wait_scacquire",2822952,2822952,1167,6197083163079598,6197083167079744
"HSA_CORE_API","hsa_signal_wait_scacquire",2822952,2822952,1168,6197083167080224,6197083171080360
"HSA_CORE_API","hsa_signal_wait_scacquire",2822952,2822952,1169,6197083171080650,6197083175080786
"HSA_CORE_API","hsa_signal_wait_scacquire",2822952,2822952,1170,6197083175081256,6197083179081392
"HSA_CORE_API","hsa_signal_wait_scacquire",2822952,2822952,1171,6197083179081872,6197083183082008
"HSA_CORE_API","hsa_signal_wait_scacquire",2822952,2822952,1172,6197083183082478,6197083187082614
"HSA_CORE_API","hsa_signal_wait_scacquire",2822952,2822952,1173,6197083187083104,6197083191083250
"HSA_CORE_API","hsa_signal_wait_scacquire",2822952,2822952,1174,6197083191083730,6197083195083865
"HSA_CORE_API","hsa_signal_wait_scacquire",2822952,2822952,1175,6197083195084345,6197083199084491
"HSA_CORE_API","hsa_signal_wait_scacquire",2822952,2822952,1176,6197083199084981,6197083203085117
"HSA_CORE_API","hsa_signal_wait_scacquire",2822952,2822952,1177,6197083203085607,6197083207085743
"HSA_CORE_API","hsa_signal_wait_scacquire",2822952,2822952,1178,6197083207086233,6197083211086369
"HSA_CORE_API","hsa_signal_wait_scacquire",2822952,2822952,1179,6197083211086859,6197083215087015
"HSA_CORE_API","hsa_signal_wait_scacquire",2822952,2822952,1180,6197083215087495,6197083219087631
"HSA_CORE_API","hsa_signal_wait_scacquire",2822952,2822952,1181,6197083219088131,6197083223088277
"HSA_CORE_API","hsa_signal_wait_scacquire",2822952,2822952,1182,6197083223088757,6197083227088922
"HSA_CORE_API","hsa_signal_wait_scacquire",2822952,2822952,1183,6197083227089232,6197083231089378
"HSA_CORE_API","hsa_signal_wait_scacquire",2822952,2822952,1184,6197083231089868,6197083235090014
"HSA_CORE_API","hsa_signal_wait_scacquire",2822952,2822952,1185,6197083235090304,6197083239090460
"HSA_CORE_API","hsa_signal_wait_scacquire",2822952,2822952,1186,6197083239090940,6197083243091086
"HSA_CORE_API","hsa_signal_wait_scacquire",2822952,2822952,1187,6197083243091766,6197083247091902
"HSA_CORE_API","hsa_signal_wait_scacquire",2822952,2822952,1188,6197083247092382,6197083251092518
"HSA_CORE_API","hsa_signal_wait_scacquire",2822952,2822952,1189,6197083251093008,6197083255093154
"HSA_CORE_API","hsa_signal_wait_scacquire",2822952,2822952,1190,6197083255093634,6197083259093780
"HSA_CORE_API","hsa_signal_wait_scacquire",2822952,2822952,1191,6197083259094260,6197083263094415
"HSA_CORE_API","hsa_signal_wait_scacquire",2822952,2822952,1192,6197083263094895,6197083267095031
"HSA_CORE_API","hsa_signal_wait_scacquire",2822952,2822952,1193,6197083267095521,6197083271095867
"HSA_CORE_API","hsa_signal_wait_scacquire",2822952,2822952,1194,6197083271096347,6197083275096493
"HSA_CORE_API","hsa_signal_wait_scacquire",2822952,2822952,1195,6197083275096973,6197083279097119
"HSA_CORE_API","hsa_signal_wait_scacquire",2822952,2822952,1196,6197083279097599,6197083283097745
"HSA_CORE_API","hsa_signal_wait_scacquire",2822952,2822952,1197,6197083283098225,6197083287098371
"HSA_CORE_API","hsa_signal_wait_scacquire",2822952,2822952,1198,6197083287098861,6197083291099007
"HSA_CORE_API","hsa_signal_wait_scacquire",2822952,2822952,1199,6197083291099497,6197083295099662
"HSA_CORE_API","hsa_signal_wait_scacquire",2822952,2822952,1200,6197083295099962,6197083299100098
"HSA_CORE_API","hsa_signal_wait_scacquire",2822952,2822952,1201,6197083299100608,6197083303100754
"HSA_CORE_API","hsa_signal_wait_scacquire",2822952,2822952,1202,6197083303101254,6197083307101400
"HSA_CORE_API","hsa_signal_wait_scacquire",2822952,2822952,1203,6197083307101880,6197083311102026
"HSA_CORE_API","hsa_signal_wait_scacquire",2822952,2822952,1204,6197083311102516,6197083315102672
"HSA_CORE_API","hsa_signal_wait_scacquire",2822952,2822952,1205,6197083315103152,6197083319103298
"HSA_CORE_API","hsa_signal_wait_scacquire",2822952,2822952,1206,6197083319103788,6197083323103934
"HSA_CORE_API","hsa_signal_wait_scacquire",2822952,2822952,1207,6197083323104414,6197083327104560
"HSA_CORE_API","hsa_signal_wait_scacquire",2822952,2822952,1208,6197083327105040,6197083331105186
"HSA_CORE_API","hsa_signal_wait_scacquire",2822952,2822952,1209,6197083331105675,6197083335105821
"HSA_CORE_API","hsa_signal_wait_scacquire",2822952,2822952,1210,6197083335106311,6197083339106457
"HSA_CORE_API","hsa_signal_wait_scacquire",2822952,2822952,1211,6197083339106937,6197083343107083
"HSA_CORE_API","hsa_signal_wait_scacquire",2822952,2822952,1212,6197083343107563,6197083347107709
"HSA_CORE_API","hsa_signal_wait_scacquire",2822952,2822952,1213,6197083347107999,6197083351108185
"HSA_CORE_API","hsa_signal_wait_scacquire",2822952,2822952,1214,6197083351108485,6197083355108641
"HSA_CORE_API","hsa_signal_wait_scacquire",2822952,2822952,1215,6197083355109121,6197083359109257
"HSA_CORE_API","hsa_signal_wait_scacquire",2822952,2822952,1216,6197083359109557,6197083363109703
"HSA_CORE_API","hsa_signal_wait_scacquire",2822952,2822952,1217,6197083363116802,6197083367116938
"HSA_CORE_API","hsa_signal_wait_scacquire",2822952,2822952,1218,6197083367121758,6197083371121914
"HSA_CORE_API","hsa_signal_wait_scacquire",2822952,2822952,1219,6197083371122304,6197083375122450
"HSA_CORE_API","hsa_signal_wait_scacquire",2822952,2822952,1220,6197083375122930,6197083379123076
"HSA_CORE_API","hsa_signal_wait_scacquire",2822952,2822952,1221,6197083379123566,6197083383123712
"HSA_CORE_API","hsa_signal_wait_scacquire",2822952,2822952,1222,6197083383124192,6197083387124338
"HSA_CORE_API","hsa_signal_wait_scacquire",2822952,2822952,1223,6197083387124818,6197083391124963
"HSA_CORE_API","hsa_signal_wait_scacquire",2822952,2822952,1224,6197083391125443,6197083395125589
"HSA_CORE_API","hsa_signal_wait_scacquire",2822952,2822952,1225,6197083395126139,6197083399126285
"HSA_CORE_API","hsa_signal_wait_scacquire",2822952,2822952,1226,6197083399126775,6197083403126921
"HSA_CORE_API","hsa_signal_wait_scacquire",2822952,2822952,1227,6197083403127401,6197083407127547
"HSA_CORE_API","hsa_signal_wait_scacquire",2822952,2822952,1228,6197083407128037,6197083411128183
"HSA_CORE_API","hsa_signal_wait_scacquire",2822952,2822952,1229,6197083411128663,6197083415128819
"HSA_CORE_API","hsa_signal_wait_scacquire",2822952,2822952,1230,6197083415129919,6197083419130075
"HSA_CORE_API","hsa_signal_wait_scacquire",2822952,2822952,1231,6197083419132754,6197083423132900
"HSA_CORE_API","hsa_signal_wait_scacquire",2822952,2822952,1232,6197083423133280,6197083427133426
"HSA_CORE_API","hsa_signal_wait_scacquire",2822952,2822952,1233,6197083427133726,6197083431133862
"HSA_CORE_API","hsa_signal_wait_scacquire",2822952,2822952,1234,6197083431134352,6197083435134498
"HSA_CORE_API","hsa_signal_wait_scacquire",2822952,2822952,1235,6197083435134978,6197083439135124
"HSA_CORE_API","hsa_signal_wait_scacquire",2822952,2822952,1236,6197083439135604,6197083443135750
"HSA_CORE_API","hsa_signal_wait_scacquire",2822952,2822952,1237,6197083443136230,6197083447136376
"HSA_CORE_API","hsa_signal_wait_scacquire",2822952,2822952,1238,6197083447136866,6197083451137012
"HSA_CORE_API","hsa_signal_wait_scacquire",2822952,2822952,1239,6197083451137492,6197083455137638
"HSA_CORE_API","hsa_signal_wait_scacquire",2822952,2822952,1240,6197083455138118,6197083459138283
"HSA_CORE_API","hsa_signal_wait_scacquire",2822952,2822952,1241,6197083459138773,6197083463138919
"HSA_CORE_API","hsa_signal_wait_scacquire",2822952,2822952,1242,6197083463139399,6197083467139555
"HSA_CORE_API","hsa_signal_wait_scacquire",2822952,2822952,1243,6197083467140045,6197083471140191
"HSA_CORE_API","hsa_signal_wait_scacquire",2822952,2822952,1244,6197083471140671,6197083475140817
"HSA_CORE_API","hsa_signal_wait_scacquire",2822952,2822952,1245,6197083475141297,6197083479141443
"HSA_CORE_API","hsa_signal_wait_scacquire",2822952,2822952,1246,6197083479141933,6197083483142079
"HSA_CORE_API","hsa_signal_wait_scacquire",2822952,2822952,1247,6197083483142559,6197083487142705
"HSA_CORE_API","hsa_signal_wait_scacquire",2822952,2822952,1248,6197083487143185,6197083491143330
"HSA_CORE_API","hsa_signal_wait_scacquire",2822952,2822952,1249,6197083491143810,6197083495143956
"HSA_CORE_API","hsa_signal_wait_scacquire",2822952,2822952,1250,6197083495144436,6197083499144582
"HSA_CORE_API","hsa_signal_wait_scacquire",2822952,2822952,1251,6197083499145062,6197083503145198
"HSA_CORE_API","hsa_signal_wait_scacquire",2822952,2822952,1252,6197083503145688,6197083507145834
"HSA_CORE_API","hsa_signal_wait_scacquire",2822952,2822952,1253,6197083507146314,6197083511146460
"HSA_CORE_API","hsa_signal_wait_scacquire",2822952,2822952,1254,6197083511146950,6197083515147096
"HSA_CORE_API","hsa_signal_wait_scacquire",2822952,2822952,1255,6197083515147576,6197083519147722
"HSA_CORE_API","hsa_signal_wait_scacquire",2822952,2822952,1256,6197083519148212,6197083523148358
"HSA_CORE_API","hsa_signal_wait_scacquire",2822952,2822952,1257,6197083523148838,6197083527148983
"HSA_CORE_API","hsa_signal_wait_scacquire",2822952,2822952,1258,6197083527149283,6197083531149429
"HSA_CORE_API","hsa_signal_wait_scacquire",2822952,2822952,1259,6197083531149919,6197083535150055
"HSA_CORE_API","hsa_signal_wait_scacquire",2822952,2822952,1260,6197083535150535,6197083539150701
"HSA_CORE_API","hsa_signal_wait_scacquire",2822952,2822952,1261,6197083539151181,6197083543151327
"HSA_CORE_API","hsa_signal_wait_scacquire",2822952,2822952,1262,6197083543151627,6197083547151773
"HSA_CORE_API","hsa_signal_wait_scacquire",2822952,2822952,1263,6197083547152063,6197083551152209
"HSA_CORE_API","hsa_signal_wait_scacquire",2822952,2822952,1264,6197083551152699,6197083555152845
"HSA_CORE_API","hsa_signal_wait_scacquire",2822952,2822952,1265,6197083555153335,6197083559153481
"HSA_CORE_API","hsa_signal_wait_scacquire",2822952,2822952,1266,6197083559153961,6197083563154106
"HSA_CORE_API","hsa_signal_wait_scacquire",2822952,2822952,1267,6197083563154596,6197083567154742
"HSA_CORE_API","hsa_signal_wait_scacquire",2822952,2822952,1268,6197083567155222,6197083571155378
"HSA_CORE_API","hsa_signal_wait_scacquire",2822952,2822952,1269,6197083571155868,6197083575156014
"HSA_CORE_API","hsa_signal_wait_scacquire",2822952,2822952,1270,6197083575156494,6197083579156640
"HSA_CORE_API","hsa_signal_wait_scacquire",2822952,2822952,1271,6197083579157120,6197083583157266
"HSA_CORE_API","hsa_signal_wait_scacquire",2822952,2822952,1272,6197083583157746,6197083587157902
"HSA_CORE_API","hsa_signal_wait_scacquire",2822952,2822952,1273,6197083587158382,6197083591158538
"HSA_CORE_API","hsa_signal_wait_scacquire",2822952,2822952,1274,6197083591159018,6197083595159164
"HSA_CORE_API","hsa_signal_wait_scacquire",2822952,2822952,1275,6197083595159644,6197083599159789
"HSA_CORE_API","hsa_signal_wait_scacquire",2822952,2822952,1276,6197083599160269,6197083603160415
"HSA_CORE_API","hsa_signal_wait_scacquire",2822952,2822952,1277,6197083603160895,6197083607161041
"HSA_CORE_API","hsa_signal_wait_scacquire",2822952,2822952,1278,6197083607161331,6197083611161477
"HSA_CORE_API","hsa_signal_wait_scacquire",2822952,2822952,1279,6197083611161767,6197083615161913
"HSA_CORE_API","hsa_signal_wait_scacquire",2822952,2822952,1280,6197083615162393,6197083619162539
"HSA_CORE_API","hsa_signal_wait_scacquire",2822952,2822952,1281,6197083619164139,6197083623164285
"HSA_CORE_API","hsa_signal_wait_scacquire",2822952,2822952,1282,6197083623165285,6197083627165431
"HSA_CORE_API","hsa_signal_wait_scacquire",2822952,2822952,1283,6197083627165741,6197083631165886
"HSA_CORE_API","hsa_signal_wait_scacquire",2822952,2822952,1284,6197083631166376,6197083635166522
"HSA_CORE_API","hsa_signal_wait_scacquire",2822952,2822952,1285,6197083635167012,6197083639167158
"HSA_CORE_API","hsa_signal_wait_scacquire",2822952,2822952,1286,6197083639167638,6197083643167784
"HSA_CORE_API","hsa_signal_wait_scacquire",2822952,2822952,1287,6197083643168264,6197083647168410
"HSA_CORE_API","hsa_signal_wait_scacquire",2822952,2822952,1288,6197083647168900,6197083651169046
"HSA_CORE_API","hsa_signal_wait_scacquire",2822952,2822952,1289,6197083651169686,6197083655169832
"HSA_CORE_API","hsa_signal_wait_scacquire",2822952,2822952,1290,6197083655170132,6197083659170268
"HSA_CORE_API","hsa_signal_wait_scacquire",2822952,2822952,1291,6197083659170758,6197083663170914
"HSA_CORE_API","hsa_signal_wait_scacquire",2822952,2822952,1292,6197083663171414,6197083667171559
"HSA_CORE_API","hsa_signal_wait_scacquire",2822952,2822952,1293,6197083667172139,6197083671172285
"HSA_CORE_API","hsa_signal_wait_scacquire",2822952,2822952,1294,6197083671172765,6197083675172911
"HSA_CORE_API","hsa_signal_wait_scacquire",2822952,2822952,1295,6197083675173201,6197083679173347
"HSA_CORE_API","hsa_signal_wait_scacquire",2822952,2822952,1296,6197083679173837,6197083683173983
"HSA_CORE_API","hsa_signal_wait_scacquire",2822952,2822952,1297,6197083683174463,6197083687174609
"HSA_CORE_API","hsa_signal_wait_scacquire",2822952,2822952,1298,6197083687175099,6197083691175245
"HSA_CORE_API","hsa_signal_wait_scacquire",2822952,2822952,1299,6197083691175725,6197083695175871
"HSA_CORE_API","hsa_signal_wait_scacquire",2822952,2822952,1300,6197083695176361,6197083699176506
"HSA_CORE_API","hsa_signal_wait_scacquire",2822952,2822952,1301,6197083699176986,6197083703177132
"HSA_CORE_API","hsa_signal_wait_scacquire",2822952,2822952,1302,6197083703177612,6197083707177758
"HSA_CORE_API","hsa_signal_wait_scacquire",2822952,2822952,1303,6197083707178238,6197083711178384
"HSA_CORE_API","hsa_signal_wait_scacquire",2822952,2822952,1304,6197083711178874,6197083715179020
"HSA_CORE_API","hsa_signal_wait_scacquire",2822952,2822952,1305,6197083715179500,6197083719179646
"HSA_CORE_API","hsa_signal_wait_scacquire",2822952,2822952,1306,6197083719180126,6197083723180282
"HSA_CORE_API","hsa_signal_wait_scacquire",2822952,2822952,1307,6197083723180762,6197083727180908
"HSA_CORE_API","hsa_signal_wait_scacquire",2822952,2822952,1308,6197083727181218,6197083731181364
"HSA_CORE_API","hsa_signal_wait_scacquire",2822952,2822952,1309,6197083731181844,6197083735181980
"HSA_CORE_API","hsa_signal_wait_scacquire",2822952,2822952,1310,6197083735182470,6197083739182615
"HSA_CORE_API","hsa_signal_wait_scacquire",2822952,2822952,1311,6197083739182905,6197083743183051
"HSA_CORE_API","hsa_signal_wait_scacquire",2822952,2822952,1312,6197083743183541,6197083747183687
"HSA_CORE_API","hsa_signal_wait_scacquire",2822952,2822952,1313,6197083747184177,6197083751184323
"HSA_CORE_API","hsa_signal_wait_scacquire",2822952,2822952,1314,6197083751184813,6197083755184959
"HSA_CORE_API","hsa_signal_wait_scacquire",2822952,2822952,1315,6197083755185439,6197083759185585
"HSA_CORE_API","hsa_signal_wait_scacquire",2822952,2822952,1316,6197083759186065,6197083763186221
"HSA_CORE_API","hsa_signal_wait_scacquire",2822952,2822952,1317,6197083763186711,6197083767186857
"HSA_CORE_API","hsa_signal_wait_scacquire",2822952,2822952,1318,6197083767187547,6197083771187693
"HSA_CORE_API","hsa_signal_wait_scacquire",2822952,2822952,1319,6197083771188173,6197083775188318
"HSA_CORE_API","hsa_signal_wait_scacquire",2822952,2822952,1320,6197083775188798,6197083779188944
"HSA_CORE_API","hsa_signal_wait_scacquire",2822952,2822952,1321,6197083779189434,6197083783189580
"HSA_CORE_API","hsa_signal_wait_scacquire",2822952,2822952,1322,6197083783190060,6197083787190216
"HSA_CORE_API","hsa_signal_wait_scacquire",2822952,2822952,1323,6197083787190696,6197083791190842
"HSA_CORE_API","hsa_signal_wait_scacquire",2822952,2822952,1324,6197083791191322,6197083795191458
"HSA_CORE_API","hsa_signal_wait_scacquire",2822952,2822952,1325,6197083795191948,6197083799192274
"HSA_CORE_API","hsa_signal_wait_scacquire",2822952,2822952,1326,6197083799193184,6197083803193400
"HSA_CORE_API","hsa_signal_wait_scacquire",2822952,2822952,1327,6197083803193890,6197083807194036
"HSA_CORE_API","hsa_signal_wait_scacquire",2822952,2822952,1328,6197083807194536,6197083811194681
"HSA_CORE_API","hsa_signal_wait_scacquire",2822952,2822952,1329,6197083811195161,6197083815195317
"HSA_CORE_API","hsa_signal_wait_scacquire",2822952,2822952,1330,6197083815195797,6197083819195933
"HSA_CORE_API","hsa_signal_wait_scacquire",2822952,2822952,1331,6197083819196423,6197083823196569
"HSA_CORE_API","hsa_signal_wait_scacquire",2822952,2822952,1332,6197083823197049,6197083827197195
"HSA_CORE_API","hsa_signal_wait_scacquire",2822952,2822952,1333,6197083827197685,6197083831197831
"HSA_CORE_API","hsa_signal_wait_scacquire",2822952,2822952,1334,6197083831198121,6197083835198267
"HSA_CORE_API","hsa_signal_wait_scacquire",2822952,2822952,1335,6197083835198747,6197083839198893
"HSA_CORE_API","hsa_signal_wait_scacquire",2822952,2822952,1336,6197083839199373,6197083843199529
"HSA_CORE_API","hsa_signal_wait_scacquire",2822952,2822952,1337,6197083843200008,6197083847200145
"HSA_CORE_API","hsa_signal_wait_scacquire",2822952,2822952,1338,6197083847200745,6197083851200890
"HSA_CORE_API","hsa_signal_wait_scacquire",2822952,2822952,1339,6197083851201370,6197083855201516
"HSA_CORE_API","hsa_signal_wait_scacquire",2822952,2822952,1340,6197083855202316,6197083859202472
"HSA_CORE_API","hsa_signal_wait_scacquire",2822952,2822952,1341,6197083859202962,6197083863203108
"HSA_CORE_API","hsa_signal_wait_scacquire",2822952,2822952,1342,6197083863203588,6197083867203734
"HSA_CORE_API","hsa_signal_wait_scacquire",2822952,2822952,1343,6197083867204224,6197083871204370
"HSA_CORE_API","hsa_signal_wait_scacquire",2822952,2822952,1344,6197083871204860,6197083875205006
"HSA_CORE_API","hsa_signal_wait_scacquire",2822952,2822952,1345,6197083875205546,6197083879205692
"HSA_CORE_API","hsa_signal_wait_scacquire",2822952,2822952,1346,6197083879211271,6197083883211427
"HSA_CORE_API","hsa_signal_wait_scacquire",2822952,2822952,1347,6197083883211907,6197083887212053
"HSA_CORE_API","hsa_signal_wait_scacquire",2822952,2822952,1348,6197083887212533,6197083891212679
"HSA_CORE_API","hsa_signal_wait_scacquire",2822952,2822952,1349,6197083891213159,6197083895213305
"HSA_CORE_API","hsa_signal_wait_scacquire",2822952,2822952,1350,6197083895213595,6197083899213741
"HSA_CORE_API","hsa_signal_wait_scacquire",2822952,2822952,1351,6197083899215031,6197083903215177
"HSA_CORE_API","hsa_signal_wait_scacquire",2822952,2822952,1352,6197083903215657,6197083907215803
"HSA_CORE_API","hsa_signal_wait_scacquire",2822952,2822952,1353,6197083907216163,6197083911216309
"HSA_CORE_API","hsa_signal_wait_scacquire",2822952,2822952,1354,6197083911216789,6197083915216954
"HSA_CORE_API","hsa_signal_wait_scacquire",2822952,2822952,1355,6197083915217444,6197083919217590
"HSA_CORE_API","hsa_signal_wait_scacquire",2822952,2822952,1356,6197083919218090,6197083923218246
"HSA_CORE_API","hsa_signal_wait_scacquire",2822952,2822952,1357,6197083923218736,6197083927218882
"HSA_CORE_API","hsa_signal_wait_scacquire",2822952,2822952,1358,6197083927219382,6197083931219528
"HSA_CORE_API","hsa_signal_wait_scacquire",2822952,2822952,1359,6197083931220018,6197083935220164
"HSA_CORE_API","hsa_signal_wait_scacquire",2822952,2822952,1360,6197083935220654,6197083939220800
"HSA_CORE_API","hsa_signal_wait_scacquire",2822952,2822952,1361,6197083939221350,6197083943221496
"HSA_CORE_API","hsa_signal_wait_scacquire",2822952,2822952,1362,6197083943221986,6197083947222132
"HSA_CORE_API","hsa_signal_wait_scacquire",2822952,2822952,1363,6197083947222612,6197083951222757
"HSA_CORE_API","hsa_signal_wait_scacquire",2822952,2822952,1364,6197083951223247,6197083955223393
"HSA_CORE_API","hsa_signal_wait_scacquire",2822952,2822952,1365,6197083955223693,6197083959223839
"HSA_CORE_API","hsa_signal_wait_scacquire",2822952,2822952,1366,6197083959224339,6197083963224485
"HSA_CORE_API","hsa_signal_wait_scacquire",2822952,2822952,1367,6197083963224975,6197083967225131
"HSA_CORE_API","hsa_signal_wait_scacquire",2822952,2822952,1368,6197083967225621,6197083971225767
"HSA_CORE_API","hsa_signal_wait_scacquire",2822952,2822952,1369,6197083971226257,6197083975226403
"HSA_CORE_API","hsa_signal_wait_scacquire",2822952,2822952,1370,6197083975226903,6197083979227049
"HSA_CORE_API","hsa_signal_wait_scacquire",2822952,2822952,1371,6197083979227539,6197083983227685
"HSA_CORE_API","hsa_signal_wait_scacquire",2822952,2822952,1372,6197083983228175,6197083987228321
"HSA_CORE_API","hsa_signal_wait_scacquire",2822952,2822952,1373,6197083987228811,6197083991228956
"HSA_CORE_API","hsa_signal_wait_scacquire",2822952,2822952,1374,6197083991229446,6197083995229592
"HSA_CORE_API","hsa_signal_wait_scacquire",2822952,2822952,1375,6197083995230082,6197083999230228
"HSA_CORE_API","hsa_signal_wait_scacquire",2822952,2822952,1376,6197083999230718,6197084003230864
"HSA_CORE_API","hsa_signal_wait_scacquire",2822952,2822952,1377,6197084003231354,6197084007231500
"HSA_CORE_API","hsa_signal_wait_scacquire",2822952,2822952,1378,6197084007231990,6197084011232136
"HSA_CORE_API","hsa_signal_wait_scacquire",2822952,2822952,1379,6197084011232626,6197084015232772
"HSA_CORE_API","hsa_signal_wait_scacquire",2822952,2822952,1380,6197084015233262,6197084019233408
"HSA_CORE_API","hsa_signal_wait_scacquire",2822952,2822952,1381,6197084019233908,6197084023234053
"HSA_CORE_API","hsa_signal_wait_scacquire",2822952,2822952,1382,6197084023234543,6197084027234689
"HSA_CORE_API","hsa_signal_wait_scacquire",2822952,2822952,1383,6197084027234989,6197084031235135
"HSA_CORE_API","hsa_signal_wait_scacquire",2822952,2822952,1384,6197084031235625,6197084035235771
"HSA_CORE_API","hsa_signal_wait_scacquire",2822952,2822952,1385,6197084035236261,6197084039236417
"HSA_CORE_API","hsa_signal_wait_scacquire",2822952,2822952,1386,6197084039236907,6197084043237243
"HSA_CORE_API","hsa_signal_wait_scacquire",2822952,2822952,1387,6197084043237723,6197084047237879
"HSA_CORE_API","hsa_signal_wait_scacquire",2822952,2822952,1388,6197084047238369,6197084051238515
"HSA_CORE_API","hsa_signal_wait_scacquire",2822952,2822952,1389,6197084051239005,6197084055239151
"HSA_CORE_API","hsa_signal_wait_scacquire",2822952,2822952,1390,6197084055239441,6197084059239587
"HSA_CORE_API","hsa_signal_wait_scacquire",2822952,2822952,1391,6197084059240086,6197084063240232
"HSA_CORE_API","hsa_signal_wait_scacquire",2822952,2822952,1392,6197084063240722,6197084067240848
"HSA_CORE_API","hsa_signal_wait_scacquire",2822952,2822952,1393,6197084067241348,6197084071241494
"HSA_CORE_API","hsa_signal_wait_scacquire",2822952,2822952,1394,6197084071241994,6197084075242140
"HSA_CORE_API","hsa_signal_wait_scacquire",2822952,2822952,1395,6197084075242630,6197084079242776
"HSA_CORE_API","hsa_signal_wait_scacquire",2822952,2822952,1396,6197084079243266,6197084083243412
"HSA_CORE_API","hsa_signal_wait_scacquire",2822952,2822952,1397,6197084083243702,6197084087243848
"HSA_CORE_API","hsa_signal_wait_scacquire",2822952,2822952,1398,6197084087244338,6197084091244484
"HSA_CORE_API","hsa_signal_wait_scacquire",2822952,2822952,1399,6197084091244984,6197084095245140
"HSA_CORE_API","hsa_signal_wait_scacquire",2822952,2822952,1400,6197084095245640,6197084099245785
"HSA_CORE_API","hsa_signal_wait_scacquire",2822952,2822952,1401,6197084099246275,6197084103246421
"HSA_CORE_API","hsa_signal_wait_scacquire",2822952,2822952,1402,6197084103246911,6197084107247057
"HSA_CORE_API","hsa_signal_wait_scacquire",2822952,2822952,1403,6197084107247547,6197084111247693
"HSA_CORE_API","hsa_signal_wait_scacquire",2822952,2822952,1404,6197084111248183,6197084115248329
"HSA_CORE_API","hsa_signal_wait_scacquire",2822952,2822952,1405,6197084115248819,6197084119248965
"HSA_CORE_API","hsa_signal_wait_scacquire",2822952,2822952,1406,6197084119249445,6197084123249581
"HSA_CORE_API","hsa_signal_wait_scacquire",2822952,2822952,1407,6197084123250071,6197084127250217
"HSA_CORE_API","hsa_signal_wait_scacquire",2822952,2822952,1408,6197084127250517,6197084131250663
"HSA_CORE_API","hsa_signal_wait_scacquire",2822952,2822952,1409,6197084131251193,6197084135251338
"HSA_CORE_API","hsa_signal_wait_scacquire",2822952,2822952,1410,6197084135253178,6197084139253324
"HSA_CORE_API","hsa_signal_wait_scacquire",2822952,2822952,1411,6197084139253624,6197084143253770
"HSA_CORE_API","hsa_signal_wait_scacquire",2822952,2822952,1412,6197084143254250,6197084147254396
"HSA_CORE_API","hsa_signal_wait_scacquire",2822952,2822952,1413,6197084147254686,6197084151254832
"HSA_CORE_API","hsa_signal_wait_scacquire",2822952,2822952,1414,6197084151255312,6197084155255458
"HSA_CORE_API","hsa_signal_wait_scacquire",2822952,2822952,1415,6197084155255948,6197084159256104
"HSA_CORE_API","hsa_signal_wait_scacquire",2822952,2822952,1416,6197084159256604,6197084163256740
"HSA_CORE_API","hsa_signal_wait_scacquire",2822952,2822952,1417,6197084163257230,6197084167257366
"HSA_CORE_API","hsa_signal_wait_scacquire",2822952,2822952,1418,6197084167257856,6197084171258001
"HSA_CORE_API","hsa_signal_wait_scacquire",2822952,2822952,1419,6197084171258481,6197084175258627
"HSA_CORE_API","hsa_signal_wait_scacquire",2822952,2822952,1420,6197084175259117,6197084179259253
"HSA_CORE_API","hsa_signal_wait_scacquire",2822952,2822952,1421,6197084179259743,6197084183259889
"HSA_CORE_API","hsa_signal_wait_scacquire",2822952,2822952,1422,6197084183260379,6197084187260515
"HSA_CORE_API","hsa_signal_wait_scacquire",2822952,2822952,1423,6197084187260995,6197084191261141
"HSA_CORE_API","hsa_signal_wait_scacquire",2822952,2822952,1424,6197084191261621,6197084195261757
"HSA_CORE_API","hsa_signal_wait_scacquire",2822952,2822952,1425,6197084195262237,6197084199262383
"HSA_CORE_API","hsa_signal_wait_scacquire",2822952,2822952,1426,6197084199263453,6197084203263609
"HSA_CORE_API","hsa_signal_wait_scacquire",2822952,2822952,1427,6197084203264098,6197084207264244
"HSA_CORE_API","hsa_signal_wait_scacquire",2822952,2822952,1428,6197084207264534,6197084211264690
"HSA_CORE_API","hsa_signal_wait_scacquire",2822952,2822952,1429,6197084211265170,6197084215265316
"HSA_CORE_API","hsa_signal_wait_scacquire",2822952,2822952,1430,6197084215265796,6197084219265932
"HSA_CORE_API","hsa_signal_wait_scacquire",2822952,2822952,1431,6197084219266422,6197084223266558
"HSA_CORE_API","hsa_signal_wait_scacquire",2822952,2822952,1432,6197084223267038,6197084227267184
"HSA_CORE_API","hsa_signal_wait_scacquire",2822952,2822952,1433,6197084227267484,6197084231267630
"HSA_CORE_API","hsa_signal_wait_scacquire",2822952,2822952,1434,6197084231268110,6197084235268256
"HSA_CORE_API","hsa_signal_wait_scacquire",2822952,2822952,1435,6197084235268736,6197084239268882
"HSA_CORE_API","hsa_signal_wait_scacquire",2822952,2822952,1436,6197084239269362,6197084243269507
"HSA_CORE_API","hsa_signal_wait_scacquire",2822952,2822952,1437,6197084243269987,6197084247270143
"HSA_CORE_API","hsa_signal_wait_scacquire",2822952,2822952,1438,6197084247270623,6197084251270769
"HSA_CORE_API","hsa_signal_wait_scacquire",2822952,2822952,1439,6197084251271249,6197084255271395
"HSA_CORE_API","hsa_signal_wait_scacquire",2822952,2822952,1440,6197084255271875,6197084259272011
"HSA_CORE_API","hsa_signal_wait_scacquire",2822952,2822952,1441,6197084259272501,6197084263272637
"HSA_CORE_API","hsa_signal_wait_scacquire",2822952,2822952,1442,6197084263273117,6197084267273263
"HSA_CORE_API","hsa_signal_wait_scacquire",2822952,2822952,1443,6197084267273743,6197084271273889
"HSA_CORE_API","hsa_signal_wait_scacquire",2822952,2822952,1444,6197084271274179,6197084275274325
"HSA_CORE_API","hsa_signal_wait_scacquire",2822952,2822952,1445,6197084275274805,6197084279274950
"HSA_CORE_API","hsa_signal_wait_scacquire",2822952,2822952,1446,6197084279275430,6197084283275566
"HSA_CORE_API","hsa_signal_wait_scacquire",2822952,2822952,1447,6197084283276056,6197084287276202
"HSA_CORE_API","hsa_signal_wait_scacquire",2822952,2822952,1448,6197084287276682,6197084291276828
"HSA_CORE_API","hsa_signal_wait_scacquire",2822952,2822952,1449,6197084291277308,6197084295277444
"HSA_CORE_API","hsa_signal_wait_scacquire",2822952,2822952,1450,6197084295277934,6197084299278080
"HSA_CORE_API","hsa_signal_wait_scacquire",2822952,2822952,1451,6197084299278560,6197084303278706
"HSA_CORE_API","hsa_signal_wait_scacquire",2822952,2822952,1452,6197084303279196,6197084307279332
"HSA_CORE_API","hsa_signal_wait_scacquire",2822952,2822952,1453,6197084307279812,6197084311279958
"HSA_CORE_API","hsa_signal_wait_scacquire",2822952,2822952,1454,6197084311280448,6197084315280583
"HSA_CORE_API","hsa_signal_wait_scacquire",2822952,2822952,1455,6197084315281063,6197084319281209
"HSA_CORE_API","hsa_signal_wait_scacquire",2822952,2822952,1456,6197084319281689,6197084323281835
"HSA_CORE_API","hsa_signal_wait_scacquire",2822952,2822952,1457,6197084323282315,6197084327282461
"HSA_CORE_API","hsa_signal_wait_scacquire",2822952,2822952,1458,6197084327282761,6197084331282907
"HSA_CORE_API","hsa_signal_wait_scacquire",2822952,2822952,1459,6197084331283387,6197084335283533
"HSA_CORE_API","hsa_signal_wait_scacquire",2822952,2822952,1460,6197084335283823,6197084339283969
"HSA_CORE_API","hsa_signal_wait_scacquire",2822952,2822952,1461,6197084339284459,6197084343284595
"HSA_CORE_API","hsa_signal_wait_scacquire",2822952,2822952,1462,6197084343285075,6197084347285231
"HSA_CORE_API","hsa_signal_wait_scacquire",2822952,2822952,1463,6197084347285711,6197084351285857
"HSA_CORE_API","hsa_signal_wait_scacquire",2822952,2822952,1464,6197084351286337,6197084355286482
"HSA_CORE_API","hsa_signal_wait_scacquire",2822952,2822952,1465,6197084355286962,6197084359287118
"HSA_CORE_API","hsa_signal_wait_scacquire",2822952,2822952,1466,6197084359287598,6197084363287744
"HSA_CORE_API","hsa_signal_wait_scacquire",2822952,2822952,1467,6197084363288234,6197084367288380
"HSA_CORE_API","hsa_signal_wait_scacquire",2822952,2822952,1468,6197084367288870,6197084371289016
"HSA_CORE_API","hsa_signal_wait_scacquire",2822952,2822952,1469,6197084371289496,6197084375289682
"HSA_CORE_API","hsa_signal_wait_scacquire",2822952,2822952,1470,6197084375290012,6197084379290168
"HSA_CORE_API","hsa_signal_wait_scacquire",2822952,2822952,1471,6197084379290468,6197084383290604
"HSA_CORE_API","hsa_signal_wait_scacquire",2822952,2822952,1472,6197084383291094,6197084387291239
"HSA_CORE_API","hsa_signal_wait_scacquire",2822952,2822952,1473,6197084387293189,6197084391293335
"HSA_CORE_API","hsa_signal_wait_scacquire",2822952,2822952,1474,6197084391294685,6197084395294841
"HSA_CORE_API","hsa_signal_wait_scacquire",2822952,2822952,1475,6197084395295131,6197084399295277
"HSA_CORE_API","hsa_signal_wait_scacquire",2822952,2822952,1476,6197084399295757,6197084403295903
"HSA_CORE_API","hsa_signal_wait_scacquire",2822952,2822952,1477,6197084403296393,6197084407296539
"HSA_CORE_API","hsa_signal_wait_scacquire",2822952,2822952,1478,6197084407297019,6197084411297155
"HSA_CORE_API","hsa_signal_wait_scacquire",2822952,2822952,1479,6197084411297645,6197084415297791
"HSA_CORE_API","hsa_signal_wait_scacquire",2822952,2822952,1480,6197084415298271,6197084419298427
"HSA_CORE_API","hsa_signal_wait_scacquire",2822952,2822952,1481,6197084419298967,6197084423299102
"HSA_CORE_API","hsa_signal_wait_scacquire",2822952,2822952,1482,6197084423299592,6197084427299738
"HSA_CORE_API","hsa_signal_wait_scacquire",2822952,2822952,1483,6197084427300038,6197084431300184
"HSA_CORE_API","hsa_signal_wait_scacquire",2822952,2822952,1484,6197084431300664,6197084435300810
"HSA_CORE_API","hsa_signal_wait_scacquire",2822952,2822952,1485,6197084435301290,6197084439301426
"HSA_CORE_API","hsa_signal_wait_scacquire",2822952,2822952,1486,6197084439301916,6197084443302062
"HSA_CORE_API","hsa_signal_wait_scacquire",2822952,2822952,1487,6197084443302542,6197084447302688
"HSA_CORE_API","hsa_signal_wait_scacquire",2822952,2822952,1488,6197084447303168,6197084451303304
"HSA_CORE_API","hsa_signal_wait_scacquire",2822952,2822952,1489,6197084451303794,6197084455303940
"HSA_CORE_API","hsa_signal_wait_scacquire",2822952,2822952,1490,6197084455304420,6197084459304566
"HSA_CORE_API","hsa_signal_wait_scacquire",2822952,2822952,1491,6197084459304866,6197084463305001
"HSA_CORE_API","hsa_signal_wait_scacquire",2822952,2822952,1492,6197084463305491,6197084467305637
"HSA_CORE_API","hsa_signal_wait_scacquire",2822952,2822952,1493,6197084467306117,6197084471306253
"HSA_CORE_API","hsa_signal_wait_scacquire",2822952,2822952,1494,6197084471306743,6197084475306889
"HSA_CORE_API","hsa_signal_wait_scacquire",2822952,2822952,1495,6197084475307359,6197084479307515
"HSA_CORE_API","hsa_signal_wait_scacquire",2822952,2822952,1496,6197084479308005,6197084483308151
"HSA_CORE_API","hsa_signal_wait_scacquire",2822952,2822952,1497,6197084483308631,6197084487308777
"HSA_CORE_API","hsa_signal_wait_scacquire",2822952,2822952,1498,6197084487309247,6197084491309403
"HSA_CORE_API","hsa_signal_wait_scacquire",2822952,2822952,1499,6197084491309883,6197084495310029
"HSA_CORE_API","hsa_signal_wait_scacquire",2822952,2822952,1500,6197084495311319,6197084499311464
"HSA_CORE_API","hsa_signal_wait_scacquire",2822952,2822952,1501,6197084499311754,6197084503311900
"HSA_CORE_API","hsa_signal_wait_scacquire",2822952,2822952,1502,6197084503312380,6197084507312526
"HSA_CORE_API","hsa_signal_wait_scacquire",2822952,2822952,1503,6197084507313016,6197084511313162
"HSA_CORE_API","hsa_signal_wait_scacquire",2822952,2822952,1504,6197084511313642,6197084515313778
"HSA_CORE_API","hsa_signal_wait_scacquire",2822952,2822952,1505,6197084515314268,6197084519314414
"HSA_CORE_API","hsa_signal_wait_scacquire",2822952,2822952,1506,6197084519314894,6197084523315040
"HSA_CORE_API","hsa_signal_wait_scacquire",2822952,2822952,1507,6197084523315520,6197084527315656
"HSA_CORE_API","hsa_signal_wait_scacquire",2822952,2822952,1508,6197084527315966,6197084531316102
"HSA_CORE_API","hsa_signal_wait_scacquire",2822952,2822952,1509,6197084531316582,6197084535316727
"HSA_CORE_API","hsa_signal_wait_scacquire",2822952,2822952,1510,6197084535317207,6197084539317353
"HSA_CORE_API","hsa_signal_wait_scacquire",2822952,2822952,1511,6197084539317833,6197084543317979
"HSA_CORE_API","hsa_signal_wait_scacquire",2822952,2822952,1512,6197084543318459,6197084547318605
"HSA_CORE_API","hsa_signal_wait_scacquire",2822952,2822952,1513,6197084547319275,6197084551319421
"HSA_CORE_API","hsa_signal_wait_scacquire",2822952,2822952,1514,6197084551319901,6197084555320047
"HSA_CORE_API","hsa_signal_wait_scacquire",2822952,2822952,1515,6197084555320527,6197084559320673
"HSA_CORE_API","hsa_signal_wait_scacquire",2822952,2822952,1516,6197084559321153,6197084563321289
"HSA_CORE_API","hsa_signal_wait_scacquire",2822952,2822952,1517,6197084563321779,6197084567321955
"HSA_CORE_API","hsa_signal_wait_scacquire",2822952,2822952,1518,6197084567322265,6197084571322401
"HSA_CORE_API","hsa_signal_wait_scacquire",2822952,2822952,1519,6197084571322700,6197084575322846
"HSA_CORE_API","hsa_signal_wait_scacquire",2822952,2822952,1520,6197084575323326,6197084579323472
"HSA_CORE_API","hsa_signal_wait_scacquire",2822952,2822952,1521,6197084579323952,6197084583324098
"HSA_CORE_API","hsa_signal_wait_scacquire",2822952,2822952,1522,6197084583324578,6197084587324714
"HSA_CORE_API","hsa_signal_wait_scacquire",2822952,2822952,1523,6197084587325014,6197084591325160
"HSA_CORE_API","hsa_signal_wait_scacquire",2822952,2822952,1524,6197084591325640,6197084595325776
"HSA_CORE_API","hsa_signal_wait_scacquire",2822952,2822952,1525,6197084595326416,6197084599326552
"HSA_CORE_API","hsa_signal_wait_scacquire",2822952,2822952,1526,6197084599327042,6197084603327188
"HSA_CORE_API","hsa_signal_wait_scacquire",2822952,2822952,1527,6197084603327668,6197084607327813
"HSA_CORE_API","hsa_signal_wait_scacquire",2822952,2822952,1528,6197084607328293,6197084611328429
"HSA_CORE_API","hsa_signal_wait_scacquire",2822952,2822952,1529,6197084611328919,6197084615329055
"HSA_CORE_API","hsa_signal_wait_scacquire",2822952,2822952,1530,6197084615329535,6197084619329681
"HSA_CORE_API","hsa_signal_wait_scacquire",2822952,2822952,1531,6197084619330161,6197084623330307
"HSA_CORE_API","hsa_signal_wait_scacquire",2822952,2822952,1532,6197084623330797,6197084627330943
"HSA_CORE_API","hsa_signal_wait_scacquire",2822952,2822952,1533,6197084627331243,6197084631331419
"HSA_CORE_API","hsa_signal_wait_scacquire",2822952,2822952,1534,6197084631331729,6197084635331885
"HSA_CORE_API","hsa_signal_wait_scacquire",2822952,2822952,1535,6197084635332365,6197084639332511
"HSA_CORE_API","hsa_signal_wait_scacquire",2822952,2822952,1536,6197084639332991,6197084643333137
"HSA_CORE_API","hsa_signal_wait_scacquire",2822952,2822952,1537,6197084643333786,6197084647333932
"HSA_CORE_API","hsa_signal_wait_scacquire",2822952,2822952,1538,6197084647335632,6197084651335768
"HSA_CORE_API","hsa_signal_wait_scacquire",2822952,2822952,1539,6197084651336068,6197084655336214
"HSA_CORE_API","hsa_signal_wait_scacquire",2822952,2822952,1540,6197084655336694,6197084659336830
"HSA_CORE_API","hsa_signal_wait_scacquire",2822952,2822952,1541,6197084659337320,6197084663337466
"HSA_CORE_API","hsa_signal_wait_scacquire",2822952,2822952,1542,6197084663337946,6197084667338092
"HSA_CORE_API","hsa_signal_wait_scacquire",2822952,2822952,1543,6197084667338572,6197084671338718
"HSA_CORE_API","hsa_signal_wait_scacquire",2822952,2822952,1544,6197084671339198,6197084675339344
"HSA_CORE_API","hsa_signal_wait_scacquire",2822952,2822952,1545,6197084675339824,6197084679339970
"HSA_CORE_API","hsa_signal_wait_scacquire",2822952,2822952,1546,6197084679340450,6197084683340595
"HSA_CORE_API","hsa_signal_wait_scacquire",2822952,2822952,1547,6197084683341075,6197084687341221
"HSA_CORE_API","hsa_signal_wait_scacquire",2822952,2822952,1548,6197084687341701,6197084691341837
"HSA_CORE_API","hsa_signal_wait_scacquire",2822952,2822952,1549,6197084691342317,6197084695342463
"HSA_CORE_API","hsa_signal_wait_scacquire",2822952,2822952,1550,6197084695342943,6197084699343099
"HSA_CORE_API","hsa_signal_wait_scacquire",2822952,2822952,1551,6197084699343569,6197084703343715
"HSA_CORE_API","hsa_signal_wait_scacquire",2822952,2822952,1552,6197084703344195,6197084707344331
"HSA_CORE_API","hsa_signal_wait_scacquire",2822952,2822952,1553,6197084707344821,6197084711344957
"HSA_CORE_API","hsa_signal_wait_scacquire",2822952,2822952,1554,6197084711345257,6197084715345403
"HSA_CORE_API","hsa_signal_wait_scacquire",2822952,2822952,1555,6197084715345883,6197084719346018
"HSA_CORE_API","hsa_signal_wait_scacquire",2822952,2822952,1556,6197084719346508,6197084723346654
"HSA_CORE_API","hsa_signal_wait_scacquire",2822952,2822952,1557,6197084723347134,6197084727347280
"HSA_CORE_API","hsa_signal_wait_scacquire",2822952,2822952,1558,6197084727347580,6197084731347726
"HSA_CORE_API","hsa_signal_wait_scacquire",2822952,2822952,1559,6197084731348206,6197084735348342
"HSA_CORE_API","hsa_signal_wait_scacquire",2822952,2822952,1560,6197084735348822,6197084739348968
"HSA_CORE_API","hsa_signal_wait_scacquire",2822952,2822952,1561,6197084739349458,6197084743349594
"HSA_CORE_API","hsa_signal_wait_scacquire",2822952,2822952,1562,6197084743350084,6197084747350230
"HSA_CORE_API","hsa_signal_wait_scacquire",2822952,2822952,1563,6197084747350710,6197084751350866
"HSA_CORE_API","hsa_signal_wait_scacquire",2822952,2822952,1564,6197084751351346,6197084755351482
"HSA_CORE_API","hsa_signal_wait_scacquire",2822952,2822952,1565,6197084755351972,6197084759352107
"HSA_CORE_API","hsa_signal_wait_scacquire",2822952,2822952,1566,6197084759352597,6197084763352753
"HSA_CORE_API","hsa_signal_wait_scacquire",2822952,2822952,1567,6197084763353243,6197084767353399
"HSA_CORE_API","hsa_signal_wait_scacquire",2822952,2822952,1568,6197084767353689,6197084771353835
"HSA_CORE_API","hsa_signal_wait_scacquire",2822952,2822952,1569,6197084771354315,6197084775354451
"HSA_CORE_API","hsa_signal_wait_scacquire",2822952,2822952,1570,6197084775354941,6197084779355077
"HSA_CORE_API","hsa_signal_wait_scacquire",2822952,2822952,1571,6197084779355567,6197084783355713
"HSA_CORE_API","hsa_signal_wait_scacquire",2822952,2822952,1572,6197084783356013,6197084787356159
"HSA_CORE_API","hsa_signal_wait_scacquire",2822952,2822952,1573,6197084787356639,6197084791356795
"HSA_CORE_API","hsa_signal_wait_scacquire",2822952,2822952,1574,6197084791358395,6197084795358541
"HSA_CORE_API","hsa_signal_wait_scacquire",2822952,2822952,1575,6197084795358831,6197084799358966
"HSA_CORE_API","hsa_signal_wait_scacquire",2822952,2822952,1576,6197084799359446,6197084803359592
"HSA_CORE_API","hsa_signal_wait_scacquire",2822952,2822952,1577,6197084803360072,6197084807360208
"HSA_CORE_API","hsa_signal_wait_scacquire",2822952,2822952,1578,6197084807360698,6197084811360854
"HSA_CORE_API","hsa_signal_wait_scacquire",2822952,2822952,1579,6197084811361354,6197084815361500
"HSA_CORE_API","hsa_signal_wait_scacquire",2822952,2822952,1580,6197084815361980,6197084819362126
"HSA_CORE_API","hsa_signal_wait_scacquire",2822952,2822952,1581,6197084819362606,6197084823362752
"HSA_CORE_API","hsa_signal_wait_scacquire",2822952,2822952,1582,6197084823363042,6197084827363188
"HSA_CORE_API","hsa_signal_wait_scacquire",2822952,2822952,1583,6197084827363488,6197084831363634
"HSA_CORE_API","hsa_signal_wait_scacquire",2822952,2822952,1584,6197084831364114,6197084835364250
"HSA_CORE_API","hsa_signal_wait_scacquire",2822952,2822952,1585,6197084835364740,6197084839364885
"HSA_CORE_API","hsa_signal_wait_scacquire",2822952,2822952,1586,6197084839365185,6197084843365331
"HSA_CORE_API","hsa_signal_wait_scacquire",2822952,2822952,1587,6197084843365821,6197084847365987
"HSA_CORE_API","hsa_signal_wait_scacquire",2822952,2822952,1588,6197084847366477,6197084851366623
"HSA_CORE_API","hsa_signal_wait_scacquire",2822952,2822952,1589,6197084851367103,6197084855367249
"HSA_CORE_API","hsa_signal_wait_scacquire",2822952,2822952,1590,6197084855367729,6197084859367885
"HSA_CORE_API","hsa_signal_wait_scacquire",2822952,2822952,1591,6197084859368365,6197084863368501
"HSA_CORE_API","hsa_signal_wait_scacquire",2822952,2822952,1592,6197084863368991,6197084867369137
"HSA_CORE_API","hsa_signal_wait_scacquire",2822952,2822952,1593,6197084867369617,6197084871369753
"HSA_CORE_API","hsa_signal_wait_scacquire",2822952,2822952,1594,6197084871370233,6197084875370368
"HSA_CORE_API","hsa_signal_wait_scacquire",2822952,2822952,1595,6197084875370848,6197084879371004
"HSA_CORE_API","hsa_signal_wait_scacquire",2822952,2822952,1596,6197084879371484,6197084883371630
"HSA_CORE_API","hsa_signal_wait_scacquire",2822952,2822952,1597,6197084883372110,6197084887372256
"HSA_CORE_API","hsa_signal_wait_scacquire",2822952,2822952,1598,6197084887372736,6197084891372882
"HSA_CORE_API","hsa_signal_wait_scacquire",2822952,2822952,1599,6197084891373362,6197084895373508
"HSA_CORE_API","hsa_signal_wait_scacquire",2822952,2822952,1600,6197084895373988,6197084899374124
"HSA_CORE_API","hsa_signal_wait_scacquire",2822952,2822952,1601,6197084899374654,6197084903374800
"HSA_CORE_API","hsa_signal_wait_scacquire",2822952,2822952,1602,6197084903376570,6197084907376716
"HSA_CORE_API","hsa_signal_wait_scacquire",2822952,2822952,1603,6197084907377006,6197084911377151
"HSA_CORE_API","hsa_signal_wait_scacquire",2822952,2822952,1604,6197084911377631,6197084915377767
"HSA_CORE_API","hsa_signal_wait_scacquire",2822952,2822952,1605,6197084915378257,6197084919378393
"HSA_CORE_API","hsa_signal_wait_scacquire",2822952,2822952,1606,6197084919378873,6197084923379029
"HSA_CORE_API","hsa_signal_wait_scacquire",2822952,2822952,1607,6197084923379509,6197084927379655
"HSA_CORE_API","hsa_signal_wait_scacquire",2822952,2822952,1608,6197084927379955,6197084931380091
"HSA_CORE_API","hsa_signal_wait_scacquire",2822952,2822952,1609,6197084931380391,6197084935380537
"HSA_CORE_API","hsa_signal_wait_scacquire",2822952,2822952,1610,6197084935381017,6197084939381163
"HSA_CORE_API","hsa_signal_wait_scacquire",2822952,2822952,1611,6197084939381643,6197084943381799
"HSA_CORE_API","hsa_signal_wait_scacquire",2822952,2822952,1612,6197084943382279,6197084947382425
"HSA_CORE_API","hsa_signal_wait_scacquire",2822952,2822952,1613,6197084947382905,6197084951383051
"HSA_CORE_API","hsa_signal_wait_scacquire",2822952,2822952,1614,6197084951383530,6197084955383676
"HSA_CORE_API","hsa_signal_wait_scacquire",2822952,2822952,1615,6197084955384156,6197084959384302
"HSA_CORE_API","hsa_signal_wait_scacquire",2822952,2822952,1616,6197084959384782,6197084963384918
"HSA_CORE_API","hsa_signal_wait_scacquire",2822952,2822952,1617,6197084963385218,6197084967385364
"HSA_CORE_API","hsa_signal_wait_scacquire",2822952,2822952,1618,6197084967385844,6197084971385980
"HSA_CORE_API","hsa_signal_wait_scacquire",2822952,2822952,1619,6197084971386470,6197084975386616
"HSA_CORE_API","hsa_signal_wait_scacquire",2822952,2822952,1620,6197084975387106,6197084979387252
"HSA_CORE_API","hsa_signal_wait_scacquire",2822952,2822952,1621,6197084979387732,6197084983387878
"HSA_CORE_API","hsa_signal_wait_scacquire",2822952,2822952,1622,6197084983388368,6197084987388514
"HSA_CORE_API","hsa_signal_wait_scacquire",2822952,2822952,1623,6197084987388994,6197084991389140
"HSA_CORE_API","hsa_signal_wait_scacquire",2822952,2822952,1624,6197084991389619,6197084995389755
"HSA_CORE_API","hsa_signal_wait_scacquire",2822952,2822952,1625,6197084995390245,6197084999390391
"HSA_CORE_API","hsa_signal_wait_scacquire",2822952,2822952,1626,6197084999390871,6197085003391017
"HSA_CORE_API","hsa_signal_wait_scacquire",2822952,2822952,1627,6197085003391507,6197085007391653
"HSA_CORE_API","hsa_signal_wait_scacquire",2822952,2822952,1628,6197085007392133,6197085011392279
"HSA_CORE_API","hsa_signal_wait_scacquire",2822952,2822952,1629,6197085011392759,6197085015392935
"HSA_CORE_API","hsa_signal_wait_scacquire",2822952,2822952,1630,6197085015393255,6197085019393401
"HSA_CORE_API","hsa_signal_wait_scacquire",2822952,2822952,1631,6197085019393691,6197085023393837
"HSA_CORE_API","hsa_signal_wait_scacquire",2822952,2822952,1632,6197085023394327,6197085027394473
"HSA_CORE_API","hsa_signal_wait_scacquire",2822952,2822952,1633,6197085027394783,6197085031394928
"HSA_CORE_API","hsa_signal_wait_scacquire",2822952,2822952,1634,6197085031395218,6197085035395364
"HSA_CORE_API","hsa_signal_wait_scacquire",2822952,2822952,1635,6197085035395844,6197085039396000
"HSA_CORE_API","hsa_signal_wait_scacquire",2822952,2822952,1636,6197085039396480,6197085043396626
"HSA_CORE_API","hsa_signal_wait_scacquire",2822952,2822952,1637,6197085043397106,6197085047397252
"HSA_CORE_API","hsa_signal_wait_scacquire",2822952,2822952,1638,6197085047397732,6197085051397878
"HSA_CORE_API","hsa_signal_wait_scacquire",2822952,2822952,1639,6197085051398358,6197085055398504
"HSA_CORE_API","hsa_signal_wait_scacquire",2822952,2822952,1640,6197085055398984,6197085059399160
"HSA_CORE_API","hsa_signal_wait_scacquire",2822952,2822952,1641,6197085059399460,6197085063399616
"HSA_CORE_API","hsa_signal_wait_scacquire",2822952,2822952,1642,6197085063400276,6197085067400422
"HSA_CORE_API","hsa_signal_wait_scacquire",2822952,2822952,1643,6197085067401092,6197085071401237
"HSA_CORE_API","hsa_signal_wait_scacquire",2822952,2822952,1644,6197085071401717,6197085075401853
"HSA_CORE_API","hsa_signal_wait_scacquire",2822952,2822952,1645,6197085075402343,6197085079402489
"HSA_CORE_API","hsa_signal_wait_scacquire",2822952,2822952,1646,6197085079402969,6197085083403115
"HSA_CORE_API","hsa_signal_wait_scacquire",2822952,2822952,1647,6197085083403595,6197085087403741
"HSA_CORE_API","hsa_signal_wait_scacquire",2822952,2822952,1648,6197085087404221,6197085091404357
"HSA_CORE_API","hsa_signal_wait_scacquire",2822952,2822952,1649,6197085091406277,6197085095406423
"HSA_CORE_API","hsa_signal_wait_scacquire",2822952,2822952,1650,6197085095406713,6197085099406849
"HSA_CORE_API","hsa_signal_wait_scacquire",2822952,2822952,1651,6197085099407339,6197085103407485
"HSA_CORE_API","hsa_signal_wait_scacquire",2822952,2822952,1652,6197085103407975,6197085107408120
"HSA_CORE_API","hsa_signal_wait_scacquire",2822952,2822952,1653,6197085107408690,6197085111408826
"HSA_CORE_API","hsa_signal_wait_scacquire",2822952,2822952,1654,6197085111409316,6197085115409452
"HSA_CORE_API","hsa_signal_wait_scacquire",2822952,2822952,1655,6197085115409942,6197085119410088
"HSA_CORE_API","hsa_signal_wait_scacquire",2822952,2822952,1656,6197085119410578,6197085123410734
"HSA_CORE_API","hsa_signal_wait_scacquire",2822952,2822952,1657,6197085123411224,6197085127411370
"HSA_CORE_API","hsa_signal_wait_scacquire",2822952,2822952,1658,6197085127411680,6197085131411826
"HSA_CORE_API","hsa_signal_wait_scacquire",2822952,2822952,1659,6197085131412306,6197085135412452
"HSA_CORE_API","hsa_signal_wait_scacquire",2822952,2822952,1660,6197085135412732,6197085139412888
"HSA_CORE_API","hsa_signal_wait_scacquire",2822952,2822952,1661,6197085139413658,6197085143413794
"HSA_CORE_API","hsa_signal_wait_scacquire",2822952,2822952,1662,6197085143414284,6197085147414429
"HSA_CORE_API","hsa_signal_wait_scacquire",2822952,2822952,1663,6197085147414909,6197085151415055
"HSA_CORE_API","hsa_signal_wait_scacquire",2822952,2822952,1664,6197085151415545,6197085155415681
"HSA_CORE_API","hsa_signal_wait_scacquire",2822952,2822952,1665,6197085155416641,6197085159416777
"HSA_CORE_API","hsa_signal_wait_scacquire",2822952,2822952,1666,6197085159419777,6197085163419913
"HSA_CORE_API","hsa_signal_wait_scacquire",2822952,2822952,1667,6197085163420213,6197085167420349
"HSA_CORE_API","hsa_signal_wait_scacquire",2822952,2822952,1668,6197085167420839,6197085171420975
"HSA_CORE_API","hsa_signal_wait_scacquire",2822952,2822952,1669,6197085171421455,6197085175421611
"HSA_CORE_API","hsa_signal_wait_scacquire",2822952,2822952,1670,6197085175422091,6197085179422247
"HSA_CORE_API","hsa_signal_wait_scacquire",2822952,2822952,1671,6197085179422737,6197085183422882
"HSA_CORE_API","hsa_signal_wait_scacquire",2822952,2822952,1672,6197085183423362,6197085187423498
"HSA_CORE_API","hsa_signal_wait_scacquire",2822952,2822952,1673,6197085187423988,6197085191424124
"HSA_CORE_API","hsa_signal_wait_scacquire",2822952,2822952,1674,6197085191424604,6197085195424750
"HSA_CORE_API","hsa_signal_wait_scacquire",2822952,2822952,1675,6197085195425230,6197085199425376
"HSA_CORE_API","hsa_signal_wait_scacquire",2822952,2822952,1676,6197085199425856,6197085203426002
"HSA_CORE_API","hsa_signal_wait_scacquire",2822952,2822952,1677,6197085203426482,6197085207426628
"HSA_CORE_API","hsa_signal_wait_scacquire",2822952,2822952,1678,6197085207427108,6197085211427254
"HSA_CORE_API","hsa_signal_wait_scacquire",2822952,2822952,1679,6197085211427734,6197085215427880
"HSA_CORE_API","hsa_signal_wait_scacquire",2822952,2822952,1680,6197085215428170,6197085219428316
"HSA_CORE_API","hsa_signal_wait_scacquire",2822952,2822952,1681,6197085219428796,6197085223428941
"HSA_CORE_API","hsa_signal_wait_scacquire",2822952,2822952,1682,6197085223429421,6197085227429567
"HSA_CORE_API","hsa_signal_wait_scacquire",2822952,2822952,1683,6197085227429877,6197085231430013
"HSA_CORE_API","hsa_signal_wait_scacquire",2822952,2822952,1684,6197085231430303,6197085235430449
"HSA_CORE_API","hsa_signal_wait_scacquire",2822952,2822952,1685,6197085235430929,6197085239431075
"HSA_CORE_API","hsa_signal_wait_scacquire",2822952,2822952,1686,6197085239431565,6197085243431711
"HSA_CORE_API","hsa_signal_wait_scacquire",2822952,2822952,1687,6197085243432191,6197085247432347
"HSA_CORE_API","hsa_signal_wait_scacquire",2822952,2822952,1688,6197085247432827,6197085251432973
"HSA_CORE_API","hsa_signal_wait_scacquire",2822952,2822952,1689,6197085251433453,6197085255433589
"HSA_CORE_API","hsa_signal_wait_scacquire",2822952,2822952,1690,6197085255434079,6197085259434225
"HSA_CORE_API","hsa_signal_wait_scacquire",2822952,2822952,1691,6197085259434705,6197085263434850
"HSA_CORE_API","hsa_signal_wait_scacquire",2822952,2822952,1692,6197085263435330,6197085267435476
"HSA_CORE_API","hsa_signal_wait_scacquire",2822952,2822952,1693,6197085267435956,6197085271436102
"HSA_CORE_API","hsa_signal_wait_scacquire",2822952,2822952,1694,6197085271436582,6197085275436728
"HSA_CORE_API","hsa_signal_wait_scacquire",2822952,2822952,1695,6197085275437208,6197085279437364
"HSA_CORE_API","hsa_signal_wait_scacquire",2822952,2822952,1696,6197085279437854,6197085283438000
"HSA_CORE_API","hsa_signal_wait_scacquire",2822952,2822952,1697,6197085283438290,6197085287438446
"HSA_CORE_API","hsa_signal_wait_scacquire",2822952,2822952,1698,6197085287438926,6197085291439072
"HSA_CORE_API","hsa_signal_wait_scacquire",2822952,2822952,1699,6197085291439552,6197085295439698
"HSA_CORE_API","hsa_signal_wait_scacquire",2822952,2822952,1700,6197085295440188,6197085299440323
"HSA_CORE_API","hsa_signal_wait_scacquire",2822952,2822952,1701,6197085299440803,6197085303440939
"HSA_CORE_API","hsa_signal_wait_scacquire",2822952,2822952,1702,6197085303441419,6197085307441555
"HSA_CORE_API","hsa_signal_wait_scacquire",2822952,2822952,1703,6197085307442045,6197085311442191
"HSA_CORE_API","hsa_signal_wait_scacquire",2822952,2822952,1704,6197085311442661,6197085315443007
"HSA_CORE_API","hsa_signal_wait_scacquire",2822952,2822952,1705,6197085315443507,6197085319443653
"HSA_CORE_API","hsa_signal_wait_scacquire",2822952,2822952,1706,6197085319444313,6197085323444449
"HSA_CORE_API","hsa_signal_wait_scacquire",2822952,2822952,1707,6197085323444939,6197085327445085
"HSA_CORE_API","hsa_signal_wait_scacquire",2822952,2822952,1708,6197085327445475,6197085331445621
"HSA_CORE_API","hsa_signal_wait_scacquire",2822952,2822952,1709,6197085331446101,6197085335446237
"HSA_CORE_API","hsa_signal_wait_scacquire",2822952,2822952,1710,6197085335446527,6197085339446672
"HSA_CORE_API","hsa_signal_wait_scacquire",2822952,2822952,1711,6197085339447162,6197085343447308
"HSA_CORE_API","hsa_signal_wait_scacquire",2822952,2822952,1712,6197085343447878,6197085347448024
"HSA_CORE_API","hsa_signal_wait_scacquire",2822952,2822952,1713,6197085347448494,6197085351448640
"HSA_CORE_API","hsa_signal_wait_scacquire",2822952,2822952,1714,6197085351449120,6197085355449256
"HSA_CORE_API","hsa_signal_wait_scacquire",2822952,2822952,1715,6197085355449746,6197085359449882
"HSA_CORE_API","hsa_signal_wait_scacquire",2822952,2822952,1716,6197085359450362,6197085363450508
"HSA_CORE_API","hsa_signal_wait_scacquire",2822952,2822952,1717,6197085363450988,6197085367937751
"HSA_CORE_API","hsa_signal_wait_scacquire",2822952,2822952,1718,6197085367941931,6197085371942387
"HSA_CORE_API","hsa_signal_wait_scacquire",2822952,2822952,1719,6197085371942857,6197085375943003
"HSA_CORE_API","hsa_signal_wait_scacquire",2822952,2822952,1720,6197085375943293,6197085379943449
"HSA_CORE_API","hsa_signal_wait_scacquire",2822952,2822952,1721,6197085379943949,6197085383944095
"HSA_CORE_API","hsa_signal_wait_scacquire",2822952,2822952,1722,6197085383944574,6197085387944721
"HSA_CORE_API","hsa_signal_wait_scacquire",2822952,2822952,1723,6197085387945961,6197085391946126
"HSA_CORE_API","hsa_signal_wait_scacquire",2822952,2822952,1724,6197085391946426,6197085395946572
"HSA_CORE_API","hsa_signal_wait_scacquire",2822952,2822952,1725,6197085395947052,6197085399947198
"HSA_CORE_API","hsa_signal_wait_scacquire",2822952,2822952,1726,6197085399947778,6197085403947914
"HSA_CORE_API","hsa_signal_wait_scacquire",2822952,2822952,1727,6197085403948214,6197085407948360
"HSA_CORE_API","hsa_signal_wait_scacquire",2822952,2822952,1728,6197085407948930,6197085411949076
"HSA_CORE_API","hsa_signal_wait_scacquire",2822952,2822952,1729,6197085411951686,6197085415951832
"HSA_CORE_API","hsa_signal_wait_scacquire",2822952,2822952,1730,6197085415954222,6197085419954367
"HSA_CORE_API","hsa_signal_wait_scacquire",2822952,2822952,1731,6197085419954657,6197085423954803
"HSA_CORE_API","hsa_signal_wait_scacquire",2822952,2822952,1732,6197085423955283,6197085427955429
"HSA_CORE_API","hsa_signal_wait_scacquire",2822952,2822952,1733,6197085427955739,6197085431955885
"HSA_CORE_API","hsa_signal_wait_scacquire",2822952,2822952,1734,6197085431956175,6197085435956321
"HSA_CORE_API","hsa_signal_wait_scacquire",2822952,2822952,1735,6197085435956801,6197085439956947
"HSA_CORE_API","hsa_signal_wait_scacquire",2822952,2822952,1736,6197085439957427,6197085443957583
"HSA_CORE_API","hsa_signal_wait_scacquire",2822952,2822952,1737,6197085443958083,6197085447958229
"HSA_CORE_API","hsa_signal_wait_scacquire",2822952,2822952,1738,6197085447958709,6197085451958845
"HSA_CORE_API","hsa_signal_wait_scacquire",2822952,2822952,1739,6197085451959335,6197085455959481
"HSA_CORE_API","hsa_signal_wait_scacquire",2822952,2822952,1740,6197085455959971,6197085459960117
"HSA_CORE_API","hsa_signal_wait_scacquire",2822952,2822952,1741,6197085459960597,6197085463960782
"HSA_CORE_API","hsa_signal_wait_scacquire",2822952,2822952,1742,6197085463961092,6197085467961258
"HSA_CORE_API","hsa_signal_wait_scacquire",2822952,2822952,1743,6197085467961548,6197085468670430
"HSA_CORE_API","hsa_signal_load_relaxed",2822952,2822952,1744,6197085468686139,6197085468686249
"HSA_CORE_API","hsa_signal_load_relaxed",2822952,2822952,1745,6197085468686649,6197085468686679
"HSA_CORE_API","hsa_signal_load_relaxed",2822952,2822952,1746,6197085468687029,6197085468687059
"HSA_CORE_API","hsa_signal_load_relaxed",2822952,2822952,1747,6197085468687349,6197085468687379
"HSA_CORE_API","hsa_queue_add_write_index_screlease",2822952,2822952,1748,6197085468716289,6197085468716439
"HSA_CORE_API","hsa_signal_load_relaxed",2822952,2822952,1749,6197085468717839,6197085468718029
"HSA_CORE_API","hsa_signal_load_relaxed",2822952,2822952,1750,6197085468718299,6197085468718489
"HSA_CORE_API","hsa_signal_load_relaxed",2822952,2822952,1751,6197085468718849,6197085468718879
"HSA_CORE_API","hsa_signal_silent_store_relaxed",2822952,2822952,1752,6197085468719339,6197085468719389
"HSA_CORE_API","hsa_queue_load_read_index_scacquire",2822952,2822952,1753,6197085468719889,6197085468720189
"HSA_CORE_API","hsa_signal_store_screlease",2822952,2822952,1754,6197085468720599,6197085468720699
"HSA_CORE_API","hsa_signal_load_relaxed",2822952,2822952,1755,6197085468721209,6197085468721239
"HSA_CORE_API","hsa_signal_load_relaxed",2822952,2822952,1756,6197085468721549,6197085468721579
"HSA_CORE_API","hsa_signal_wait_scacquire",2822952,2822952,1757,6197085468721879,6197085468730898
"HSA_CORE_API","hsa_signal_load_relaxed",2822952,2822952,1758,6197085468731938,6197085468731968
"HSA_CORE_API","hsa_queue_add_write_index_screlease",2822952,2822952,1759,6197085468785977,6197085468786007
"HSA_CORE_API","hsa_queue_load_read_index_relaxed",2822952,2822952,1760,6197085468786387,6197085468786667
"HSA_CORE_API","hsa_signal_load_relaxed",2822952,2822952,1761,6197085468787057,6197085468787197
"HSA_CORE_API","hsa_signal_load_relaxed",2822952,2822952,1762,6197085468787457,6197085468787487
"HSA_CORE_API","hsa_signal_load_relaxed",2822952,2822952,1763,6197085468787857,6197085468787887
"HSA_CORE_API","hsa_signal_silent_store_relaxed",2822952,2822952,1764,6197085468788217,6197085468788397
"HSA_CORE_API","hsa_queue_load_read_index_scacquire",2822952,2822952,1765,6197085468795737,6197085468795767
"HSA_CORE_API","hsa_signal_store_screlease",2822952,2822952,1766,6197085468796087,6197085468796117
"HSA_CORE_API","hsa_signal_load_relaxed",2822952,2822975,1767,6197085468831916,6197085468832176
"HSA_CORE_API","hsa_signal_load_relaxed",2822952,2822975,1768,6197085468838536,6197085468838616
"HSA_CORE_API","hsa_signal_load_relaxed",2822952,2822975,1769,6197085468839465,6197085468839615
