"Domain","Function","Process_Id","Thread_Id","Correlation_Id","Start_Timestamp","End_Timestamp"
"HSA_CORE_API","hsa_system_get_major_extension_table",3155425,3155425,1,6201370955729483,6201370955730293
"HSA_CORE_API","hsa_agent_get_info",3155425,3155425,3,6201370955740803,6201370955740953
"HSA_CORE_API","hsa_agent_get_info",3155425,3155425,4,6201370955748943,6201370955748983
"HSA_CORE_API","hsa_agent_get_info",3155425,3155425,5,6201370955749873,6201370955749953
"HSA_CORE_API","hsa_iterate_agents",3155425,3155425,2,6201370955738913,6201370955750423
"HSA_CORE_API","hsa_agent_get_info",3155425,3155425,6,6201370955752353,6201370955752593
"HSA_CORE_API","hsa_agent_get_info",3155425,3155425,7,6201370955752893,6201370955752943
"HSA_CORE_API","hsa_agent_iterate_isas",3155425,3155425,8,6201370955755163,6201370955755573
"HSA_CORE_API","hsa_isa_get_info_alt",3155425,3155425,9,6201370955757013,6201370955768462
"HSA_CORE_API","hsa_isa_get_info_alt",3155425,3155425,10,6201370955768962,6201370955770102
"HSA_CORE_API","hsa_agent_get_info",3155425,3155425,11,6201370955777462,6201370955777522
"HSA_CORE_API","hsa_agent_get_info",3155425,3155425,12,6201370955777822,6201370955778052
"HSA_CORE_API","hsa_agent_get_info",3155425,3155425,13,6201370955780772,6201370955780812
"HSA_CORE_API","hsa_agent_get_info",3155425,3155425,14,6201370955825881,6201370955825931
"HSA_CORE_API","hsa_agent_get_info",3155425,3155425,15,6201370955826211,6201370955826251
"HSA_CORE_API","hsa_agent_get_info",3155425,3155425,16,6201370955828251,6201370955828331
"HSA_CORE_API","hsa_agent_get_info",3155425,3155425,17,6201370955828641,6201370955831621
"HSA_CORE_API","hsa_agent_get_info",3155425,3155425,18,6201370955831911,6201370955831971
"HSA_CORE_API","hsa_agent_get_info",3155425,3155425,19,6201370955832231,6201370955832251
"HSA_CORE_API","hsa_agent_get_info",3155425,3155425,20,6201370955832521,6201370955833561
"HSA_CORE_API","hsa_agent_get_info",3155425,3155425,21,6201370955833881,6201370955834201
"HSA_CORE_API","hsa_agent_get_info",3155425,3155425,22,6201370955840211,6201370955840251
"HSA_CORE_API","hsa_agent_get_info",3155425,3155425,23,6201370955840541,6201370955840581
"HSA_CORE_API","hsa_agent_get_info",3155425,3155425,24,6201370955840841,6201370955840881
"HSA_CORE_API","hsa_agent_get_info",3155425,3155425,25,6201370955841151,6201370955841181
"HSA_CORE_API","hsa_agent_get_info",3155425,3155425,26,6201370955841451,6201370955841481
"HSA_CORE_API","hsa_agent_get_info",3155425,3155425,27,6201370955841751,6201370955841781
"HSA_CORE_API","hsa_agent_get_info",3155425,3155425,28,6201370955845191,6201370955845241
"HSA_CORE_API","hsa_agent_get_info",3155425,3155425,29,6201370955852890,6201370955852940
"HSA_CORE_API","hsa_agent_get_info",3155425,3155425,30,6201370955853210,6201370955853250
"HSA_CORE_API","hsa_agent_get_info",3155425,3155425,31,6201370955853690,6201370955853730
"HSA_CORE_API","hsa_agent_get_info",3155425,3155425,32,6201370955853990,6201370955854020
"HSA_CORE_API","hsa_agent_get_info",3155425,3155425,33,6201370955861430,6201370955890840
"HSA_CORE_API","hsa_agent_get_info",3155425,3155425,34,6201370955891450,6201370955891500
"HSA_CORE_API","hsa_agent_get_info",3155425,3155425,35,6201370955891770,6201370955891800
"HSA_CORE_API","hsa_agent_get_info",3155425,3155425,36,6201370955892070,6201370955892100
"HSA_CORE_API","hsa_agent_get_info",3155425,3155425,37,6201370955892430,6201370955892460
"HSA_CORE_API","hsa_agent_get_info",3155425,3155425,38,6201370955892730,6201370955892750
"HSA_CORE_API","hsa_agent_get_info",3155425,3155425,39,6201370955893020,6201370955893050
"HSA_CORE_API","hsa_agent_get_info",3155425,3155425,40,6201370955893310,6201370955893340
"HSA_CORE_API","hsa_agent_get_info",3155425,3155425,41,6201370955893600,6201370955893630
"HSA_CORE_API","hsa_agent_get_info",3155425,3155425,42,6201370955893890,6201370955893920
"HSA_CORE_API","hsa_agent_get_info",3155425,3155425,43,6201370955894180,6201370955894210
"HSA_CORE_API","hsa_agent_get_info",3155425,3155425,44,6201370955894490,6201370955894530
"HSA_CORE_API","hsa_agent_get_info",3155425,3155425,45,6201370955894800,6201370955894840
"HSA_CORE_API","hsa_agent_get_info",3155425,3155425,46,6201370955895100,6201370955895140
"HSA_CORE_API","hsa_agent_get_info",3155425,3155425,47,6201370955895410,6201370955895440
"HSA_CORE_API","hsa_agent_get_info",3155425,3155425,48,6201370955895710,6201370955896069
"HSA_CORE_API","hsa_agent_get_info",3155425,3155425,49,6201370955896339,6201370955896379
"HSA_CORE_API","hsa_system_get_info",3155425,3155425,50,6201370955956998,6201370955957468
"HSA_CORE_API","hsa_system_get_info",3155425,3155425,51,6201370955957878,6201370955958158
"HSA_CORE_API","hsa_agent_get_info",3155425,3155425,52,6201370955958448,6201370955958488
"HSA_CORE_API","hsa_agent_get_info",3155425,3155425,53,6201370955958778,6201370955958818
"HSA_CORE_API","hsa_system_get_info",3155425,3155425,54,6201370955959158,6201370955959198
"HSA_CORE_API","hsa_signal_create",3155425,3155425,55,6201370955968218,6201370955969988
"HSA_CORE_API","hsa_agent_get_info",3155425,3155425,56,6201370956369819,6201370956370439
"HSA_CORE_API","hsa_queue_create",3155425,3155425,57,6201370956373639,6201370967059318
"HSA_CORE_API","hsa_executable_create_alt",3155425,3155425,58,6201370973950539,6201370973961178
"HSA_CORE_API","hsa_code_object_reader_create_from_memory",3155425,3155425,59,6201370973964038,6201370973988348
"HSA_CORE_API","hsa_executable_load_agent_code_object",3155425,3155425,60,6201370973990098,6201370974195543
"HSA_CORE_API","hsa_signal_create",3155425,3155425,62,6201370974212693,6201370974214593
"HSA_CORE_API","hsa_signal_wait_scacquire",3155425,3155425,63,6201370974216783,6201370974231353
"HSA_CORE_API","hsa_signal_destroy",3155425,3155425,64,6201370974232432,6201370974233272
"HSA_CORE_API","hsa_executable_freeze",3155425,3155425,61,6201370974200093,6201370974439538
"HSA_CORE_API","hsa_executable_get_symbol_by_name",3155425,3155425,65,6201370974441548,6201370974442568
"HSA_CORE_API","hsa_executable_symbol_get_info",3155425,3155425,66,6201370974446208,6201370974446308
"HSA_CORE_API","hsa_executable_symbol_get_info",3155425,3155425,67,6201370974446678,6201370974446718
"HSA_CORE_API","hsa_agent_get_info",3155425,3155425,68,6201370974447368,6201370974447588
"HSA_CORE_API","hsa_executable_get_symbol_by_name",3155425,3155425,69,6201370974448778,6201370974448908
"HSA_CORE_API","hsa_executable_symbol_get_info",3155425,3155425,70,6201370974449178,6201370974449208
"HSA_CORE_API","hsa_executable_symbol_get_info",3155425,3155425,71,6201370974449458,6201370974449488
"HSA_CORE_API","hsa_agent_get_info",3155425,3155425,72,6201370974449818,6201370974449838
"HSA_CORE_API","hsa_executable_get_symbol_by_name",3155425,3155425,73,6201370974450598,6201370974450788
"HSA_CORE_API","hsa_executable_symbol_get_info",3155425,3155425,74,6201370974451048,6201370974451078
"HSA_CORE_API","hsa_executable_symbol_get_info",3155425,3155425,75,6201370974451328,6201370974451358
"HSA_CORE_API","hsa_agent_get_info",3155425,3155425,76,6201370974451608,6201370974451638
"HSA_CORE_API","hsa_executable_get_symbol_by_name",3155425,3155425,77,6201370974452138,6201370974452298
"HSA_CORE_API","hsa_executable_symbol_get_info",3155425,3155425,78,6201370974452558,6201370974452578
"HSA_CORE_API","hsa_executable_symbol_get_info",3155425,3155425,79,6201370974452828,6201370974452858
"HSA_CORE_API","hsa_agent_get_info",3155425,3155425,80,6201370974453168,6201370974453198
"HSA_CORE_API","hsa_executable_get_symbol_by_name",3155425,3155425,81,6201370974453658,6201370974453828
"HSA_CORE_API","hsa_executable_symbol_get_info",3155425,3155425,82,6201370974454078,6201370974454108
"HSA_CORE_API","hsa_executable_symbol_get_info",3155425,3155425,83,6201370974454358,6201370974454378
"HSA_CORE_API","hsa_agent_get_info",3155425,3155425,84,6201370974454648,6201370974454678
"HSA_CORE_API","hsa_executable_get_symbol_by_name",3155425,3155425,85,6201370974455198,6201370974455328
"HSA_CORE_API","hsa_executable_symbol_get_info",3155425,3155425,86,6201370974455588,6201370974455618
"HSA_CORE_API","hsa_executable_symbol_get_info",3155425,3155425,87,6201370974455858,6201370974455888
"HSA_CORE_API","hsa_agent_get_info",3155425,3155425,88,6201370974456198,6201370974456228
"HSA_CORE_API","hsa_executable_get_symbol_by_name",3155425,3155425,89,6201370974456658,6201370974456788
"HSA_CORE_API","hsa_executable_symbol_get_info",3155425,3155425,90,6201370974457038,6201370974457068
"HSA_CORE_API","hsa_executable_symbol_get_info",3155425,3155425,91,6201370974457318,6201370974457338
"HSA_CORE_API","hsa_agent_get_info",3155425,3155425,92,6201370974457608,6201370974457638
"HSA_CORE_API","hsa_executable_get_symbol_by_name",3155425,3155425,93,6201370974458108,6201370974458258
"HSA_CORE_API","hsa_executable_symbol_get_info",3155425,3155425,94,6201370974458508,6201370974458538
"HSA_CORE_API","hsa_executable_symbol_get_info",3155425,3155425,95,6201370974458788,6201370974458818
"HSA_CORE_API","hsa_agent_get_info",3155425,3155425,96,6201370974459078,6201370974459108
"HSA_CORE_API","hsa_executable_get_symbol_by_name",3155425,3155425,97,6201370974459588,6201370974459748
"HSA_CORE_API","hsa_executable_symbol_get_info",3155425,3155425,98,6201370974459998,6201370974460028
"HSA_CORE_API","hsa_executable_symbol_get_info",3155425,3155425,99,6201370974460278,6201370974460308
"HSA_CORE_API","hsa_agent_get_info",3155425,3155425,100,6201370974460578,6201370974460608
"HSA_CORE_API","hsa_executable_get_symbol_by_name",3155425,3155425,101,6201370974461098,6201370974461268
"HSA_CORE_API","hsa_executable_symbol_get_info",3155425,3155425,102,6201370974461518,6201370974461548
"HSA_CORE_API","hsa_executable_symbol_get_info",3155425,3155425,103,6201370974461798,6201370974461828
"HSA_CORE_API","hsa_agent_get_info",3155425,3155425,104,6201370974462098,6201370974462128
"HSA_CORE_API","hsa_system_get_info",3155425,3155425,105,6201370974468557,6201370974468687
"HSA_CORE_API","hsa_signal_create",3155425,3155425,106,6201370974478127,6201370974478267
"HSA_CORE_API","hsa_signal_create",3155425,3155425,107,6201370974478747,6201370974479737
"HSA_CORE_API","hsa_signal_create",3155425,3155425,108,6201370974480037,6201370974480517
"HSA_CORE_API","hsa_signal_create",3155425,3155425,109,6201370974480847,6201370974481507
"HSA_CORE_API","hsa_signal_create",3155425,3155425,110,6201370974481817,6201370974482247
"HSA_CORE_API","hsa_signal_load_relaxed",3155425,3155425,111,6201370974749141,6201370974749321
"HSA_CORE_API","hsa_queue_add_write_index_screlease",3155425,3155425,112,6201370974757571,6201370974758021
"HSA_CORE_API","hsa_signal_load_relaxed",3155425,3155425,113,6201370974758571,6201370974758621
"HSA_CORE_API","hsa_signal_load_relaxed",3155425,3155425,114,6201370974759021,6201370974759061
"HSA_CORE_API","hsa_signal_load_relaxed",3155425,3155425,115,6201370974759731,6201370974759751
"HSA_CORE_API","hsa_signal_silent_store_relaxed",3155425,3155425,116,6201370974761061,6201370974761151
"HSA_CORE_API","hsa_queue_load_read_index_scacquire",3155425,3155425,117,6201370974762861,6201370974763071
"HSA_CORE_API","hsa_signal_store_screlease",3155425,3155425,118,6201370974764511,6201370974764671
"HSA_CORE_API","hsa_signal_load_relaxed",3155425,3155425,119,6201370974766391,6201370974766411
"HSA_CORE_API","hsa_signal_wait_scacquire",3155425,3155425,120,6201370974767501,6201370974783741
"HSA_CORE_API","hsa_queue_add_write_index_screlease",3155425,3155425,121,6201370974799590,6201370974799620
"HSA_CORE_API","hsa_signal_load_relaxed",3155425,3155425,122,6201370974799900,6201370974799940
"HSA_CORE_API","hsa_signal_load_relaxed",3155425,3155425,123,6201370974800210,6201370974800240
"HSA_CORE_API","hsa_signal_load_relaxed",3155425,3155425,124,6201370974800530,6201370974800560
"HSA_CORE_API","hsa_signal_silent_store_relaxed",3155425,3155425,125,6201370974800860,6201370974800890
"HSA_CORE_API","hsa_queue_load_read_index_scacquire",3155425,3155425,126,6201370974801200,6201370974801460
"HSA_CORE_API","hsa_signal_store_screlease",3155425,3155425,127,6201370974801750,6201370974801780
"HSA_CORE_API","hsa_signal_load_relaxed",3155425,3155425,128,6201370974802300,6201370974802330
"HSA_CORE_API","hsa_signal_wait_scacquire",3155425,3155425,129,6201370974802720,6201370974810270
"HSA_CORE_API","hsa_queue_add_write_index_screlease",3155425,3155425,130,6201370974814510,6201370974814540
"HSA_CORE_API","hsa_signal_load_relaxed",3155425,3155425,131,6201370974814810,6201370974814850
"HSA_CORE_API","hsa_signal_load_relaxed",3155425,3155425,132,6201370974815110,6201370974815140
"HSA_CORE_API","hsa_signal_load_relaxed",3155425,3155425,133,6201370974815420,6201370974815440
"HSA_CORE_API","hsa_signal_silent_store_relaxed",3155425,3155425,134,6201370974815720,6201370974815750
"HSA_CORE_API","hsa_queue_load_read_index_scacquire",3155425,3155425,135,6201370974816020,6201370974816270
"HSA_CORE_API","hsa_signal_store_screlease",3155425,3155425,136,6201370974816540,6201370974816560
"HSA_CORE_API","hsa_signal_load_relaxed",3155425,3155425,137,6201370974817000,6201370974817030
"HSA_CORE_API","hsa_signal_wait_scacquire",3155425,3155425,138,6201370974817300,6201370974824860
"HSA_CORE_API","hsa_queue_add_write_index_screlease",3155425,3155425,139,6201370974827310,6201370974827340
"HSA_CORE_API","hsa_queue_load_read_index_relaxed",3155425,3155425,140,6201370974828460,6201370974828750
"HSA_CORE_API","hsa_signal_load_relaxed",3155425,3155425,141,6201370974829110,6201370974829160
"HSA_CORE_API","hsa_signal_load_relaxed",3155425,3155425,142,6201370974829420,6201370974829450
"HSA_CORE_API","hsa_signal_load_relaxed",3155425,3155425,143,6201370974829720,6201370974829750
"HSA_CORE_API","hsa_signal_silent_store_relaxed",3155425,3155425,144,6201370974830020,6201370974830050
"HSA_CORE_API","hsa_queue_load_read_index_scacquire",3155425,3155425,145,6201370974830360,6201370974830390
"HSA_CORE_API","hsa_signal_store_screlease",3155425,3155425,146,6201370974830670,6201370974830700
"HSA_CORE_API","hsa_signal_load_relaxed",3155425,3155425,147,6201370974832160,6201370974832190
"HSA_CORE_API","hsa_signal_load_relaxed",3155425,3155425,148,6201370974832750,6201370974832780
"HSA_CORE_API","hsa_signal_load_relaxed",3155425,3155425,149,6201370974833030,6201370974833060
"HSA_CORE_API","hsa_signal_load_relaxed",3155425,3155425,150,6201370974833330,6201370974833360
"HSA_CORE_API","hsa_signal_silent_store_relaxed",3155425,3155425,151,6201370974833620,6201370974833650
"HSA_CORE_API","hsa_signal_load_relaxed",3155425,3155425,152,6201370981978145,6201370981978355
"HSA_CORE_API","hsa_signal_wait_scacquire",3155425,3155425,153,6201370981979045,6201370982036553
"HSA_CORE_API","hsa_signal_load_relaxed",3155425,3155425,154,6201370982051853,6201370982051883
"HSA_CORE_API","hsa_signal_load_relaxed",3155425,3155425,155,6201370982052343,6201370982052393
"HSA_CORE_API","hsa_signal_load_relaxed",3155425,3155425,156,6201370982052813,6201370982052953
"HSA_CORE_API","hsa_signal_load_relaxed",3155425,3155425,157,6201370982053423,6201370982053453
"HSA_CORE_API","hsa_signal_silent_store_relaxed",3155425,3155425,158,6201370982053773,6201370982053813
"HSA_CORE_API","hsa_signal_load_relaxed",3155425,3155425,159,6201370982055103,6201370982055133
"HSA_CORE_API","hsa_signal_wait_scacquire",3155425,3155425,160,6201370982055413,6201370982063653
"HSA_CORE_API","hsa_signal_load_relaxed",3155425,3155425,161,6201370982530943,6201370982530993
"HSA_CORE_API","hsa_signal_load_relaxed",3155425,3155425,162,6201370982531723,6201370982531773
"HSA_CORE_API","hsa_signal_load_relaxed",3155425,3155425,163,6201370982532043,6201370982532063
"HSA_CORE_API","hsa_signal_load_relaxed",3155425,3155425,164,6201370982532363,6201370982532383
"HSA_CORE_API","hsa_signal_silent_store_relaxed",3155425,3155425,165,6201370982532703,6201370982532723
"HSA_CORE_API","hsa_queue_add_write_index_screlease",3155425,3155425,166,6201370982533953,6201370982534273
"HSA_CORE_API","hsa_queue_load_read_index_relaxed",3155425,3155425,167,6201370982534963,6201370982535473
"HSA_CORE_API","hsa_queue_load_read_index_scacquire",3155425,3155425,168,6201370982536303,6201370982536333
"HSA_CORE_API","hsa_signal_store_screlease",3155425,3155425,169,6201370982536923,6201370982537003
"HSA_CORE_API","hsa_queue_add_write_index_screlease",3155425,3155425,170,6201370982556752,6201370982556782
"HSA_CORE_API","hsa_queue_load_read_index_scacquire",3155425,3155425,171,6201370982557202,6201370982557422
"HSA_CORE_API","hsa_signal_store_screlease",3155425,3155425,172,6201370982557722,6201370982557752
"HSA_CORE_API","hsa_queue_add_write_index_screlease",3155425,3155425,173,6201370982559972,6201370982560002
"HSA_CORE_API","hsa_queue_load_read_index_scacquire",3155425,3155425,174,6201370982560282,6201370982560312
"HSA_CORE_API","hsa_signal_store_screlease",3155425,3155425,175,6201370982560572,6201370982560602
"HSA_CORE_API","hsa_queue_add_write_index_screlease",3155425,3155425,176,6201370982563932,6201370982563962
"HSA_CORE_API","hsa_queue_load_read_index_scacquire",3155425,3155425,177,6201370982564242,6201370982564272
"HSA_CORE_API","hsa_signal_store_screlease",3155425,3155425,178,6201370982564532,6201370982564562
"HSA_CORE_API","hsa_executable_create_alt",3155425,3155425,179,6201370982846686,6201370982847856
"HSA_CORE_API","hsa_code_object_reader_create_from_memory",3155425,3155425,180,6201370982848566,6201370982860406
"HSA_CORE_API","hsa_executable_load_agent_code_object",3155425,3155425,181,6201370982860996,6201370982981493
"HSA_CORE_API","hsa_signal_create",3155425,3155425,183,6201370983006933,6201370983008702
"HSA_CORE_API","hsa_signal_wait_scacquire",3155425,3155425,184,6201370983009432,6201370983024602
"HSA_CORE_API","hsa_signal_destroy",3155425,3155425,185,6201370983025342,6201370983026092
"HSA_CORE_API","hsa_executable_freeze",3155425,3155425,182,6201370982982413,6201370983120060
"HSA_CORE_API","hsa_executable_get_symbol_by_name",3155425,3155425,186,6201370983121000,6201370983122170
"HSA_CORE_API","hsa_executable_symbol_get_info",3155425,3155425,187,6201370983122850,6201370983122940
"HSA_CORE_API","hsa_executable_symbol_get_info",3155425,3155425,188,6201370983123380,6201370983123410
"HSA_CORE_API","hsa_agent_get_info",3155425,3155425,189,6201370983124240,6201370983124410
"HSA_CORE_API","hsa_executable_get_symbol_by_name",3155425,3155425,190,6201370983125820,6201370983125940
"HSA_CORE_API","hsa_executable_symbol_get_info",3155425,3155425,191,6201370983126210,6201370983126240
"HSA_CORE_API","hsa_executable_symbol_get_info",3155425,3155425,192,6201370983126490,6201370983126520
"HSA_CORE_API","hsa_agent_get_info",3155425,3155425,193,6201370983126880,6201370983126910
"HSA_CORE_API","hsa_executable_get_symbol_by_name",3155425,3155425,194,6201370983128400,6201370983128510
"HSA_CORE_API","hsa_executable_symbol_get_info",3155425,3155425,195,6201370983128770,6201370983128800
"HSA_CORE_API","hsa_executable_symbol_get_info",3155425,3155425,196,6201370983129050,6201370983129070
"HSA_CORE_API","hsa_agent_get_info",3155425,3155425,197,6201370983129330,6201370983129350
"HSA_CORE_API","hsa_queue_add_write_index_screlease",3155425,3155425,198,6201370983137980,6201370983138100
"HSA_CORE_API","hsa_queue_load_read_index_scacquire",3155425,3155425,199,6201370983138580,6201370983138880
"HSA_CORE_API","hsa_signal_store_screlease",3155425,3155425,200,6201370983139260,6201370983139350
"HSA_CORE_API","hsa_signal_load_relaxed",3155425,3155425,201,6201370983143420,6201370983143510
"HSA_CORE_API","hsa_signal_load_relaxed",3155425,3155425,202,6201370983143910,6201370983143950
"HSA_CORE_API","hsa_signal_load_relaxed",3155425,3155425,203,6201370983144300,6201370983144330
"HSA_CORE_API","hsa_signal_silent_store_relaxed",3155425,3155425,204,6201370983144700,6201370983144760
"HSA_CORE_API","hsa_queue_add_write_index_screlease",3155425,3155425,205,6201370983145230,6201370983145260
"HSA_CORE_API","hsa_queue_load_read_index_relaxed",3155425,3155425,206,6201370983145600,6201370983145680
"HSA_CORE_API","hsa_queue_load_read_index_scacquire",3155425,3155425,207,6201370983146010,6201370983146040
"HSA_CORE_API","hsa_signal_store_screlease",3155425,3155425,208,6201370983146309,6201370983146339
"HSA_CORE_API","hsa_signal_load_relaxed",3155425,3155425,209,6201370983148289,6201370983148319
"HSA_CORE_API","hsa_signal_wait_scacquire",3155425,3155425,210,6201370983148619,6201370987148793
"HSA_CORE_API","hsa_signal_wait_scacquire",3155425,3155425,211,6201370987149153,6201370991149286
"HSA_CORE_API","hsa_signal_wait_scacquire",3155425,3155425,212,6201370991149766,6201370995149900
"HSA_CORE_API","hsa_signal_wait_scacquire",3155425,3155425,213,6201370995150190,6201370999150323
"HSA_CORE_API","hsa_signal_wait_scacquire",3155425,3155425,214,6201370999150793,6201371003150926
"HSA_CORE_API","hsa_signal_wait_scacquire",3155425,3155425,215,6201371003151396,6201371007151510
"HSA_CORE_API","hsa_signal_wait_scacquire",3155425,3155425,216,6201371007151970,6201371011152103
"HSA_CORE_API","hsa_signal_wait_scacquire",3155425,3155425,217,6201371011152623,6201371015152747
"HSA_CORE_API","hsa_signal_wait_scacquire",3155425,3155425,218,6201371015153047,6201371019153190
"HSA_CORE_API","hsa_signal_wait_scacquire",3155425,3155425,219,6201371019153670,6201371023153803
"HSA_CORE_API","hsa_signal_wait_scacquire",3155425,3155425,220,6201371023154263,6201371027154387
"HSA_CORE_API","hsa_signal_wait_scacquire",3155425,3155425,221,6201371027154857,6201371031154980
"HSA_CORE_API","hsa_signal_wait_scacquire",3155425,3155425,222,6201371031155450,6201371035155573
"HSA_CORE_API","hsa_signal_wait_scacquire",3155425,3155425,223,6201371035156043,6201371039156167
"HSA_CORE_API","hsa_signal_wait_scacquire",3155425,3155425,224,6201371039156467,6201371043156590
"HSA_CORE_API","hsa_signal_wait_scacquire",3155425,3155425,225,6201371043157110,6201371047157233
"HSA_CORE_API","hsa_signal_wait_scacquire",3155425,3155425,226,6201371047157703,6201371051157837
"HSA_CORE_API","hsa_signal_wait_scacquire",3155425,3155425,227,6201371051158297,6201371055158430
"HSA_CORE_API","hsa_signal_wait_scacquire",3155425,3155425,228,6201371055158900,6201371059159024
"HSA_CORE_API","hsa_signal_wait_scacquire",3155425,3155425,229,6201371059159494,6201371063159627
"HSA_CORE_API","hsa_signal_wait_scacquire",3155425,3155425,230,6201371063160087,6201371067160210
"HSA_CORE_API","hsa_signal_wait_scacquire",3155425,3155425,231,6201371067160670,6201371071160824
"HSA_CORE_API","hsa_signal_wait_scacquire",3155425,3155425,232,6201371071161304,6201371075161427
"HSA_CORE_API","hsa_signal_wait_scacquire",3155425,3155425,233,6201371075161957,6201371079162080
"HSA_CORE_API","hsa_signal_wait_scacquire",3155425,3155425,234,6201371079162550,6201371083162674
"HSA_CORE_API","hsa_signal_wait_scacquire",3155425,3155425,235,6201371083163144,6201371087163267
"HSA_CORE_API","hsa_signal_wait_scacquire",3155425,3155425,236,6201371087163577,6201371091163691
"HSA_CORE_API","hsa_signal_wait_scacquire",3155425,3155425,237,6201371091163991,6201371095164124
"HSA_CORE_API","hsa_signal_wait_scacquire",3155425,3155425,238,6201371095164584,6201371099164707
"HSA_CORE_API","hsa_signal_wait_scacquire",3155425,3155425,239,6201371099165177,6201371103165301
"HSA_CORE_API","hsa_signal_wait_scacquire",3155425,3155425,240,6201371103165771,6201371107165894
"HSA_CORE_API","hsa_signal_wait_scacquire",3155425,3155425,241,6201371107166424,6201371111166547
"HSA_CORE_API","hsa_signal_wait_scacquire",3155425,3155425,242,6201371111166837,6201371115166971
"HSA_CORE_API","hsa_signal_wait_scacquire",3155425,3155425,243,6201371115167431,6201371119167554
"HSA_CORE_API","hsa_signal_wait_scacquire",3155425,3155425,244,6201371119168024,6201371123168148
"HSA_CORE_API","hsa_signal_wait_scacquire",3155425,3155425,245,6201371123168618,6201371127168741
"HSA_CORE_API","hsa_signal_wait_scacquire",3155425,3155425,246,6201371127169211,6201371131169334
"HSA_CORE_API","hsa_signal_wait_scacquire",3155425,3155425,247,6201371131169794,6201371135169918
"HSA_CORE_API","hsa_signal_wait_scacquire",3155425,3155425,248,6201371135170388,6201371139170521
"HSA_CORE_API","hsa_signal_wait_scacquire",3155425,3155425,249,6201371139171031,6201371143171154
"HSA_CORE_API","hsa_signal_wait_scacquire",3155425,3155425,250,6201371143171624,6201371147172778
"HSA_CORE_API","hsa_signal_wait_scacquire",3155425,3155425,251,6201371147181907,6201371151182731
"HSA_CORE_API","hsa_signal_wait_scacquire",3155425,3155425,252,6201371151183011,6201371155183134
"HSA_CORE_API","hsa_signal_wait_scacquire",3155425,3155425,253,6201371155183604,6201371159183728
"HSA_CORE_API","hsa_signal_wait_scacquire",3155425,3155425,254,6201371159184188,6201371163184311
"HSA_CORE_API","hsa_signal_wait_scacquire",3155425,3155425,255,6201371163184601,6201371167184724
"HSA_CORE_API","hsa_signal_wait_scacquire",3155425,3155425,256,6201371167185464,6201371171185588
"HSA_CORE_API","hsa_signal_wait_scacquire",3155425,3155425,257,6201371171187738,6201371175187861
"HSA_CORE_API","hsa_signal_wait_scacquire",3155425,3155425,258,6201371175189271,6201371179189405
"HSA_CORE_API","hsa_signal_wait_scacquire",3155425,3155425,259,6201371179189685,6201371183189808
"HSA_CORE_API","hsa_signal_wait_scacquire",3155425,3155425,260,6201371183190278,6201371187190401
"HSA_CORE_API","hsa_signal_wait_scacquire",3155425,3155425,261,6201371187190701,6201371191190825
"HSA_CORE_API","hsa_signal_wait_scacquire",3155425,3155425,262,6201371191191115,6201371195191248
"HSA_CORE_API","hsa_signal_wait_scacquire",3155425,3155425,263,6201371195191708,6201371199191831
"HSA_CORE_API","hsa_signal_wait_scacquire",3155425,3155425,264,6201371199192301,6201371203192425
"HSA_CORE_API","hsa_signal_wait_scacquire",3155425,3155425,265,6201371203192955,6201371207193078
"HSA_CORE_API","hsa_signal_wait_scacquire",3155425,3155425,266,6201371207194978,6201371211195101
"HSA_CORE_API","hsa_signal_wait_scacquire",3155425,3155425,267,6201371211195381,6201371215195505
"HSA_CORE_API","hsa_signal_wait_scacquire",3155425,3155425,268,6201371215195975,6201371219196108
"HSA_CORE_API","hsa_signal_wait_scacquire",3155425,3155425,269,6201371219196568,6201371223196691
"HSA_CORE_API","hsa_signal_wait_scacquire",3155425,3155425,270,6201371223197161,6201371227197285
"HSA_CORE_API","hsa_signal_wait_scacquire",3155425,3155425,271,6201371227197565,6201371231197698
"HSA_CORE_API","hsa_signal_wait_scacquire",3155425,3155425,272,6201371231198168,6201371235198292
"HSA_CORE_API","hsa_signal_wait_scacquire",3155425,3155425,273,6201371235198772,6201371239198895
"HSA_CORE_API","hsa_signal_wait_scacquire",3155425,3155425,274,6201371239199445,6201371243199578
"HSA_CORE_API","hsa_signal_wait_scacquire",3155425,3155425,275,6201371243200038,6201371247200182
"HSA_CORE_API","hsa_signal_wait_scacquire",3155425,3155425,276,6201371247200642,6201371251200765
"HSA_CORE_API","hsa_signal_wait_scacquire",3155425,3155425,277,6201371251201235,6201371255201369
"HSA_CORE_API","hsa_signal_wait_scacquire",3155425,3155425,278,6201371255201839,6201371259201962
"HSA_CORE_API","hsa_signal_wait_scacquire",3155425,3155425,279,6201371259202432,6201371263202565
"HSA_CORE_API","hsa_signal_wait_scacquire",3155425,3155425,280,6201371263203025,6201371267203149
"HSA_CORE_API","hsa_signal_wait_scacquire",3155425,3155425,281,6201371267203619,6201371271203742
"HSA_CORE_API","hsa_signal_wait_scacquire",3155425,3155425,282,6201371271204272,6201371275204405
"HSA_CORE_API","hsa_signal_wait_scacquire",3155425,3155425,283,6201371275204685,6201371279204809
"HSA_CORE_API","hsa_signal_wait_scacquire",3155425,3155425,284,6201371279205279,6201371283205412
"HSA_CORE_API","hsa_signal_wait_scacquire",3155425,3155425,285,6201371283205882,6201371287206015
"HSA_CORE_API","hsa_signal_wait_scacquire",3155425,3155425,286,6201371287206305,6201371291206429
"HSA_CORE_API","hsa_signal_wait_scacquire",3155425,3155425,287,6201371291206719,6201371295206842
"HSA_CORE_API","hsa_signal_wait_scacquire",3155425,3155425,288,6201371295207312,6201371299207426
"HSA_CORE_API","hsa_signal_wait_scacquire",3155425,3155425,289,6201371299207896,6201371303208019
"HSA_CORE_API","hsa_signal_wait_scacquire",3155425,3155425,290,6201371303208559,6201371307208682
"HSA_CORE_API","hsa_signal_wait_scacquire",3155425,3155425,291,6201371307209152,6201371311209276
"HSA_CORE_API","hsa_signal_wait_scacquire",3155425,3155425,292,6201371311209556,6201371315209679
"HSA_CORE_API","hsa_signal_wait_scacquire",3155425,3155425,293,6201371315210149,6201371319210273
"HSA_CORE_API","hsa_signal_wait_scacquire",3155425,3155425,294,6201371319210743,6201371323210866
"HSA_CORE_API","hsa_signal_wait_scacquire",3155425,3155425,295,6201371323211336,6201371327211459
"HSA_CORE_API","hsa_signal_wait_scacquire",3155425,3155425,296,6201371327211929,6201371331212053
"HSA_CORE_API","hsa_signal_wait_scacquire",3155425,3155425,297,6201371331212523,6201371335212646
"HSA_CORE_API","hsa_signal_wait_scacquire",3155425,3155425,298,6201371335213176,6201371339213319
"HSA_CORE_API","hsa_signal_wait_scacquire",3155425,3155425,299,6201371339213799,6201371343213913
"HSA_CORE_API","hsa_signal_wait_scacquire",3155425,3155425,300,6201371343214383,6201371347214516
"HSA_CORE_API","hsa_signal_wait_scacquire",3155425,3155425,301,6201371347214976,6201371351215099
"HSA_CORE_API","hsa_signal_wait_scacquire",3155425,3155425,302,6201371351215559,6201371355215683
"HSA_CORE_API","hsa_signal_wait_scacquire",3155425,3155425,303,6201371355216153,6201371359216286
"HSA_CORE_API","hsa_signal_wait_scacquire",3155425,3155425,304,6201371359216756,6201371363216880
"HSA_CORE_API","hsa_signal_wait_scacquire",3155425,3155425,305,6201371363217350,6201371367217473
"HSA_CORE_API","hsa_signal_wait_scacquire",3155425,3155425,306,6201371367217993,6201371371218116
"HSA_CORE_API","hsa_signal_wait_scacquire",3155425,3155425,307,6201371371218586,6201371375218720
"HSA_CORE_API","hsa_signal_wait_scacquire",3155425,3155425,308,6201371375219000,6201371379219123
"HSA_CORE_API","hsa_signal_wait_scacquire",3155425,3155425,309,6201371379219583,6201371383219717
"HSA_CORE_API","hsa_signal_wait_scacquire",3155425,3155425,310,6201371383220187,6201371387220320
"HSA_CORE_API","hsa_signal_wait_scacquire",3155425,3155425,311,6201371387220610,6201371391220733
"HSA_CORE_API","hsa_signal_wait_scacquire",3155425,3155425,312,6201371391221203,6201371395221337
"HSA_CORE_API","hsa_signal_wait_scacquire",3155425,3155425,313,6201371395221797,6201371399221950
"HSA_CORE_API","hsa_signal_wait_scacquire",3155425,3155425,314,6201371399224190,6201371403224313
"HSA_CORE_API","hsa_signal_wait_scacquire",3155425,3155425,315,6201371403224593,6201371407224727
"HSA_CORE_API","hsa_signal_wait_scacquire",3155425,3155425,316,6201371407225197,6201371411225330
"HSA_CORE_API","hsa_signal_wait_scacquire",3155425,3155425,317,6201371411225790,6201371415225913
"HSA_CORE_API","hsa_signal_wait_scacquire",3155425,3155425,318,6201371415226383,6201371419226507
"HSA_CORE_API","hsa_signal_wait_scacquire",3155425,3155425,319,6201371419226797,6201371423226920
"HSA_CORE_API","hsa_signal_wait_scacquire",3155425,3155425,320,6201371423227390,6201371427227514
"HSA_CORE_API","hsa_signal_wait_scacquire",3155425,3155425,321,6201371427228054,6201371431228167
"HSA_CORE_API","hsa_signal_wait_scacquire",3155425,3155425,322,6201371431230427,6201371435230550
"HSA_CORE_API","hsa_signal_wait_scacquire",3155425,3155425,323,6201371435230840,6201371439230974
"HSA_CORE_API","hsa_signal_wait_scacquire",3155425,3155425,324,6201371439231454,6201371443231577
"HSA_CORE_API","hsa_signal_wait_scacquire",3155425,3155425,325,6201371443232037,6201371447232180
"HSA_CORE_API","hsa_signal_wait_scacquire",3155425,3155425,326,6201371447232640,6201371451232774
"HSA_CORE_API","hsa_signal_wait_scacquire",3155425,3155425,327,6201371451233234,6201371455233367
"HSA_CORE_API","hsa_signal_wait_scacquire",3155425,3155425,328,6201371455233827,6201371459233951
"HSA_CORE_API","hsa_signal_wait_scacquire",3155425,3155425,329,6201371459234421,6201371463234544
"HSA_CORE_API","hsa_signal_wait_scacquire",3155425,3155425,330,6201371463235874,6201371467235997
"HSA_CORE_API","hsa_signal_wait_scacquire",3155425,3155425,331,6201371467236467,6201371471236591
"HSA_CORE_API","hsa_signal_wait_scacquire",3155425,3155425,332,6201371471236871,6201371475237004
"HSA_CORE_API","hsa_signal_wait_scacquire",3155425,3155425,333,6201371475237474,6201371479237597
"HSA_CORE_API","hsa_signal_wait_scacquire",3155425,3155425,334,6201371479237887,6201371483238021
"HSA_CORE_API","hsa_signal_wait_scacquire",3155425,3155425,335,6201371483238501,6201371487238624
"HSA_CORE_API","hsa_signal_wait_scacquire",3155425,3155425,336,6201371487238934,6201371491239067
"HSA_CORE_API","hsa_signal_wait_scacquire",3155425,3155425,337,6201371491239547,6201371495239671
"HSA_CORE_API","hsa_signal_wait_scacquire",3155425,3155425,338,6201371495239961,6201371499240084
"HSA_CORE_API","hsa_signal_wait_scacquire",3155425,3155425,339,6201371499240574,6201371503240688
"HSA_CORE_API","hsa_signal_wait_scacquire",3155425,3155425,340,6201371503241168,6201371507241291
"HSA_CORE_API","hsa_signal_wait_scacquire",3155425,3155425,341,6201371507241771,6201371511241894
"HSA_CORE_API","hsa_signal_wait_scacquire",3155425,3155425,342,6201371511242374,6201371515242498
"HSA_CORE_API","hsa_signal_wait_scacquire",3155425,3155425,343,6201371515242978,6201371519243101
"HSA_CORE_API","hsa_signal_wait_scacquire",3155425,3155425,344,6201371519243581,6201371523243695
"HSA_CORE_API","hsa_signal_wait_scacquire",3155425,3155425,345,6201371523244174,6201371527244298
"HSA_CORE_API","hsa_signal_wait_scacquire",3155425,3155425,346,6201371527244778,6201371531244911
"HSA_CORE_API","hsa_signal_wait_scacquire",3155425,3155425,347,6201371531245381,6201371535245515
"HSA_CORE_API","hsa_signal_wait_scacquire",3155425,3155425,348,6201371535245995,6201371539246118
"HSA_CORE_API","hsa_signal_wait_scacquire",3155425,3155425,349,6201371539246598,6201371543246721
"HSA_CORE_API","hsa_signal_wait_scacquire",3155425,3155425,350,6201371543247811,6201371547247935
"HSA_CORE_API","hsa_signal_wait_scacquire",3155425,3155425,351,6201371547248225,6201371551248358
"HSA_CORE_API","hsa_signal_wait_scacquire",3155425,3155425,352,6201371551248838,6201371555248961
"HSA_CORE_API","hsa_signal_wait_scacquire",3155425,3155425,353,6201371555249441,6201371559249565
"HSA_CORE_API","hsa_signal_wait_scacquire",3155425,3155425,354,6201371559250045,6201371563250178
"HSA_CORE_API","hsa_signal_wait_scacquire",3155425,3155425,355,6201371563250648,6201371567250792
"HSA_CORE_API","hsa_signal_wait_scacquire",3155425,3155425,356,6201371567251262,6201371571251405
"HSA_CORE_API","hsa_signal_wait_scacquire",3155425,3155425,357,6201371571251875,6201371575251998
"HSA_CORE_API","hsa_signal_wait_scacquire",3155425,3155425,358,6201371575252478,6201371579252622
"HSA_CORE_API","hsa_signal_wait_scacquire",3155425,3155425,359,6201371579253112,6201371583253235
"HSA_CORE_API","hsa_signal_wait_scacquire",3155425,3155425,360,6201371583253715,6201371587253828
"HSA_CORE_API","hsa_signal_wait_scacquire",3155425,3155425,361,6201371587254138,6201371591254262
"HSA_CORE_API","hsa_signal_wait_scacquire",3155425,3155425,362,6201371591254742,6201371595254865
"HSA_CORE_API","hsa_signal_wait_scacquire",3155425,3155425,363,6201371595255345,6201371599255469
"HSA_CORE_API","hsa_signal_wait_scacquire",3155425,3155425,364,6201371599255769,6201371603255882
"HSA_CORE_API","hsa_signal_wait_scacquire",3155425,3155425,365,6201371603256362,6201371607256485
"HSA_CORE_API","hsa_signal_wait_scacquire",3155425,3155425,366,6201371607256965,6201371611257109
"HSA_CORE_API","hsa_signal_wait_scacquire",3155425,3155425,367,6201371611257599,6201371615257722
"HSA_CORE_API","hsa_signal_wait_scacquire",3155425,3155425,368,6201371615258202,6201371619258325
"HSA_CORE_API","hsa_signal_wait_scacquire",3155425,3155425,369,6201371619258875,6201371623259009
"HSA_CORE_API","hsa_signal_wait_scacquire",3155425,3155425,370,6201371623259479,6201371627259602
"HSA_CORE_API","hsa_signal_wait_scacquire",3155425,3155425,371,6201371627260082,6201371631260206
"HSA_CORE_API","hsa_signal_wait_scacquire",3155425,3155425,372,6201371631260685,6201371635260819
"HSA_CORE_API","hsa_signal_wait_scacquire",3155425,3155425,373,6201371635261289,6201371639261422
"HSA_CORE_API","hsa_signal_wait_scacquire",3155425,3155425,374,6201371639261902,6201371643262036
"HSA_CORE_API","hsa_signal_wait_scacquire",3155425,3155425,375,6201371643262506,6201371647262639
"HSA_CORE_API","hsa_signal_wait_scacquire",3155425,3155425,376,6201371647263109,6201371651263232
"HSA_CORE_API","hsa_signal_wait_scacquire",3155425,3155425,377,6201371651263772,6201371655263896
"HSA_CORE_API","hsa_signal_wait_scacquire",3155425,3155425,378,6201371655264376,6201371659264499
"HSA_CORE_API","hsa_signal_wait_scacquire",3155425,3155425,379,6201371659264979,6201371663265112
"HSA_CORE_API","hsa_signal_wait_scacquire",3155425,3155425,380,6201371663265582,6201371667265696
"HSA_CORE_API","hsa_signal_wait_scacquire",3155425,3155425,381,6201371667266176,6201371671266299
"HSA_CORE_API","hsa_signal_wait_scacquire",3155425,3155425,382,6201371671266599,6201371675266723
"HSA_CORE_API","hsa_signal_wait_scacquire",3155425,3155425,383,6201371675267203,6201371679267336
"HSA_CORE_API","hsa_signal_wait_scacquire",3155425,3155425,384,6201371679267806,6201371683267929
"HSA_CORE_API","hsa_signal_wait_scacquire",3155425,3155425,385,6201371683268459,6201371687268593
"HSA_CORE_API","hsa_signal_wait_scacquire",3155425,3155425,386,6201371687271673,6201371691271796
"HSA_CORE_API","hsa_signal_wait_scacquire",3155425,3155425,387,6201371691272086,6201371695272209
"HSA_CORE_API","hsa_signal_wait_scacquire",3155425,3155425,388,6201371695272689,6201371699272813
"HSA_CORE_API","hsa_signal_wait_scacquire",3155425,3155425,389,6201371699273293,6201371703273446
"HSA_CORE_API","hsa_signal_wait_scacquire",3155425,3155425,390,6201371703273936,6201371707274069
"HSA_CORE_API","hsa_signal_wait_scacquire",3155425,3155425,391,6201371707274539,6201371711274663
"HSA_CORE_API","hsa_signal_wait_scacquire",3155425,3155425,392,6201371711275133,6201371715275266
"HSA_CORE_API","hsa_signal_wait_scacquire",3155425,3155425,393,6201371715275746,6201371719275890
"HSA_CORE_API","hsa_signal_wait_scacquire",3155425,3155425,394,6201371719276380,6201371723276513
"HSA_CORE_API","hsa_signal_wait_scacquire",3155425,3155425,395,6201371723276983,6201371727277116
"HSA_CORE_API","hsa_signal_wait_scacquire",3155425,3155425,396,6201371727277586,6201371731277710
"HSA_CORE_API","hsa_signal_wait_scacquire",3155425,3155425,397,6201371731278010,6201371735278163
"HSA_CORE_API","hsa_signal_wait_scacquire",3155425,3155425,398,6201371735278643,6201371739278766
"HSA_CORE_API","hsa_signal_wait_scacquire",3155425,3155425,399,6201371739279256,6201371743279390
"HSA_CORE_API","hsa_signal_wait_scacquire",3155425,3155425,400,6201371743279870,6201371747279993
"HSA_CORE_API","hsa_signal_wait_scacquire",3155425,3155425,401,6201371747280473,6201371751280597
"HSA_CORE_API","hsa_signal_wait_scacquire",3155425,3155425,402,6201371751281076,6201371755281230
"HSA_CORE_API","hsa_signal_wait_scacquire",3155425,3155425,403,6201371755281720,6201371759281843
"HSA_CORE_API","hsa_signal_wait_scacquire",3155425,3155425,404,6201371759282323,6201371763282467
"HSA_CORE_API","hsa_signal_wait_scacquire",3155425,3155425,405,6201371763282957,6201371767283080
"HSA_CORE_API","hsa_signal_wait_scacquire",3155425,3155425,406,6201371767283550,6201371771283673
"HSA_CORE_API","hsa_signal_wait_scacquire",3155425,3155425,407,6201371771284153,6201371775284287
"HSA_CORE_API","hsa_signal_wait_scacquire",3155425,3155425,408,6201371775284757,6201371779284890
"HSA_CORE_API","hsa_signal_wait_scacquire",3155425,3155425,409,6201371779285370,6201371783285503
"HSA_CORE_API","hsa_signal_wait_scacquire",3155425,3155425,410,6201371783285983,6201371787286117
"HSA_CORE_API","hsa_signal_wait_scacquire",3155425,3155425,411,6201371787286417,6201371791286530
"HSA_CORE_API","hsa_signal_wait_scacquire",3155425,3155425,412,6201371791287010,6201371795287143
"HSA_CORE_API","hsa_signal_wait_scacquire",3155425,3155425,413,6201371795287433,6201371799287557
"HSA_CORE_API","hsa_signal_wait_scacquire",3155425,3155425,414,6201371799287847,6201371803287990
"HSA_CORE_API","hsa_signal_wait_scacquire",3155425,3155425,415,6201371803288470,6201371807288584
"HSA_CORE_API","hsa_signal_wait_scacquire",3155425,3155425,416,6201371807289054,6201371811289177
"HSA_CORE_API","hsa_signal_wait_scacquire",3155425,3155425,417,6201371811289657,6201371815289770
"HSA_CORE_API","hsa_signal_wait_scacquire",3155425,3155425,418,6201371815290240,6201371819290374
"HSA_CORE_API","hsa_signal_wait_scacquire",3155425,3155425,419,6201371819290844,6201371823290967
"HSA_CORE_API","hsa_signal_wait_scacquire",3155425,3155425,420,6201371823291437,6201371827291561
"HSA_CORE_API","hsa_signal_wait_scacquire",3155425,3155425,421,6201371827292041,6201371831292164
"HSA_CORE_API","hsa_signal_wait_scacquire",3155425,3155425,422,6201371831292644,6201371835292767
"HSA_CORE_API","hsa_signal_wait_scacquire",3155425,3155425,423,6201371835293237,6201371839293361
"HSA_CORE_API","hsa_signal_wait_scacquire",3155425,3155425,424,6201371839293841,6201371843293964
"HSA_CORE_API","hsa_signal_wait_scacquire",3155425,3155425,425,6201371843294254,6201371847294387
"HSA_CORE_API","hsa_signal_wait_scacquire",3155425,3155425,426,6201371847294857,6201371851294991
"HSA_CORE_API","hsa_signal_wait_scacquire",3155425,3155425,427,6201371851295461,6201371855295594
"HSA_CORE_API","hsa_signal_wait_scacquire",3155425,3155425,428,6201371855296064,6201371859296177
"HSA_CORE_API","hsa_signal_wait_scacquire",3155425,3155425,429,6201371859296657,6201371863296811
"HSA_CORE_API","hsa_signal_wait_scacquire",3155425,3155425,430,6201371863297121,6201371867297244
"HSA_CORE_API","hsa_signal_wait_scacquire",3155425,3155425,431,6201371867297714,6201371871297838
"HSA_CORE_API","hsa_signal_wait_scacquire",3155425,3155425,432,6201371871298318,6201371875298441
"HSA_CORE_API","hsa_signal_wait_scacquire",3155425,3155425,433,6201371875298921,6201371879299044
"HSA_CORE_API","hsa_signal_wait_scacquire",3155425,3155425,434,6201371879299344,6201371883299468
"HSA_CORE_API","hsa_signal_wait_scacquire",3155425,3155425,435,6201371883299948,6201371887300071
"HSA_CORE_API","hsa_signal_wait_scacquire",3155425,3155425,436,6201371887300381,6201371891300504
"HSA_CORE_API","hsa_signal_wait_scacquire",3155425,3155425,437,6201371891300984,6201371895301108
"HSA_CORE_API","hsa_signal_wait_scacquire",3155425,3155425,438,6201371895301408,6201371899301541
"HSA_CORE_API","hsa_signal_wait_scacquire",3155425,3155425,439,6201371899302011,6201371903302154
"HSA_CORE_API","hsa_signal_wait_scacquire",3155425,3155425,440,6201371903302634,6201371907302758
"HSA_CORE_API","hsa_signal_wait_scacquire",3155425,3155425,441,6201371907303238,6201371911303361
"HSA_CORE_API","hsa_signal_wait_scacquire",3155425,3155425,442,6201371911303831,6201371915303955
"HSA_CORE_API","hsa_signal_wait_scacquire",3155425,3155425,443,6201371915304435,6201371919304568
"HSA_CORE_API","hsa_signal_wait_scacquire",3155425,3155425,444,6201371919305038,6201371923305161
"HSA_CORE_API","hsa_signal_wait_scacquire",3155425,3155425,445,6201371923305641,6201371927305765
"HSA_CORE_API","hsa_signal_wait_scacquire",3155425,3155425,446,6201371927306245,6201371931306368
"HSA_CORE_API","hsa_signal_wait_scacquire",3155425,3155425,447,6201371931306848,6201371935306971
"HSA_CORE_API","hsa_signal_wait_scacquire",3155425,3155425,448,6201371935307471,6201371939307605
"HSA_CORE_API","hsa_signal_wait_scacquire",3155425,3155425,449,6201371939310085,6201371943310198
"HSA_CORE_API","hsa_signal_wait_scacquire",3155425,3155425,450,6201371943311588,6201371947311711
"HSA_CORE_API","hsa_signal_wait_scacquire",3155425,3155425,451,6201371947312001,6201371951312125
"HSA_CORE_API","hsa_signal_wait_scacquire",3155425,3155425,452,6201371951312605,6201371955312728
"HSA_CORE_API","hsa_signal_wait_scacquire",3155425,3155425,453,6201371955313198,6201371959313331
"HSA_CORE_API","hsa_signal_wait_scacquire",3155425,3155425,454,6201371959313821,6201371963313945
"HSA_CORE_API","hsa_signal_wait_scacquire",3155425,3155425,455,6201371963314425,6201371967314548
"HSA_CORE_API","hsa_signal_wait_scacquire",3155425,3155425,456,6201371967315028,6201371971315162
"HSA_CORE_API","hsa_signal_wait_scacquire",3155425,3155425,457,6201371971315642,6201371975315765
"HSA_CORE_API","hsa_signal_wait_scacquire",3155425,3155425,458,6201371975316245,6201371979316368
"HSA_CORE_API","hsa_signal_wait_scacquire",3155425,3155425,459,6201371979316848,6201371983316972
"HSA_CORE_API","hsa_signal_wait_scacquire",3155425,3155425,460,6201371983317272,6201371987317395
"HSA_CORE_API","hsa_signal_wait_scacquire",3155425,3155425,461,6201371987317695,6201371991317819
"HSA_CORE_API","hsa_signal_wait_scacquire",3155425,3155425,462,6201371991318299,6201371995319032
"HSA_CORE_API","hsa_signal_wait_scacquire",3155425,3155425,463,6201371995326612,6201371999327365
"HSA_CORE_API","hsa_signal_wait_scacquire",3155425,3155425,464,6201371999327665,6201372003327778
"HSA_CORE_API","hsa_signal_wait_scacquire",3155425,3155425,465,6201372003328258,6201372007328382
"HSA_CORE_API","hsa_signal_wait_scacquire",3155425,3155425,466,6201372007328862,6201372011328985
"HSA_CORE_API","hsa_signal_wait_scacquire",3155425,3155425,467,6201372011329465,6201372015329589
"HSA_CORE_API","hsa_signal_wait_scacquire",3155425,3155425,468,6201372015330349,6201372019330472
"HSA_CORE_API","hsa_signal_wait_scacquire",3155425,3155425,469,6201372019330952,6201372023331075
"HSA_CORE_API","hsa_signal_wait_scacquire",3155425,3155425,470,6201372023331645,6201372027331769
"HSA_CORE_API","hsa_signal_wait_scacquire",3155425,3155425,471,6201372027332249,6201372031332372
"HSA_CORE_API","hsa_signal_wait_scacquire",3155425,3155425,472,6201372031332852,6201372035332975
"HSA_CORE_API","hsa_signal_wait_scacquire",3155425,3155425,473,6201372035333455,6201372039333579
"HSA_CORE_API","hsa_signal_wait_scacquire",3155425,3155425,474,6201372039334059,6201372043334182
"HSA_CORE_API","hsa_signal_wait_scacquire",3155425,3155425,475,6201372043334662,6201372047334785
"HSA_CORE_API","hsa_signal_wait_scacquire",3155425,3155425,476,6201372047335075,6201372051335209
"HSA_CORE_API","hsa_signal_wait_scacquire",3155425,3155425,477,6201372051335689,6201372055335812
"HSA_CORE_API","hsa_signal_wait_scacquire",3155425,3155425,478,6201372055336292,6201372059336416
"HSA_CORE_API","hsa_signal_wait_scacquire",3155425,3155425,479,6201372059336886,6201372063337009
"HSA_CORE_API","hsa_signal_wait_scacquire",3155425,3155425,480,6201372063337489,6201372067337612
"HSA_CORE_API","hsa_signal_wait_scacquire",3155425,3155425,481,6201372067338092,6201372071338216
"HSA_CORE_API","hsa_signal_wait_scacquire",3155425,3155425,482,6201372071338696,6201372075338819
"HSA_CORE_API","hsa_signal_wait_scacquire",3155425,3155425,483,6201372075339299,6201372079339412
"HSA_CORE_API","hsa_signal_wait_scacquire",3155425,3155425,484,6201372079339892,6201372083340016
"HSA_CORE_API","hsa_signal_wait_scacquire",3155425,3155425,485,6201372083340496,6201372087340629
"HSA_CORE_API","hsa_signal_wait_scacquire",3155425,3155425,486,6201372087340919,6201372091341052
"HSA_CORE_API","hsa_signal_wait_scacquire",3155425,3155425,487,6201372091341532,6201372095341656
"HSA_CORE_API","hsa_signal_wait_scacquire",3155425,3155425,488,6201372095342136,6201372099342259
"HSA_CORE_API","hsa_signal_wait_scacquire",3155425,3155425,489,6201372099342799,6201372103342923
"HSA_CORE_API","hsa_signal_wait_scacquire",3155425,3155425,490,6201372103343403,6201372107343526
"HSA_CORE_API","hsa_signal_wait_scacquire",3155425,3155425,491,6201372107344006,6201372111344129
"HSA_CORE_API","hsa_signal_wait_scacquire",3155425,3155425,492,6201372111344609,6201372115344733
"HSA_CORE_API","hsa_signal_wait_scacquire",3155425,3155425,493,6201372115345213,6201372119345336
"HSA_CORE_API","hsa_signal_wait_scacquire",3155425,3155425,494,6201372119345816,6201372123345959
"HSA_CORE_API","hsa_signal_wait_scacquire",3155425,3155425,495,6201372123346449,6201372127346573
"HSA_CORE_API","hsa_signal_wait_scacquire",3155425,3155425,496,6201372127347053,6201372131347176
"HSA_CORE_API","hsa_signal_wait_scacquire",3155425,3155425,497,6201372131347466,6201372135347590
"HSA_CORE_API","hsa_signal_wait_scacquire",3155425,3155425,498,6201372135348070,6201372139348193
"HSA_CORE_API","hsa_signal_wait_scacquire",3155425,3155425,499,6201372139348673,6201372143348796
"HSA_CORE_API","hsa_signal_wait_scacquire",3155425,3155425,500,6201372143349266,6201372147349400
"HSA_CORE_API","hsa_signal_wait_scacquire",3155425,3155425,501,6201372147349880,6201372151350013
"HSA_CORE_API","hsa_signal_wait_scacquire",3155425,3155425,502,6201372151350493,6201372155350616
"HSA_CORE_API","hsa_signal_wait_scacquire",3155425,3155425,503,6201372155351096,6201372159351230
"HSA_CORE_API","hsa_signal_wait_scacquire",3155425,3155425,504,6201372159351700,6201372163351843
"HSA_CORE_API","hsa_signal_wait_scacquire",3155425,3155425,505,6201372163352333,6201372167352457
"HSA_CORE_API","hsa_signal_wait_scacquire",3155425,3155425,506,6201372167352937,6201372171353060
"HSA_CORE_API","hsa_signal_wait_scacquire",3155425,3155425,507,6201372171353540,6201372175353653
"HSA_CORE_API","hsa_signal_wait_scacquire",3155425,3155425,508,6201372175354133,6201372179354257
"HSA_CORE_API","hsa_signal_wait_scacquire",3155425,3155425,509,6201372179354737,6201372183354860
"HSA_CORE_API","hsa_signal_wait_scacquire",3155425,3155425,510,6201372183355340,6201372187355463
"HSA_CORE_API","hsa_signal_wait_scacquire",3155425,3155425,511,6201372187355773,6201372191355907
"HSA_CORE_API","hsa_signal_wait_scacquire",3155425,3155425,512,6201372191356377,6201372195356500
"HSA_CORE_API","hsa_signal_wait_scacquire",3155425,3155425,513,6201372195357950,6201372199358073
"HSA_CORE_API","hsa_signal_wait_scacquire",3155425,3155425,514,6201372199359013,6201372203359127
"HSA_CORE_API","hsa_signal_wait_scacquire",3155425,3155425,515,6201372203359417,6201372207359540
"HSA_CORE_API","hsa_signal_wait_scacquire",3155425,3155425,516,6201372207360020,6201372211360143
"HSA_CORE_API","hsa_signal_wait_scacquire",3155425,3155425,517,6201372211360623,6201372215360747
"HSA_CORE_API","hsa_signal_wait_scacquire",3155425,3155425,518,6201372215361227,6201372219361340
"HSA_CORE_API","hsa_signal_wait_scacquire",3155425,3155425,519,6201372219361820,6201372223361944
"HSA_CORE_API","hsa_signal_wait_scacquire",3155425,3155425,520,6201372223362424,6201372227362547
"HSA_CORE_API","hsa_signal_wait_scacquire",3155425,3155425,521,6201372227363037,6201372231363160
"HSA_CORE_API","hsa_signal_wait_scacquire",3155425,3155425,522,6201372231363640,6201372235363764
"HSA_CORE_API","hsa_signal_wait_scacquire",3155425,3155425,523,6201372235364244,6201372239364367
"HSA_CORE_API","hsa_signal_wait_scacquire",3155425,3155425,524,6201372239365107,6201372243365220
"HSA_CORE_API","hsa_signal_wait_scacquire",3155425,3155425,525,6201372243365590,6201372247365714
"HSA_CORE_API","hsa_signal_wait_scacquire",3155425,3155425,526,6201372247366194,6201372251366327
"HSA_CORE_API","hsa_signal_wait_scacquire",3155425,3155425,527,6201372251366807,6201372255366930
"HSA_CORE_API","hsa_signal_wait_scacquire",3155425,3155425,528,6201372255367410,6201372259367534
"HSA_CORE_API","hsa_signal_wait_scacquire",3155425,3155425,529,6201372259368024,6201372263368147
"HSA_CORE_API","hsa_signal_wait_scacquire",3155425,3155425,530,6201372263368627,6201372267368751
"HSA_CORE_API","hsa_signal_wait_scacquire",3155425,3155425,531,6201372267369231,6201372271369354
"HSA_CORE_API","hsa_signal_wait_scacquire",3155425,3155425,532,6201372271369834,6201372275369957
"HSA_CORE_API","hsa_signal_wait_scacquire",3155425,3155425,533,6201372275370437,6201372279370561
"HSA_CORE_API","hsa_signal_wait_scacquire",3155425,3155425,534,6201372279371051,6201372283371184
"HSA_CORE_API","hsa_signal_wait_scacquire",3155425,3155425,535,6201372283371654,6201372287371777
"HSA_CORE_API","hsa_signal_wait_scacquire",3155425,3155425,536,6201372287372077,6201372291372201
"HSA_CORE_API","hsa_signal_wait_scacquire",3155425,3155425,537,6201372291372681,6201372295372804
"HSA_CORE_API","hsa_signal_wait_scacquire",3155425,3155425,538,6201372295373284,6201372299373418
"HSA_CORE_API","hsa_signal_wait_scacquire",3155425,3155425,539,6201372299373708,6201372303373831
"HSA_CORE_API","hsa_signal_wait_scacquire",3155425,3155425,540,6201372303374311,6201372307374434
"HSA_CORE_API","hsa_signal_wait_scacquire",3155425,3155425,541,6201372307374904,6201372311375028
"HSA_CORE_API","hsa_signal_wait_scacquire",3155425,3155425,542,6201372311375808,6201372315375931
"HSA_CORE_API","hsa_signal_wait_scacquire",3155425,3155425,543,6201372315376411,6201372319376534
"HSA_CORE_API","hsa_signal_wait_scacquire",3155425,3155425,544,6201372319376824,6201372323376958
"HSA_CORE_API","hsa_signal_wait_scacquire",3155425,3155425,545,6201372323377438,6201372327377551
"HSA_CORE_API","hsa_signal_wait_scacquire",3155425,3155425,546,6201372327378031,6201372331378155
"HSA_CORE_API","hsa_signal_wait_scacquire",3155425,3155425,547,6201372331378635,6201372335378758
"HSA_CORE_API","hsa_signal_wait_scacquire",3155425,3155425,548,6201372335379228,6201372339379351
"HSA_CORE_API","hsa_signal_wait_scacquire",3155425,3155425,549,6201372339379831,6201372343379955
"HSA_CORE_API","hsa_signal_wait_scacquire",3155425,3155425,550,6201372343380435,6201372347380558
"HSA_CORE_API","hsa_signal_wait_scacquire",3155425,3155425,551,6201372347381038,6201372351381191
"HSA_CORE_API","hsa_signal_wait_scacquire",3155425,3155425,552,6201372351381511,6201372355381645
"HSA_CORE_API","hsa_signal_wait_scacquire",3155425,3155425,553,6201372355382115,6201372359382228
"HSA_CORE_API","hsa_signal_wait_scacquire",3155425,3155425,554,6201372359382698,6201372363382821
"HSA_CORE_API","hsa_signal_wait_scacquire",3155425,3155425,555,6201372363383121,6201372367383245
"HSA_CORE_API","hsa_signal_wait_scacquire",3155425,3155425,556,6201372367383725,6201372371383858
"HSA_CORE_API","hsa_signal_wait_scacquire",3155425,3155425,557,6201372371384338,6201372375384462
"HSA_CORE_API","hsa_signal_wait_scacquire",3155425,3155425,558,6201372375384941,6201372379385065
"HSA_CORE_API","hsa_signal_wait_scacquire",3155425,3155425,559,6201372379385545,6201372383385668
"HSA_CORE_API","hsa_signal_wait_scacquire",3155425,3155425,560,6201372383386148,6201372387386272
"HSA_CORE_API","hsa_signal_wait_scacquire",3155425,3155425,561,6201372387386572,6201372391386695
"HSA_CORE_API","hsa_signal_wait_scacquire",3155425,3155425,562,6201372391386995,6201372395387128
"HSA_CORE_API","hsa_signal_wait_scacquire",3155425,3155425,563,6201372395387608,6201372399387732
"HSA_CORE_API","hsa_signal_wait_scacquire",3155425,3155425,564,6201372399388212,6201372403388335
"HSA_CORE_API","hsa_signal_wait_scacquire",3155425,3155425,565,6201372403388935,6201372407389058
"HSA_CORE_API","hsa_signal_wait_scacquire",3155425,3155425,566,6201372407389528,6201372411389662
"HSA_CORE_API","hsa_signal_wait_scacquire",3155425,3155425,567,6201372411390132,6201372415390275
"HSA_CORE_API","hsa_signal_wait_scacquire",3155425,3155425,568,6201372415390755,6201372419390888
"HSA_CORE_API","hsa_signal_wait_scacquire",3155425,3155425,569,6201372419391368,6201372423391492
"HSA_CORE_API","hsa_signal_wait_scacquire",3155425,3155425,570,6201372423391962,6201372427392105
"HSA_CORE_API","hsa_signal_wait_scacquire",3155425,3155425,571,6201372427392575,6201372431392709
"HSA_CORE_API","hsa_signal_wait_scacquire",3155425,3155425,572,6201372431393179,6201372435393292
"HSA_CORE_API","hsa_signal_wait_scacquire",3155425,3155425,573,6201372435393772,6201372439393895
"HSA_CORE_API","hsa_signal_wait_scacquire",3155425,3155425,574,6201372439394185,6201372443394309
"HSA_CORE_API","hsa_signal_wait_scacquire",3155425,3155425,575,6201372443394789,6201372447394912
"HSA_CORE_API","hsa_signal_wait_scacquire",3155425,3155425,576,6201372447395392,6201372451395516
"HSA_CORE_API","hsa_signal_wait_scacquire",3155425,3155425,577,6201372451396035,6201372455396149
"HSA_CORE_API","hsa_signal_wait_scacquire",3155425,3155425,578,6201372455398119,6201372459398242
"HSA_CORE_API","hsa_signal_wait_scacquire",3155425,3155425,579,6201372459398532,6201372463398656
"HSA_CORE_API","hsa_signal_wait_scacquire",3155425,3155425,580,6201372463399136,6201372467399249
"HSA_CORE_API","hsa_signal_wait_scacquire",3155425,3155425,581,6201372467399719,6201372471399842
"HSA_CORE_API","hsa_signal_wait_scacquire",3155425,3155425,582,6201372471400312,6201372475400436
"HSA_CORE_API","hsa_signal_wait_scacquire",3155425,3155425,583,6201372475400916,6201372479401039
"HSA_CORE_API","hsa_signal_wait_scacquire",3155425,3155425,584,6201372479401519,6201372483401642
"HSA_CORE_API","hsa_signal_wait_scacquire",3155425,3155425,585,6201372483402122,6201372487402246
"HSA_CORE_API","hsa_signal_wait_scacquire",3155425,3155425,586,6201372487402536,6201372491402649
"HSA_CORE_API","hsa_signal_wait_scacquire",3155425,3155425,587,6201372491402939,6201372495403063
"HSA_CORE_API","hsa_signal_wait_scacquire",3155425,3155425,588,6201372495403543,6201372499403666
"HSA_CORE_API","hsa_signal_wait_scacquire",3155425,3155425,589,6201372499404146,6201372503404289
"HSA_CORE_API","hsa_signal_wait_scacquire",3155425,3155425,590,6201372503404779,6201372507404903
"HSA_CORE_API","hsa_signal_wait_scacquire",3155425,3155425,591,6201372507405383,6201372511405496
"HSA_CORE_API","hsa_signal_wait_scacquire",3155425,3155425,592,6201372511405966,6201372515406099
"HSA_CORE_API","hsa_signal_wait_scacquire",3155425,3155425,593,6201372515406579,6201372519406713
"HSA_CORE_API","hsa_signal_wait_scacquire",3155425,3155425,594,6201372519407183,6201372523407306
"HSA_CORE_API","hsa_signal_wait_scacquire",3155425,3155425,595,6201372523407786,6201372527407909
"HSA_CORE_API","hsa_signal_wait_scacquire",3155425,3155425,596,6201372527408389,6201372531408503
"HSA_CORE_API","hsa_signal_wait_scacquire",3155425,3155425,597,6201372531408983,6201372535409106
"HSA_CORE_API","hsa_signal_wait_scacquire",3155425,3155425,598,6201372535409586,6201372539409710
"HSA_CORE_API","hsa_signal_wait_scacquire",3155425,3155425,599,6201372539410360,6201372543410483
"HSA_CORE_API","hsa_signal_wait_scacquire",3155425,3155425,600,6201372543410773,6201372547410896
"HSA_CORE_API","hsa_signal_wait_scacquire",3155425,3155425,601,6201372547411556,6201372551411690
"HSA_CORE_API","hsa_signal_wait_scacquire",3155425,3155425,602,6201372551412170,6201372555412293
"HSA_CORE_API","hsa_signal_wait_scacquire",3155425,3155425,603,6201372555412773,6201372559412896
"HSA_CORE_API","hsa_signal_wait_scacquire",3155425,3155425,604,6201372559413376,6201372563413490
"HSA_CORE_API","hsa_signal_wait_scacquire",3155425,3155425,605,6201372563414040,6201372567414183
"HSA_CORE_API","hsa_signal_wait_scacquire",3155425,3155425,606,6201372567414673,6201372571414797
"HSA_CORE_API","hsa_signal_wait_scacquire",3155425,3155425,607,6201372571415097,6201372575415220
"HSA_CORE_API","hsa_signal_wait_scacquire",3155425,3155425,608,6201372575415690,6201372579415823
"HSA_CORE_API","hsa_signal_wait_scacquire",3155425,3155425,609,6201372579416293,6201372583416417
"HSA_CORE_API","hsa_signal_wait_scacquire",3155425,3155425,610,6201372583416897,6201372587417020
"HSA_CORE_API","hsa_signal_wait_scacquire",3155425,3155425,611,6201372587417320,6201372591417443
"HSA_CORE_API","hsa_signal_wait_scacquire",3155425,3155425,612,6201372591417733,6201372595417857
"HSA_CORE_API","hsa_signal_wait_scacquire",3155425,3155425,613,6201372595418337,6201372599418480
"HSA_CORE_API","hsa_signal_wait_scacquire",3155425,3155425,614,6201372599418960,6201372603419093
"HSA_CORE_API","hsa_signal_wait_scacquire",3155425,3155425,615,6201372603419573,6201372607419697
"HSA_CORE_API","hsa_signal_wait_scacquire",3155425,3155425,616,6201372607420647,6201372611420770
"HSA_CORE_API","hsa_signal_wait_scacquire",3155425,3155425,617,6201372611421060,6201372615421194
"HSA_CORE_API","hsa_signal_wait_scacquire",3155425,3155425,618,6201372615421674,6201372619421797
"HSA_CORE_API","hsa_signal_wait_scacquire",3155425,3155425,619,6201372619422277,6201372623422400
"HSA_CORE_API","hsa_signal_wait_scacquire",3155425,3155425,620,6201372623422880,6201372627423004
"HSA_CORE_API","hsa_signal_wait_scacquire",3155425,3155425,621,6201372627423484,6201372631423607
"HSA_CORE_API","hsa_signal_wait_scacquire",3155425,3155425,622,6201372631423897,6201372635424030
"HSA_CORE_API","hsa_signal_wait_scacquire",3155425,3155425,623,6201372635424510,6201372639424634
"HSA_CORE_API","hsa_signal_wait_scacquire",3155425,3155425,624,6201372639425114,6201372643425237
"HSA_CORE_API","hsa_signal_wait_scacquire",3155425,3155425,625,6201372643425707,6201372647425830
"HSA_CORE_API","hsa_signal_wait_scacquire",3155425,3155425,626,6201372647426120,6201372651426244
"HSA_CORE_API","hsa_signal_wait_scacquire",3155425,3155425,627,6201372651426724,6201372655426847
"HSA_CORE_API","hsa_signal_wait_scacquire",3155425,3155425,628,6201372655427337,6201372659427461
"HSA_CORE_API","hsa_signal_wait_scacquire",3155425,3155425,629,6201372659428001,6201372663428124
"HSA_CORE_API","hsa_signal_wait_scacquire",3155425,3155425,630,6201372663428604,6201372667428727
"HSA_CORE_API","hsa_signal_wait_scacquire",3155425,3155425,631,6201372667429207,6201372671429331
"HSA_CORE_API","hsa_signal_wait_scacquire",3155425,3155425,632,6201372671429811,6201372675429934
"HSA_CORE_API","hsa_signal_wait_scacquire",3155425,3155425,633,6201372675430414,6201372679430527
"HSA_CORE_API","hsa_signal_wait_scacquire",3155425,3155425,634,6201372679430827,6201372683430951
"HSA_CORE_API","hsa_signal_wait_scacquire",3155425,3155425,635,6201372683431431,6201372687431554
"HSA_CORE_API","hsa_signal_wait_scacquire",3155425,3155425,636,6201372687431854,6201372691431987
"HSA_CORE_API","hsa_signal_wait_scacquire",3155425,3155425,637,6201372691432527,6201372695432661
"HSA_CORE_API","hsa_signal_wait_scacquire",3155425,3155425,638,6201372695433141,6201372699433264
"HSA_CORE_API","hsa_signal_wait_scacquire",3155425,3155425,639,6201372699433554,6201372703433678
"HSA_CORE_API","hsa_signal_wait_scacquire",3155425,3155425,640,6201372703434158,6201372707434281
"HSA_CORE_API","hsa_signal_wait_scacquire",3155425,3155425,641,6201372707435091,6201372711435224
"HSA_CORE_API","hsa_signal_wait_scacquire",3155425,3155425,642,6201372711436674,6201372715436798
"HSA_CORE_API","hsa_signal_wait_scacquire",3155425,3155425,643,6201372715437098,6201372719437221
"HSA_CORE_API","hsa_signal_wait_scacquire",3155425,3155425,644,6201372719437701,6201372723437844
"HSA_CORE_API","hsa_signal_wait_scacquire",3155425,3155425,645,6201372723438404,6201372727438528
"HSA_CORE_API","hsa_signal_wait_scacquire",3155425,3155425,646,6201372727439008,6201372731439131
"HSA_CORE_API","hsa_signal_wait_scacquire",3155425,3155425,647,6201372731439611,6201372735439734
"HSA_CORE_API","hsa_signal_wait_scacquire",3155425,3155425,648,6201372735440214,6201372739440338
"HSA_CORE_API","hsa_signal_wait_scacquire",3155425,3155425,649,6201372739440818,6201372743440941
"HSA_CORE_API","hsa_signal_wait_scacquire",3155425,3155425,650,6201372743441411,6201372747441535
"HSA_CORE_API","hsa_signal_wait_scacquire",3155425,3155425,651,6201372747441835,6201372751441958
"HSA_CORE_API","hsa_signal_wait_scacquire",3155425,3155425,652,6201372751442438,6201372755442561
"HSA_CORE_API","hsa_signal_wait_scacquire",3155425,3155425,653,6201372755443051,6201372759443165
"HSA_CORE_API","hsa_signal_wait_scacquire",3155425,3155425,654,6201372759443645,6201372763443768
"HSA_CORE_API","hsa_signal_wait_scacquire",3155425,3155425,655,6201372763444248,6201372767444381
"HSA_CORE_API","hsa_signal_wait_scacquire",3155425,3155425,656,6201372767444861,6201372771444985
"HSA_CORE_API","hsa_signal_wait_scacquire",3155425,3155425,657,6201372771445465,6201372775445608
"HSA_CORE_API","hsa_signal_wait_scacquire",3155425,3155425,658,6201372775446088,6201372779446231
"HSA_CORE_API","hsa_signal_wait_scacquire",3155425,3155425,659,6201372779446721,6201372783446845
"HSA_CORE_API","hsa_signal_wait_scacquire",3155425,3155425,660,6201372783447325,6201372787447438
"HSA_CORE_API","hsa_signal_wait_scacquire",3155425,3155425,661,6201372787447738,6201372791447861
"HSA_CORE_API","hsa_signal_wait_scacquire",3155425,3155425,662,6201372791448161,6201372795448285
"HSA_CORE_API","hsa_signal_wait_scacquire",3155425,3155425,663,6201372795448765,6201372799448888
"HSA_CORE_API","hsa_signal_wait_scacquire",3155425,3155425,664,6201372799449368,6201372803449482
"HSA_CORE_API","hsa_signal_wait_scacquire",3155425,3155425,665,6201372803449962,6201372807450085
"HSA_CORE_API","hsa_signal_wait_scacquire",3155425,3155425,666,6201372807450375,6201372811450498
"HSA_CORE_API","hsa_signal_wait_scacquire",3155425,3155425,667,6201372811450978,6201372815451102
"HSA_CORE_API","hsa_signal_wait_scacquire",3155425,3155425,668,6201372815451582,6201372819451705
"HSA_CORE_API","hsa_signal_wait_scacquire",3155425,3155425,669,6201372819452185,6201372823452308
"HSA_CORE_API","hsa_signal_wait_scacquire",3155425,3155425,670,6201372823452788,6201372827452912
"HSA_CORE_API","hsa_signal_wait_scacquire",3155425,3155425,671,6201372827453392,6201372831453525
"HSA_CORE_API","hsa_signal_wait_scacquire",3155425,3155425,672,6201372831453995,6201372835454138
"HSA_CORE_API","hsa_signal_wait_scacquire",3155425,3155425,673,6201372835454618,6201372839454752
"HSA_CORE_API","hsa_signal_wait_scacquire",3155425,3155425,674,6201372839455232,6201372843636281
"HSA_CORE_API","hsa_signal_wait_scacquire",3155425,3155425,675,6201372843636901,6201372847637015
"HSA_CORE_API","hsa_signal_wait_scacquire",3155425,3155425,676,6201372847637495,6201372851637618
"HSA_CORE_API","hsa_signal_wait_scacquire",3155425,3155425,677,6201372851638148,6201372855638281
"HSA_CORE_API","hsa_signal_wait_scacquire",3155425,3155425,678,6201372855638751,6201372859638875
"HSA_CORE_API","hsa_signal_wait_scacquire",3155425,3155425,679,6201372859639355,6201372863639468
"HSA_CORE_API","hsa_signal_wait_scacquire",3155425,3155425,680,6201372863639938,6201372867640061
"HSA_CORE_API","hsa_signal_wait_scacquire",3155425,3155425,681,6201372867640361,6201372871640485
"HSA_CORE_API","hsa_signal_wait_scacquire",3155425,3155425,682,6201372871640965,6201372875641088
"HSA_CORE_API","hsa_signal_wait_scacquire",3155425,3155425,683,6201372875641758,6201372879641882
"HSA_CORE_API","hsa_signal_wait_scacquire",3155425,3155425,684,6201372879642362,6201372883642475
"HSA_CORE_API","hsa_signal_wait_scacquire",3155425,3155425,685,6201372883643005,6201372887643138
"HSA_CORE_API","hsa_signal_wait_scacquire",3155425,3155425,686,6201372887643438,6201372891643562
"HSA_CORE_API","hsa_signal_wait_scacquire",3155425,3155425,687,6201372891644042,6201372895644175
"HSA_CORE_API","hsa_signal_wait_scacquire",3155425,3155425,688,6201372895644655,6201372899644768
"HSA_CORE_API","hsa_signal_wait_scacquire",3155425,3155425,689,6201372899645068,6201372903645192
"HSA_CORE_API","hsa_signal_wait_scacquire",3155425,3155425,690,6201372903645672,6201372907645785
"HSA_CORE_API","hsa_signal_wait_scacquire",3155425,3155425,691,6201372907647485,6201372911647608
"HSA_CORE_API","hsa_signal_wait_scacquire",3155425,3155425,692,6201372911647898,6201372915648042
"HSA_CORE_API","hsa_signal_wait_scacquire",3155425,3155425,693,6201372915648692,6201372919648805
"HSA_CORE_API","hsa_signal_wait_scacquire",3155425,3155425,694,6201372919649305,6201372923649419
"HSA_CORE_API","hsa_signal_wait_scacquire",3155425,3155425,695,6201372923649978,6201372927650112
"HSA_CORE_API","hsa_signal_wait_scacquire",3155425,3155425,696,6201372927650402,6201372931650535
"HSA_CORE_API","hsa_signal_wait_scacquire",3155425,3155425,697,6201372931651025,6201372935651149
"HSA_CORE_API","hsa_signal_wait_scacquire",3155425,3155425,698,6201372935651629,6201372939651952
"HSA_CORE_API","hsa_signal_wait_scacquire",3155425,3155425,699,6201372939652252,6201372943652365
"HSA_CORE_API","hsa_signal_wait_scacquire",3155425,3155425,700,6201372943653255,6201372947653389
"HSA_CORE_API","hsa_signal_wait_scacquire",3155425,3155425,701,6201372947653869,6201372951653982
"HSA_CORE_API","hsa_signal_wait_scacquire",3155425,3155425,702,6201372951654482,6201372955654585
"HSA_CORE_API","hsa_signal_wait_scacquire",3155425,3155425,703,6201372955655185,6201372959655309
"HSA_CORE_API","hsa_signal_wait_scacquire",3155425,3155425,704,6201372959655789,6201372963655932
"HSA_CORE_API","hsa_signal_wait_scacquire",3155425,3155425,705,6201372963656722,6201372967656835
"HSA_CORE_API","hsa_signal_wait_scacquire",3155425,3155425,706,6201372967659525,6201372971659649
"HSA_CORE_API","hsa_signal_wait_scacquire",3155425,3155425,707,6201372971659949,6201372975660072
"HSA_CORE_API","hsa_signal_wait_scacquire",3155425,3155425,708,6201372975660602,6201372979660896
"HSA_CORE_API","hsa_signal_wait_scacquire",3155425,3155425,709,6201372979661375,6201372983661499
"HSA_CORE_API","hsa_signal_wait_scacquire",3155425,3155425,710,6201372983661979,6201372987662102
"HSA_CORE_API","hsa_signal_wait_scacquire",3155425,3155425,711,6201372987662392,6201372991662526
"HSA_CORE_API","hsa_signal_wait_scacquire",3155425,3155425,712,6201372991663006,6201372995663129
"HSA_CORE_API","hsa_signal_wait_scacquire",3155425,3155425,713,6201372995663879,6201372999664002
"HSA_CORE_API","hsa_signal_wait_scacquire",3155425,3155425,714,6201372999664482,6201373003664626
"HSA_CORE_API","hsa_signal_wait_scacquire",3155425,3155425,715,6201373003665226,6201373007665349
"HSA_CORE_API","hsa_signal_wait_scacquire",3155425,3155425,716,6201373007665649,6201373011665772
"HSA_CORE_API","hsa_signal_wait_scacquire",3155425,3155425,717,6201373011666252,6201373015666376
"HSA_CORE_API","hsa_signal_wait_scacquire",3155425,3155425,718,6201373015666676,6201373019666819
"HSA_CORE_API","hsa_signal_wait_scacquire",3155425,3155425,719,6201373019667199,6201373023667322
"HSA_CORE_API","hsa_signal_wait_scacquire",3155425,3155425,720,6201373023668022,6201373027668146
"HSA_CORE_API","hsa_signal_wait_scacquire",3155425,3155425,721,6201373027668726,6201373031668859
"HSA_CORE_API","hsa_signal_wait_scacquire",3155425,3155425,722,6201373031669379,6201373035669493
"HSA_CORE_API","hsa_signal_wait_scacquire",3155425,3155425,723,6201373035669793,6201373039669916
"HSA_CORE_API","hsa_signal_wait_scacquire",3155425,3155425,724,6201373039670976,6201373043671089
"HSA_CORE_API","hsa_signal_wait_scacquire",3155425,3155425,725,6201373043672029,6201373047672153
"HSA_CORE_API","hsa_signal_wait_scacquire",3155425,3155425,726,6201373047672453,6201373051672576
"HSA_CORE_API","hsa_signal_wait_scacquire",3155425,3155425,727,6201373051673256,6201373055673609
"HSA_CORE_API","hsa_signal_wait_scacquire",3155425,3155425,728,6201373055674609,6201373059674723
"HSA_CORE_API","hsa_signal_wait_scacquire",3155425,3155425,729,6201373059675403,6201373063675516
"HSA_CORE_API","hsa_signal_wait_scacquire",3155425,3155425,730,6201373063676046,6201373067676069
"HSA_CORE_API","hsa_signal_wait_scacquire",3155425,3155425,731,6201373067676559,6201373071676673
"HSA_CORE_API","hsa_signal_wait_scacquire",3155425,3155425,732,6201373071677153,6201373075677266
"HSA_CORE_API","hsa_signal_wait_scacquire",3155425,3155425,733,6201373075677856,6201373079677969
"HSA_CORE_API","hsa_signal_wait_scacquire",3155425,3155425,734,6201373079678469,6201373083678583
"HSA_CORE_API","hsa_signal_wait_scacquire",3155425,3155425,735,6201373083679453,6201373087679586
"HSA_CORE_API","hsa_signal_wait_scacquire",3155425,3155425,736,6201373087680166,6201373091680290
"HSA_CORE_API","hsa_signal_wait_scacquire",3155425,3155425,737,6201373091680590,6201373095680713
"HSA_CORE_API","hsa_signal_wait_scacquire",3155425,3155425,738,6201373095681393,6201373099681516
"HSA_CORE_API","hsa_signal_wait_scacquire",3155425,3155425,739,6201373099682706,6201373103682830
"HSA_CORE_API","hsa_signal_wait_scacquire",3155425,3155425,740,6201373103684060,6201373107684183
"HSA_CORE_API","hsa_signal_wait_scacquire",3155425,3155425,741,6201373107684653,6201373111684776
"HSA_CORE_API","hsa_signal_wait_scacquire",3155425,3155425,742,6201373111685276,6201373115685400
"HSA_CORE_API","hsa_signal_wait_scacquire",3155425,3155425,743,6201373115685690,6201373119685803
"HSA_CORE_API","hsa_signal_wait_scacquire",3155425,3155425,744,6201373119686293,6201373123686426
"HSA_CORE_API","hsa_signal_wait_scacquire",3155425,3155425,745,6201373123686896,6201373127687030
"HSA_CORE_API","hsa_signal_wait_scacquire",3155425,3155425,746,6201373127687500,6201373131687623
"HSA_CORE_API","hsa_signal_wait_scacquire",3155425,3155425,747,6201373131688103,6201373135688217
"HSA_CORE_API","hsa_signal_wait_scacquire",3155425,3155425,748,6201373135689466,6201373139689590
"HSA_CORE_API","hsa_signal_wait_scacquire",3155425,3155425,749,6201373139690070,6201373143690223
"HSA_CORE_API","hsa_signal_wait_scacquire",3155425,3155425,750,6201373143690533,6201373147690657
"HSA_CORE_API","hsa_signal_wait_scacquire",3155425,3155425,751,6201373147690947,6201373151691070
"HSA_CORE_API","hsa_signal_wait_scacquire",3155425,3155425,752,6201373151691550,6201373155691673
"HSA_CORE_API","hsa_signal_wait_scacquire",3155425,3155425,753,6201373155692163,6201373159692287
"HSA_CORE_API","hsa_signal_wait_scacquire",3155425,3155425,754,6201373159692757,6201373163693070
"HSA_CORE_API","hsa_signal_wait_scacquire",3155425,3155425,755,6201373163693610,6201373167693743
"HSA_CORE_API","hsa_signal_wait_scacquire",3155425,3155425,756,6201373167694213,6201373171694347
"HSA_CORE_API","hsa_signal_wait_scacquire",3155425,3155425,757,6201373171694827,6201373175694950
"HSA_CORE_API","hsa_signal_wait_scacquire",3155425,3155425,758,6201373175695430,6201373179695553
"HSA_CORE_API","hsa_signal_wait_scacquire",3155425,3155425,759,6201373179695843,6201373183695967
"HSA_CORE_API","hsa_signal_wait_scacquire",3155425,3155425,760,6201373183696437,6201373187696570
"HSA_CORE_API","hsa_signal_wait_scacquire",3155425,3155425,761,6201373187696870,6201373191696994
"HSA_CORE_API","hsa_signal_wait_scacquire",3155425,3155425,762,6201373191697284,6201373195697397
"HSA_CORE_API","hsa_signal_wait_scacquire",3155425,3155425,763,6201373195697867,6201373199697990
"HSA_CORE_API","hsa_signal_wait_scacquire",3155425,3155425,764,6201373199698470,6201373203698574
"HSA_CORE_API","hsa_signal_wait_scacquire",3155425,3155425,765,6201373203699054,6201373207699177
"HSA_CORE_API","hsa_signal_wait_scacquire",3155425,3155425,766,6201373207699657,6201373211699770
"HSA_CORE_API","hsa_signal_wait_scacquire",3155425,3155425,767,6201373211700240,6201373215700364
"HSA_CORE_API","hsa_signal_wait_scacquire",3155425,3155425,768,6201373215700834,6201373219700947
"HSA_CORE_API","hsa_signal_wait_scacquire",3155425,3155425,769,6201373219708627,6201373223708750
"HSA_CORE_API","hsa_signal_wait_scacquire",3155425,3155425,770,6201373223714240,6201373227714384
"HSA_CORE_API","hsa_signal_wait_scacquire",3155425,3155425,771,6201373227714864,6201373231714987
"HSA_CORE_API","hsa_signal_wait_scacquire",3155425,3155425,772,6201373231715477,6201373235715600
"HSA_CORE_API","hsa_signal_wait_scacquire",3155425,3155425,773,6201373235716550,6201373239716684
"HSA_CORE_API","hsa_signal_wait_scacquire",3155425,3155425,774,6201373239717384,6201373243717507
"HSA_CORE_API","hsa_signal_wait_scacquire",3155425,3155425,775,6201373243718297,6201373247718430
"HSA_CORE_API","hsa_signal_wait_scacquire",3155425,3155425,776,6201373247718920,6201373251719044
"HSA_CORE_API","hsa_signal_wait_scacquire",3155425,3155425,777,6201373251720424,6201373255720557
"HSA_CORE_API","hsa_signal_wait_scacquire",3155425,3155425,778,6201373255721037,6201373259721160
"HSA_CORE_API","hsa_signal_wait_scacquire",3155425,3155425,779,6201373259721450,6201373263721584
"HSA_CORE_API","hsa_signal_wait_scacquire",3155425,3155425,780,6201373263722064,6201373267722187
"HSA_CORE_API","hsa_signal_wait_scacquire",3155425,3155425,781,6201373267722727,6201373271722861
"HSA_CORE_API","hsa_signal_wait_scacquire",3155425,3155425,782,6201373271723171,6201373275723294
"HSA_CORE_API","hsa_signal_wait_scacquire",3155425,3155425,783,6201373275723584,6201373279723707
"HSA_CORE_API","hsa_signal_wait_scacquire",3155425,3155425,784,6201373279724187,6201373283724311
"HSA_CORE_API","hsa_signal_wait_scacquire",3155425,3155425,785,6201373283724781,6201373287724914
"HSA_CORE_API","hsa_signal_wait_scacquire",3155425,3155425,786,6201373287725214,6201373291725337
"HSA_CORE_API","hsa_signal_wait_scacquire",3155425,3155425,787,6201373291725637,6201373295725761
"HSA_CORE_API","hsa_signal_wait_scacquire",3155425,3155425,788,6201373295726251,6201373299726364
"HSA_CORE_API","hsa_signal_wait_scacquire",3155425,3155425,789,6201373299727094,6201373303727207
"HSA_CORE_API","hsa_signal_wait_scacquire",3155425,3155425,790,6201373303727687,6201373307727811
"HSA_CORE_API","hsa_signal_wait_scacquire",3155425,3155425,791,6201373307728481,6201373311728604
"HSA_CORE_API","hsa_signal_wait_scacquire",3155425,3155425,792,6201373311729074,6201373315729387
"HSA_CORE_API","hsa_signal_wait_scacquire",3155425,3155425,793,6201373315730247,6201373319730371
"HSA_CORE_API","hsa_signal_wait_scacquire",3155425,3155425,794,6201373319730841,6201373323730964
"HSA_CORE_API","hsa_signal_wait_scacquire",3155425,3155425,795,6201373323731624,6201373327731738
"HSA_CORE_API","hsa_signal_wait_scacquire",3155425,3155425,796,6201373327732208,6201373331732331
"HSA_CORE_API","hsa_signal_wait_scacquire",3155425,3155425,797,6201373331732801,6201373335732924
"HSA_CORE_API","hsa_signal_wait_scacquire",3155425,3155425,798,6201373335733584,6201373339733708
"HSA_CORE_API","hsa_signal_wait_scacquire",3155425,3155425,799,6201373339734248,6201373343734371
"HSA_CORE_API","hsa_signal_wait_scacquire",3155425,3155425,800,6201373343734851,6201373347734984
"HSA_CORE_API","hsa_signal_wait_scacquire",3155425,3155425,801,6201373347735454,6201373351735578
"HSA_CORE_API","hsa_signal_wait_scacquire",3155425,3155425,802,6201373351736058,6201373355736171
"HSA_CORE_API","hsa_signal_wait_scacquire",3155425,3155425,803,6201373355736641,6201373359736764
"HSA_CORE_API","hsa_signal_wait_scacquire",3155425,3155425,804,6201373359737064,6201373363737188
"HSA_CORE_API","hsa_signal_wait_scacquire",3155425,3155425,805,6201373363737678,6201373367737801
"HSA_CORE_API","hsa_signal_wait_scacquire",3155425,3155425,806,6201373367738861,6201373371738985
"HSA_CORE_API","hsa_signal_wait_scacquire",3155425,3155425,807,6201373371739475,6201373375739588
"HSA_CORE_API","hsa_signal_wait_scacquire",3155425,3155425,808,6201373375740068,6201373379740191
"HSA_CORE_API","hsa_signal_wait_scacquire",3155425,3155425,809,6201373379740861,6201373383740985
"HSA_CORE_API","hsa_signal_wait_scacquire",3155425,3155425,810,6201373383741465,6201373387741588
"HSA_CORE_API","hsa_signal_wait_scacquire",3155425,3155425,811,6201373387742148,6201373391742271
"HSA_CORE_API","hsa_signal_wait_scacquire",3155425,3155425,812,6201373391742571,6201373395742695
"HSA_CORE_API","hsa_signal_wait_scacquire",3155425,3155425,813,6201373395743175,6201373399743298
"HSA_CORE_API","hsa_signal_wait_scacquire",3155425,3155425,814,6201373399744198,6201373403744321
"HSA_CORE_API","hsa_signal_wait_scacquire",3155425,3155425,815,6201373403744811,6201373407744935
"HSA_CORE_API","hsa_signal_wait_scacquire",3155425,3155425,816,6201373407745415,6201373411745538
"HSA_CORE_API","hsa_signal_wait_scacquire",3155425,3155425,817,6201373411746018,6201373415746141
"HSA_CORE_API","hsa_signal_wait_scacquire",3155425,3155425,818,6201373415746621,6201373419746745
"HSA_CORE_API","hsa_signal_wait_scacquire",3155425,3155425,819,6201373419747895,6201373423748018
"HSA_CORE_API","hsa_signal_wait_scacquire",3155425,3155425,820,6201373423748498,6201373427748602
"HSA_CORE_API","hsa_signal_wait_scacquire",3155425,3155425,821,6201373427749082,6201373431749205
"HSA_CORE_API","hsa_signal_wait_scacquire",3155425,3155425,822,6201373431749685,6201373435749798
"HSA_CORE_API","hsa_signal_wait_scacquire",3155425,3155425,823,6201373435750478,6201373439750592
"HSA_CORE_API","hsa_signal_wait_scacquire",3155425,3155425,824,6201373439751082,6201373443751205
"HSA_CORE_API","hsa_signal_wait_scacquire",3155425,3155425,825,6201373443751855,6201373447751988
"HSA_CORE_API","hsa_signal_wait_scacquire",3155425,3155425,826,6201373447752478,6201373451752602
"HSA_CORE_API","hsa_signal_wait_scacquire",3155425,3155425,827,6201373451753362,6201373455753485
"HSA_CORE_API","hsa_signal_wait_scacquire",3155425,3155425,828,6201373455753975,6201373459754098
"HSA_CORE_API","hsa_signal_wait_scacquire",3155425,3155425,829,6201373459754588,6201373463754712
"HSA_CORE_API","hsa_signal_wait_scacquire",3155425,3155425,830,6201373463755202,6201373467755325
"HSA_CORE_API","hsa_signal_wait_scacquire",3155425,3155425,831,6201373467756245,6201373471756369
"HSA_CORE_API","hsa_signal_wait_scacquire",3155425,3155425,832,6201373471756859,6201373475756972
"HSA_CORE_API","hsa_signal_wait_scacquire",3155425,3155425,833,6201373475758022,6201373479758145
"HSA_CORE_API","hsa_signal_wait_scacquire",3155425,3155425,834,6201373479763245,6201373483763368
"HSA_CORE_API","hsa_signal_wait_scacquire",3155425,3155425,835,6201373483764618,6201373487764742
"HSA_CORE_API","hsa_signal_wait_scacquire",3155425,3155425,836,6201373487765042,6201373491765155
"HSA_CORE_API","hsa_signal_wait_scacquire",3155425,3155425,837,6201373491765455,6201373495765779
"HSA_CORE_API","hsa_signal_wait_scacquire",3155425,3155425,838,6201373495766249,6201373499766382
"HSA_CORE_API","hsa_signal_wait_scacquire",3155425,3155425,839,6201373499766862,6201373503766985
"HSA_CORE_API","hsa_signal_wait_scacquire",3155425,3155425,840,6201373503767285,6201373507767409
"HSA_CORE_API","hsa_signal_wait_scacquire",3155425,3155425,841,6201373507767889,6201373511768012
"HSA_CORE_API","hsa_signal_wait_scacquire",3155425,3155425,842,6201373511768502,6201373515768635
"HSA_CORE_API","hsa_signal_wait_scacquire",3155425,3155425,843,6201373515769135,6201373519769249
"HSA_CORE_API","hsa_signal_wait_scacquire",3155425,3155425,844,6201373519769729,6201373523769862
"HSA_CORE_API","hsa_signal_wait_scacquire",3155425,3155425,845,6201373523770562,6201373527770685
"HSA_CORE_API","hsa_signal_wait_scacquire",3155425,3155425,846,6201373527770985,6201373531771109
"HSA_CORE_API","hsa_signal_wait_scacquire",3155425,3155425,847,6201373531774349,6201373535774472
"HSA_CORE_API","hsa_signal_wait_scacquire",3155425,3155425,848,6201373535774952,6201373539775075
"HSA_CORE_API","hsa_signal_wait_scacquire",3155425,3155425,849,6201373539775385,6201373543775509
"HSA_CORE_API","hsa_signal_wait_scacquire",3155425,3155425,850,6201373543775989,6201373547776132
"HSA_CORE_API","hsa_signal_wait_scacquire",3155425,3155425,851,6201373547776902,6201373551777026
"HSA_CORE_API","hsa_signal_wait_scacquire",3155425,3155425,852,6201373551777516,6201373555777639
"HSA_CORE_API","hsa_signal_wait_scacquire",3155425,3155425,853,6201373555778129,6201373559778242
"HSA_CORE_API","hsa_signal_wait_scacquire",3155425,3155425,854,6201373559778722,6201373563778846
"HSA_CORE_API","hsa_signal_wait_scacquire",3155425,3155425,855,6201373563779136,6201373567779259
"HSA_CORE_API","hsa_signal_wait_scacquire",3155425,3155425,856,6201373567779739,6201373571779862
"HSA_CORE_API","hsa_signal_wait_scacquire",3155425,3155425,857,6201373571780342,6201373575780466
"HSA_CORE_API","hsa_signal_wait_scacquire",3155425,3155425,858,6201373575780946,6201373579781079
"HSA_CORE_API","hsa_signal_wait_scacquire",3155425,3155425,859,6201373579781559,6201373583781682
"HSA_CORE_API","hsa_signal_wait_scacquire",3155425,3155425,860,6201373583782162,6201373587782296
"HSA_CORE_API","hsa_signal_wait_scacquire",3155425,3155425,861,6201373587783126,6201373591783259
"HSA_CORE_API","hsa_signal_wait_scacquire",3155425,3155425,862,6201373591783549,6201373595783673
"HSA_CORE_API","hsa_signal_wait_scacquire",3155425,3155425,863,6201373595784153,6201373599784276
"HSA_CORE_API","hsa_signal_wait_scacquire",3155425,3155425,864,6201373599784566,6201373603784689
"HSA_CORE_API","hsa_signal_wait_scacquire",3155425,3155425,865,6201373603785169,6201373607785292
"HSA_CORE_API","hsa_signal_wait_scacquire",3155425,3155425,866,6201373607785772,6201373611785896
"HSA_CORE_API","hsa_signal_wait_scacquire",3155425,3155425,867,6201373611786376,6201373615786499
"HSA_CORE_API","hsa_signal_wait_scacquire",3155425,3155425,868,6201373615786979,6201373619787093
"HSA_CORE_API","hsa_signal_wait_scacquire",3155425,3155425,869,6201373619787573,6201373623787706
"HSA_CORE_API","hsa_signal_wait_scacquire",3155425,3155425,870,6201373623787996,6201373627788119
"HSA_CORE_API","hsa_signal_wait_scacquire",3155425,3155425,871,6201373627788599,6201373631788723
"HSA_CORE_API","hsa_signal_wait_scacquire",3155425,3155425,872,6201373631789193,6201373635789326
"HSA_CORE_API","hsa_signal_wait_scacquire",3155425,3155425,873,6201373635789806,6201373639789929
"HSA_CORE_API","hsa_signal_wait_scacquire",3155425,3155425,874,6201373639790409,6201373643790533
"HSA_CORE_API","hsa_signal_wait_scacquire",3155425,3155425,875,6201373643791003,6201373647791116
"HSA_CORE_API","hsa_signal_wait_scacquire",3155425,3155425,876,6201373647791786,6201373651791909
"HSA_CORE_API","hsa_signal_wait_scacquire",3155425,3155425,877,6201373651792379,6201373655792513
"HSA_CORE_API","hsa_signal_wait_scacquire",3155425,3155425,878,6201373655792993,6201373659793096
"HSA_CORE_API","hsa_signal_wait_scacquire",3155425,3155425,879,6201373659793576,6201373663793700
"HSA_CORE_API","hsa_signal_wait_scacquire",3155425,3155425,880,6201373663794170,6201373667794293
"HSA_CORE_API","hsa_signal_wait_scacquire",3155425,3155425,881,6201373667794763,6201373671794896
"HSA_CORE_API","hsa_signal_wait_scacquire",3155425,3155425,882,6201373671795186,6201373675795300
"HSA_CORE_API","hsa_signal_wait_scacquire",3155425,3155425,883,6201373675795790,6201373679795913
"HSA_CORE_API","hsa_signal_wait_scacquire",3155425,3155425,884,6201373679796393,6201373683796506
"HSA_CORE_API","hsa_signal_wait_scacquire",3155425,3155425,885,6201373683796986,6201373687797110
"HSA_CORE_API","hsa_signal_wait_scacquire",3155425,3155425,886,6201373687797410,6201373691913411
"HSA_CORE_API","hsa_signal_wait_scacquire",3155425,3155425,887,6201373691913751,6201373695913894
"HSA_CORE_API","hsa_signal_wait_scacquire",3155425,3155425,888,6201373695914324,6201373699914447
"HSA_CORE_API","hsa_signal_wait_scacquire",3155425,3155425,889,6201373699914927,6201373703915051
"HSA_CORE_API","hsa_signal_wait_scacquire",3155425,3155425,890,6201373703915531,6201373707915654
"HSA_CORE_API","hsa_signal_wait_scacquire",3155425,3155425,891,6201373707916134,6201373711916257
"HSA_CORE_API","hsa_signal_wait_scacquire",3155425,3155425,892,6201373711916737,6201373715916851
"HSA_CORE_API","hsa_signal_wait_scacquire",3155425,3155425,893,6201373715917321,6201373719917454
"HSA_CORE_API","hsa_signal_wait_scacquire",3155425,3155425,894,6201373719918104,6201373723918227
"HSA_CORE_API","hsa_signal_wait_scacquire",3155425,3155425,895,6201373723918707,6201373727918831
"HSA_CORE_API","hsa_signal_wait_scacquire",3155425,3155425,896,6201373727919311,6201373731919434
"HSA_CORE_API","hsa_signal_wait_scacquire",3155425,3155425,897,6201373731920154,6201373735920288
"HSA_CORE_API","hsa_signal_wait_scacquire",3155425,3155425,898,6201373735927747,6201373739927881
"HSA_CORE_API","hsa_signal_wait_scacquire",3155425,3155425,899,6201373739928171,6201373743928294
"HSA_CORE_API","hsa_signal_wait_scacquire",3155425,3155425,900,6201373743928784,6201373747928917
"HSA_CORE_API","hsa_signal_wait_scacquire",3155425,3155425,901,6201373747929207,6201373751929331
"HSA_CORE_API","hsa_signal_wait_scacquire",3155425,3155425,902,6201373751930011,6201373755930134
"HSA_CORE_API","hsa_signal_wait_scacquire",3155425,3155425,903,6201373755930624,6201373759930748
"HSA_CORE_API","hsa_signal_wait_scacquire",3155425,3155425,904,6201373759931228,6201373763931351
"HSA_CORE_API","hsa_signal_wait_scacquire",3155425,3155425,905,6201373763931831,6201373767931954
"HSA_CORE_API","hsa_signal_wait_scacquire",3155425,3155425,906,6201373767932434,6201373771932568
"HSA_CORE_API","hsa_signal_wait_scacquire",3155425,3155425,907,6201373771933048,6201373775933191
"HSA_CORE_API","hsa_signal_wait_scacquire",3155425,3155425,908,6201373775933681,6201373779933814
"HSA_CORE_API","hsa_signal_wait_scacquire",3155425,3155425,909,6201373779934304,6201373783934428
"HSA_CORE_API","hsa_signal_wait_scacquire",3155425,3155425,910,6201373783934908,6201373787935041
"HSA_CORE_API","hsa_signal_wait_scacquire",3155425,3155425,911,6201373787935351,6201373791935484
"HSA_CORE_API","hsa_signal_wait_scacquire",3155425,3155425,912,6201373791935774,6201373795935898
"HSA_CORE_API","hsa_signal_wait_scacquire",3155425,3155425,913,6201373795936378,6201373799936511
"HSA_CORE_API","hsa_signal_wait_scacquire",3155425,3155425,914,6201373799936991,6201373803937104
"HSA_CORE_API","hsa_signal_wait_scacquire",3155425,3155425,915,6201373803937584,6201373807937708
"HSA_CORE_API","hsa_signal_wait_scacquire",3155425,3155425,916,6201373807938198,6201373811938331
"HSA_CORE_API","hsa_signal_wait_scacquire",3155425,3155425,917,6201373811938811,6201373815938924
"HSA_CORE_API","hsa_signal_wait_scacquire",3155425,3155425,918,6201373815939404,6201373819939538
"HSA_CORE_API","hsa_signal_wait_scacquire",3155425,3155425,919,6201373819940008,6201373823940131
"HSA_CORE_API","hsa_signal_wait_scacquire",3155425,3155425,920,6201373823940431,6201373827940554
"HSA_CORE_API","hsa_signal_wait_scacquire",3155425,3155425,921,6201373827943684,6201373831943818
"HSA_CORE_API","hsa_signal_wait_scacquire",3155425,3155425,922,6201373831944118,6201373835944251
"HSA_CORE_API","hsa_signal_wait_scacquire",3155425,3155425,923,6201373835944921,6201373839945045
"HSA_CORE_API","hsa_signal_wait_scacquire",3155425,3155425,924,6201373839945525,6201373843945658
"HSA_CORE_API","hsa_signal_wait_scacquire",3155425,3155425,925,6201373843946128,6201373847946261
"HSA_CORE_API","hsa_signal_wait_scacquire",3155425,3155425,926,6201373847946831,6201373851946945
"HSA_CORE_API","hsa_signal_wait_scacquire",3155425,3155425,927,6201373851947425,6201373855947558
"HSA_CORE_API","hsa_signal_wait_scacquire",3155425,3155425,928,6201373855948028,6201373859948161
"HSA_CORE_API","hsa_signal_wait_scacquire",3155425,3155425,929,6201373859948651,6201373863948765
"HSA_CORE_API","hsa_signal_wait_scacquire",3155425,3155425,930,6201373863949245,6201373867949378
"HSA_CORE_API","hsa_signal_wait_scacquire",3155425,3155425,931,6201373867949668,6201373871949791
"HSA_CORE_API","hsa_signal_wait_scacquire",3155425,3155425,932,6201373871950271,6201373875950675
"HSA_CORE_API","hsa_signal_wait_scacquire",3155425,3155425,933,6201373875951205,6201373879951328
"HSA_CORE_API","hsa_signal_wait_scacquire",3155425,3155425,934,6201373879951808,6201373883951931
"HSA_CORE_API","hsa_signal_wait_scacquire",3155425,3155425,935,6201373883952791,6201373887952925
"HSA_CORE_API","hsa_signal_wait_scacquire",3155425,3155425,936,6201373887953215,6201373891953348
"HSA_CORE_API","hsa_signal_wait_scacquire",3155425,3155425,937,6201373891953648,6201373895953772
"HSA_CORE_API","hsa_signal_wait_scacquire",3155425,3155425,938,6201373895954252,6201373899954385
"HSA_CORE_API","hsa_signal_wait_scacquire",3155425,3155425,939,6201373899954865,6201373903955008
"HSA_CORE_API","hsa_signal_wait_scacquire",3155425,3155425,940,6201373903955478,6201373907955612
"HSA_CORE_API","hsa_signal_wait_scacquire",3155425,3155425,941,6201373907956092,6201373911956525
"HSA_CORE_API","hsa_signal_wait_scacquire",3155425,3155425,942,6201373911957525,6201373915957758
"HSA_CORE_API","hsa_signal_wait_scacquire",3155425,3155425,943,6201373915958248,6201373919958392
"HSA_CORE_API","hsa_signal_wait_scacquire",3155425,3155425,944,6201373919958872,6201373923958995
"HSA_CORE_API","hsa_signal_wait_scacquire",3155425,3155425,945,6201373923959465,6201373927959598
"HSA_CORE_API","hsa_signal_wait_scacquire",3155425,3155425,946,6201373927960408,6201373931960542
"HSA_CORE_API","hsa_signal_wait_scacquire",3155425,3155425,947,6201373931961022,6201373935961145
"HSA_CORE_API","hsa_signal_wait_scacquire",3155425,3155425,948,6201373935961915,6201373939962048
"HSA_CORE_API","hsa_signal_wait_scacquire",3155425,3155425,949,6201373939962518,6201373943962652
"HSA_CORE_API","hsa_signal_wait_scacquire",3155425,3155425,950,6201373943963132,6201373947963255
"HSA_CORE_API","hsa_signal_wait_scacquire",3155425,3155425,951,6201373947963735,6201373951963858
"HSA_CORE_API","hsa_signal_wait_scacquire",3155425,3155425,952,6201373951964338,6201373955964452
"HSA_CORE_API","hsa_signal_wait_scacquire",3155425,3155425,953,6201373955964922,6201373959965045
"HSA_CORE_API","hsa_signal_wait_scacquire",3155425,3155425,954,6201373959965615,6201373963965738
"HSA_CORE_API","hsa_signal_wait_scacquire",3155425,3155425,955,6201373963966218,6201373967966352
"HSA_CORE_API","hsa_signal_wait_scacquire",3155425,3155425,956,6201373967966822,6201373971966945
"HSA_CORE_API","hsa_signal_wait_scacquire",3155425,3155425,957,6201373971967245,6201373975967369
"HSA_CORE_API","hsa_signal_wait_scacquire",3155425,3155425,958,6201373975967849,6201373979967972
"HSA_CORE_API","hsa_signal_wait_scacquire",3155425,3155425,959,6201373979968452,6201373983968575
"HSA_CORE_API","hsa_signal_wait_scacquire",3155425,3155425,960,6201373983969045,6201373987969179
"HSA_CORE_API","hsa_signal_wait_scacquire",3155425,3155425,961,6201373988009758,6201373992009891
"HSA_CORE_API","hsa_signal_wait_scacquire",3155425,3155425,962,6201373992013471,6201373996013594
"HSA_CORE_API","hsa_signal_wait_scacquire",3155425,3155425,963,6201373996013884,6201374000014008
"HSA_CORE_API","hsa_signal_wait_scacquire",3155425,3155425,964,6201374000014508,6201374004014641
"HSA_CORE_API","hsa_signal_wait_scacquire",3155425,3155425,965,6201374004014951,6201374008015095
"HSA_CORE_API","hsa_signal_wait_scacquire",3155425,3155425,966,6201374008015575,6201374012015898
"HSA_CORE_API","hsa_signal_wait_scacquire",3155425,3155425,967,6201374012016388,6201374016016511
"HSA_CORE_API","hsa_signal_wait_scacquire",3155425,3155425,968,6201374016017001,6201374020017125
"HSA_CORE_API","hsa_signal_wait_scacquire",3155425,3155425,969,6201374020017675,6201374024017798
"HSA_CORE_API","hsa_signal_wait_scacquire",3155425,3155425,970,6201374024018288,6201374028018411
"HSA_CORE_API","hsa_signal_wait_scacquire",3155425,3155425,971,6201374028018901,6201374032019035
"HSA_CORE_API","hsa_signal_wait_scacquire",3155425,3155425,972,6201374032019515,6201374036019638
"HSA_CORE_API","hsa_signal_wait_scacquire",3155425,3155425,973,6201374036020128,6201374040020251
"HSA_CORE_API","hsa_signal_wait_scacquire",3155425,3155425,974,6201374040020741,6201374044020865
"HSA_CORE_API","hsa_signal_wait_scacquire",3155425,3155425,975,6201374044021345,6201374048021468
"HSA_CORE_API","hsa_signal_wait_scacquire",3155425,3155425,976,6201374048021958,6201374052022092
"HSA_CORE_API","hsa_signal_wait_scacquire",3155425,3155425,977,6201374052022572,6201374056022705
"HSA_CORE_API","hsa_signal_wait_scacquire",3155425,3155425,978,6201374056023195,6201374060023318
"HSA_CORE_API","hsa_signal_wait_scacquire",3155425,3155425,979,6201374060024018,6201374064024151
"HSA_CORE_API","hsa_signal_wait_scacquire",3155425,3155425,980,6201374064024441,6201374068024575
"HSA_CORE_API","hsa_signal_wait_scacquire",3155425,3155425,981,6201374068025055,6201374072025178
"HSA_CORE_API","hsa_signal_wait_scacquire",3155425,3155425,982,6201374072025668,6201374076025791
"HSA_CORE_API","hsa_signal_wait_scacquire",3155425,3155425,983,6201374076026481,6201374080026605
"HSA_CORE_API","hsa_signal_wait_scacquire",3155425,3155425,984,6201374080029245,6201374084029358
"HSA_CORE_API","hsa_signal_wait_scacquire",3155425,3155425,985,6201374084029648,6201374088029782
"HSA_CORE_API","hsa_signal_wait_scacquire",3155425,3155425,986,6201374088030092,6201374092030215
"HSA_CORE_API","hsa_signal_wait_scacquire",3155425,3155425,987,6201374092030775,6201374096030898
"HSA_CORE_API","hsa_signal_wait_scacquire",3155425,3155425,988,6201374096031378,6201374100031492
"HSA_CORE_API","hsa_signal_wait_scacquire",3155425,3155425,989,6201374100031982,6201374104032115
"HSA_CORE_API","hsa_signal_wait_scacquire",3155425,3155425,990,6201374104032495,6201374108032628
"HSA_CORE_API","hsa_signal_wait_scacquire",3155425,3155425,991,6201374108033198,6201374112033312
"HSA_CORE_API","hsa_signal_wait_scacquire",3155425,3155425,992,6201374112033792,6201374116033915
"HSA_CORE_API","hsa_signal_wait_scacquire",3155425,3155425,993,6201374116034405,6201374120034528
"HSA_CORE_API","hsa_signal_wait_scacquire",3155425,3155425,994,6201374120035008,6201374124035132
"HSA_CORE_API","hsa_signal_wait_scacquire",3155425,3155425,995,6201374124035622,6201374128035745
"HSA_CORE_API","hsa_signal_wait_scacquire",3155425,3155425,996,6201374128036235,6201374132036359
"HSA_CORE_API","hsa_signal_wait_scacquire",3155425,3155425,997,6201374132036649,6201374136036772
"HSA_CORE_API","hsa_signal_wait_scacquire",3155425,3155425,998,6201374136037252,6201374140037385
"HSA_CORE_API","hsa_signal_wait_scacquire",3155425,3155425,999,6201374140037865,6201374144037989
"HSA_CORE_API","hsa_signal_wait_scacquire",3155425,3155425,1000,6201374144038479,6201374148038602
"HSA_CORE_API","hsa_signal_wait_scacquire",3155425,3155425,1001,6201374148039092,6201374152039215
"HSA_CORE_API","hsa_signal_wait_scacquire",3155425,3155425,1002,6201374152039695,6201374156039829
"HSA_CORE_API","hsa_signal_wait_scacquire",3155425,3155425,1003,6201374156040319,6201374160040442
"HSA_CORE_API","hsa_signal_wait_scacquire",3155425,3155425,1004,6201374160040922,6201374164041045
"HSA_CORE_API","hsa_signal_wait_scacquire",3155425,3155425,1005,6201374164041535,6201374168041659
"HSA_CORE_API","hsa_signal_wait_scacquire",3155425,3155425,1006,6201374168042139,6201374172042282
"HSA_CORE_API","hsa_signal_wait_scacquire",3155425,3155425,1007,6201374172042962,6201374176043095
"HSA_CORE_API","hsa_signal_wait_scacquire",3155425,3155425,1008,6201374176043805,6201374180043919
"HSA_CORE_API","hsa_signal_wait_scacquire",3155425,3155425,1009,6201374180044409,6201374184044532
"HSA_CORE_API","hsa_signal_wait_scacquire",3155425,3155425,1010,6201374184045022,6201374188045146
"HSA_CORE_API","hsa_signal_wait_scacquire",3155425,3155425,1011,6201374188045446,6201374192045579
"HSA_CORE_API","hsa_signal_wait_scacquire",3155425,3155425,1012,6201374192045869,6201374196045992
"HSA_CORE_API","hsa_signal_wait_scacquire",3155425,3155425,1013,6201374196046472,6201374200046595
"HSA_CORE_API","hsa_signal_wait_scacquire",3155425,3155425,1014,6201374200047085,6201374204047209
"HSA_CORE_API","hsa_signal_wait_scacquire",3155425,3155425,1015,6201374204047689,6201374208047812
"HSA_CORE_API","hsa_signal_wait_scacquire",3155425,3155425,1016,6201374208048292,6201374212048416
"HSA_CORE_API","hsa_signal_wait_scacquire",3155425,3155425,1017,6201374212048896,6201374216049019
"HSA_CORE_API","hsa_signal_wait_scacquire",3155425,3155425,1018,6201374216049499,6201374220049612
"HSA_CORE_API","hsa_signal_wait_scacquire",3155425,3155425,1019,6201374220050092,6201374224050216
"HSA_CORE_API","hsa_signal_wait_scacquire",3155425,3155425,1020,6201374224050826,6201374228050949
"HSA_CORE_API","hsa_signal_wait_scacquire",3155425,3155425,1021,6201374228051429,6201374232051552
"HSA_CORE_API","hsa_signal_wait_scacquire",3155425,3155425,1022,6201374232052602,6201374236052726
"HSA_CORE_API","hsa_signal_wait_scacquire",3155425,3155425,1023,6201374236053216,6201374240053329
"HSA_CORE_API","hsa_signal_wait_scacquire",3155425,3155425,1024,6201374240054009,6201374244054122
"HSA_CORE_API","hsa_signal_wait_scacquire",3155425,3155425,1025,6201374244056632,6201374248056756
"HSA_CORE_API","hsa_signal_wait_scacquire",3155425,3155425,1026,6201374248059986,6201374252060139
"HSA_CORE_API","hsa_signal_wait_scacquire",3155425,3155425,1027,6201374252060629,6201374256060752
"HSA_CORE_API","hsa_signal_wait_scacquire",3155425,3155425,1028,6201374256061232,6201374260061356
"HSA_CORE_API","hsa_signal_wait_scacquire",3155425,3155425,1029,6201374260061836,6201374264061969
"HSA_CORE_API","hsa_signal_wait_scacquire",3155425,3155425,1030,6201374264062939,6201374268063052
"HSA_CORE_API","hsa_signal_wait_scacquire",3155425,3155425,1031,6201374268063342,6201374272063476
"HSA_CORE_API","hsa_signal_wait_scacquire",3155425,3155425,1032,6201374272064146,6201374276064269
"HSA_CORE_API","hsa_signal_wait_scacquire",3155425,3155425,1033,6201374276064949,6201374280065083
"HSA_CORE_API","hsa_signal_wait_scacquire",3155425,3155425,1034,6201374280065563,6201374284065696
"HSA_CORE_API","hsa_signal_wait_scacquire",3155425,3155425,1035,6201374284066426,6201374288066539
"HSA_CORE_API","hsa_signal_wait_scacquire",3155425,3155425,1036,6201374288066929,6201374292067063
"HSA_CORE_API","hsa_signal_wait_scacquire",3155425,3155425,1037,6201374292067553,6201374296067686
"HSA_CORE_API","hsa_signal_wait_scacquire",3155425,3155425,1038,6201374296068166,6201374300068279
"HSA_CORE_API","hsa_signal_wait_scacquire",3155425,3155425,1039,6201374300068849,6201374304068983
"HSA_CORE_API","hsa_signal_wait_scacquire",3155425,3155425,1040,6201374304069543,6201374308069676
"HSA_CORE_API","hsa_signal_wait_scacquire",3155425,3155425,1041,6201374308070156,6201374312070289
"HSA_CORE_API","hsa_signal_wait_scacquire",3155425,3155425,1042,6201374312070779,6201374316070903
"HSA_CORE_API","hsa_signal_wait_scacquire",3155425,3155425,1043,6201374316071383,6201374320071506
"HSA_CORE_API","hsa_signal_wait_scacquire",3155425,3155425,1044,6201374320071806,6201374324071930
"HSA_CORE_API","hsa_signal_wait_scacquire",3155425,3155425,1045,6201374324072410,6201374328072543
"HSA_CORE_API","hsa_signal_wait_scacquire",3155425,3155425,1046,6201374328073213,6201374332073346
"HSA_CORE_API","hsa_signal_wait_scacquire",3155425,3155425,1047,6201374332073826,6201374336073959
"HSA_CORE_API","hsa_signal_wait_scacquire",3155425,3155425,1048,6201374336074439,6201374340074563
"HSA_CORE_API","hsa_signal_wait_scacquire",3155425,3155425,1049,6201374340075053,6201374344075166
"HSA_CORE_API","hsa_signal_wait_scacquire",3155425,3155425,1050,6201374344075656,6201374348075780
"HSA_CORE_API","hsa_signal_wait_scacquire",3155425,3155425,1051,6201374348076259,6201374352076393
"HSA_CORE_API","hsa_signal_wait_scacquire",3155425,3155425,1052,6201374352076883,6201374356077016
"HSA_CORE_API","hsa_signal_wait_scacquire",3155425,3155425,1053,6201374356077616,6201374360077740
"HSA_CORE_API","hsa_signal_wait_scacquire",3155425,3155425,1054,6201374360078230,6201374364078363
"HSA_CORE_API","hsa_signal_wait_scacquire",3155425,3155425,1055,6201374364078843,6201374368078966
"HSA_CORE_API","hsa_signal_wait_scacquire",3155425,3155425,1056,6201374368079456,6201374372079580
"HSA_CORE_API","hsa_signal_wait_scacquire",3155425,3155425,1057,6201374372080070,6201374376080193
"HSA_CORE_API","hsa_signal_wait_scacquire",3155425,3155425,1058,6201374376080683,6201374380080816
"HSA_CORE_API","hsa_signal_wait_scacquire",3155425,3155425,1059,6201374380084656,6201374384084780
"HSA_CORE_API","hsa_signal_wait_scacquire",3155425,3155425,1060,6201374384085070,6201374388085193
"HSA_CORE_API","hsa_signal_wait_scacquire",3155425,3155425,1061,6201374388085893,6201374392086026
"HSA_CORE_API","hsa_signal_wait_scacquire",3155425,3155425,1062,6201374392086516,6201374396086640
"HSA_CORE_API","hsa_signal_wait_scacquire",3155425,3155425,1063,6201374396087350,6201374400087483
"HSA_CORE_API","hsa_signal_wait_scacquire",3155425,3155425,1064,6201374400087773,6201374404087896
"HSA_CORE_API","hsa_signal_wait_scacquire",3155425,3155425,1065,6201374404088576,6201374408088710
"HSA_CORE_API","hsa_signal_wait_scacquire",3155425,3155425,1066,6201374408089200,6201374412089333
"HSA_CORE_API","hsa_signal_wait_scacquire",3155425,3155425,1067,6201374412090043,6201374416090167
"HSA_CORE_API","hsa_signal_wait_scacquire",3155425,3155425,1068,6201374416090647,6201374420090800
"HSA_CORE_API","hsa_signal_wait_scacquire",3155425,3155425,1069,6201374420091300,6201374424091243
"HSA_CORE_API","hsa_signal_wait_scacquire",3155425,3155425,1070,6201374424091553,6201374428091467
"HSA_CORE_API","hsa_signal_wait_scacquire",3155425,3155425,1071,6201374428091987,6201374432091920
"HSA_CORE_API","hsa_signal_wait_scacquire",3155425,3155425,1072,6201374432092210,6201374436092143
"HSA_CORE_API","hsa_signal_wait_scacquire",3155425,3155425,1073,6201374436092433,6201374440092367
"HSA_CORE_API","hsa_signal_wait_scacquire",3155425,3155425,1074,6201374440093207,6201374444093120
"HSA_CORE_API","hsa_signal_wait_scacquire",3155425,3155425,1075,6201374444093410,6201374448093333
"HSA_CORE_API","hsa_signal_wait_scacquire",3155425,3155425,1076,6201374448093623,6201374452093557
"HSA_CORE_API","hsa_signal_wait_scacquire",3155425,3155425,1077,6201374452093847,6201374456093780
"HSA_CORE_API","hsa_signal_wait_scacquire",3155425,3155425,1078,6201374456094070,6201374460093994
"HSA_CORE_API","hsa_signal_wait_scacquire",3155425,3155425,1079,6201374460094294,6201374464094217
"HSA_CORE_API","hsa_signal_wait_scacquire",3155425,3155425,1080,6201374464095067,6201374468095000
"HSA_CORE_API","hsa_signal_wait_scacquire",3155425,3155425,1081,6201374468095470,6201374472095393
"HSA_CORE_API","hsa_signal_wait_scacquire",3155425,3155425,1082,6201374472095683,6201374476095607
"HSA_CORE_API","hsa_signal_wait_scacquire",3155425,3155425,1083,6201374476095897,6201374480095840
"HSA_CORE_API","hsa_signal_wait_scacquire",3155425,3155425,1084,6201374480096130,6201374484096094
"HSA_CORE_API","hsa_signal_wait_scacquire",3155425,3155425,1085,6201374484096404,6201374488096387
"HSA_CORE_API","hsa_signal_wait_scacquire",3155425,3155425,1086,6201374488096687,6201374492096650
"HSA_CORE_API","hsa_signal_wait_scacquire",3155425,3155425,1087,6201374492096960,6201374496096904
"HSA_CORE_API","hsa_signal_wait_scacquire",3155425,3155425,1088,6201374496097404,6201374500097327
"HSA_CORE_API","hsa_signal_wait_scacquire",3155425,3155425,1089,6201374500097867,6201374504097800
"HSA_CORE_API","hsa_signal_wait_scacquire",3155425,3155425,1090,6201374504102440,6201374508102564
"HSA_CORE_API","hsa_signal_wait_scacquire",3155425,3155425,1091,6201374508102854,6201374512102777
"HSA_CORE_API","hsa_signal_wait_scacquire",3155425,3155425,1092,6201374512103067,6201374516103000
"HSA_CORE_API","hsa_signal_wait_scacquire",3155425,3155425,1093,6201374516103300,6201374520103234
"HSA_CORE_API","hsa_signal_wait_scacquire",3155425,3155425,1094,6201374520103524,6201374524103467
"HSA_CORE_API","hsa_signal_wait_scacquire",3155425,3155425,1095,6201374524103757,6201374528103691
"HSA_CORE_API","hsa_signal_wait_scacquire",3155425,3155425,1096,6201374528103981,6201374532103914
"HSA_CORE_API","hsa_signal_wait_scacquire",3155425,3155425,1097,6201374532104214,6201374536104147
"HSA_CORE_API","hsa_signal_wait_scacquire",3155425,3155425,1098,6201374536104437,6201374540104361
"HSA_CORE_API","hsa_signal_wait_scacquire",3155425,3155425,1099,6201374540104651,6201374544104584
"HSA_CORE_API","hsa_signal_wait_scacquire",3155425,3155425,1100,6201374544104884,6201374548104817
"HSA_CORE_API","hsa_signal_wait_scacquire",3155425,3155425,1101,6201374548105297,6201374552105231
"HSA_CORE_API","hsa_signal_wait_scacquire",3155425,3155425,1102,6201374552105521,6201374556105444
"HSA_CORE_API","hsa_signal_wait_scacquire",3155425,3155425,1103,6201374556105744,6201374560105678
"HSA_CORE_API","hsa_signal_wait_scacquire",3155425,3155425,1104,6201374560105968,6201374564105891
"HSA_CORE_API","hsa_signal_wait_scacquire",3155425,3155425,1105,6201374564106191,6201374568106114
"HSA_CORE_API","hsa_signal_wait_scacquire",3155425,3155425,1106,6201374568106404,6201374572106338
"HSA_CORE_API","hsa_signal_wait_scacquire",3155425,3155425,1107,6201374572106628,6201374576106751
"HSA_CORE_API","hsa_signal_wait_scacquire",3155425,3155425,1108,6201374576107241,6201374580107174
"HSA_CORE_API","hsa_signal_wait_scacquire",3155425,3155425,1109,6201374580107464,6201374584107398
"HSA_CORE_API","hsa_signal_wait_scacquire",3155425,3155425,1110,6201374584107688,6201374588107621
"HSA_CORE_API","hsa_signal_wait_scacquire",3155425,3155425,1111,6201374588107921,6201374592107844
"HSA_CORE_API","hsa_signal_wait_scacquire",3155425,3155425,1112,6201374592108134,6201374596108068
"HSA_CORE_API","hsa_signal_wait_scacquire",3155425,3155425,1113,6201374596108358,6201374600108291
"HSA_CORE_API","hsa_signal_wait_scacquire",3155425,3155425,1114,6201374600108581,6201374604108514
"HSA_CORE_API","hsa_signal_wait_scacquire",3155425,3155425,1115,6201374604108804,6201374608108738
"HSA_CORE_API","hsa_signal_wait_scacquire",3155425,3155425,1116,6201374608109038,6201374612109161
"HSA_CORE_API","hsa_signal_wait_scacquire",3155425,3155425,1117,6201374612110321,6201374616110244
"HSA_CORE_API","hsa_signal_wait_scacquire",3155425,3155425,1118,6201374616110534,6201374620110458
"HSA_CORE_API","hsa_signal_wait_scacquire",3155425,3155425,1119,6201374620110758,6201374624110681
"HSA_CORE_API","hsa_signal_wait_scacquire",3155425,3155425,1120,6201374624110981,6201374628110905
"HSA_CORE_API","hsa_signal_wait_scacquire",3155425,3155425,1121,6201374628111195,6201374632111128
"HSA_CORE_API","hsa_signal_wait_scacquire",3155425,3155425,1122,6201374632111418,6201374636111341
"HSA_CORE_API","hsa_signal_wait_scacquire",3155425,3155425,1123,6201374636111631,6201374640111565
"HSA_CORE_API","hsa_signal_wait_scacquire",3155425,3155425,1124,6201374640111855,6201374644111778
"HSA_CORE_API","hsa_signal_wait_scacquire",3155425,3155425,1125,6201374644112068,6201374648112001
"HSA_CORE_API","hsa_signal_wait_scacquire",3155425,3155425,1126,6201374648112301,6201374652112215
"HSA_CORE_API","hsa_signal_wait_scacquire",3155425,3155425,1127,6201374652112505,6201374656112428
"HSA_CORE_API","hsa_signal_wait_scacquire",3155425,3155425,1128,6201374656112728,6201374660112662
"HSA_CORE_API","hsa_signal_wait_scacquire",3155425,3155425,1129,6201374660113012,6201374664112955
"HSA_CORE_API","hsa_signal_wait_scacquire",3155425,3155425,1130,6201374664113255,6201374668113178
"HSA_CORE_API","hsa_signal_wait_scacquire",3155425,3155425,1131,6201374668113478,6201374672113412
"HSA_CORE_API","hsa_signal_wait_scacquire",3155425,3155425,1132,6201374672113702,6201374676113615
"HSA_CORE_API","hsa_signal_wait_scacquire",3155425,3155425,1133,6201374676113915,6201374680113838
"HSA_CORE_API","hsa_signal_wait_scacquire",3155425,3155425,1134,6201374680114138,6201374684114062
"HSA_CORE_API","hsa_signal_wait_scacquire",3155425,3155425,1135,6201374684114362,6201374688114295
"HSA_CORE_API","hsa_signal_wait_scacquire",3155425,3155425,1136,6201374688114595,6201374692114518
"HSA_CORE_API","hsa_signal_wait_scacquire",3155425,3155425,1137,6201374692114818,6201374696114752
"HSA_CORE_API","hsa_signal_wait_scacquire",3155425,3155425,1138,6201374696115042,6201374700114975
"HSA_CORE_API","hsa_signal_wait_scacquire",3155425,3155425,1139,6201374700115265,6201374704115188
"HSA_CORE_API","hsa_signal_wait_scacquire",3155425,3155425,1140,6201374704115478,6201374708115412
"HSA_CORE_API","hsa_signal_wait_scacquire",3155425,3155425,1141,6201374708115702,6201374712115635
"HSA_CORE_API","hsa_signal_wait_scacquire",3155425,3155425,1142,6201374712115925,6201374716115849
"HSA_CORE_API","hsa_signal_wait_scacquire",3155425,3155425,1143,6201374716116149,6201374720116072
"HSA_CORE_API","hsa_signal_wait_scacquire",3155425,3155425,1144,6201374720116372,6201374724116295
"HSA_CORE_API","hsa_signal_wait_scacquire",3155425,3155425,1145,6201374724117205,6201374728117129
"HSA_CORE_API","hsa_signal_wait_scacquire",3155425,3155425,1146,6201374728121239,6201374732121162
"HSA_CORE_API","hsa_signal_wait_scacquire",3155425,3155425,1147,6201374732121452,6201374736121385
"HSA_CORE_API","hsa_signal_wait_scacquire",3155425,3155425,1148,6201374736121675,6201374740121599
"HSA_CORE_API","hsa_signal_wait_scacquire",3155425,3155425,1149,6201374740121889,6201374744121812
"HSA_CORE_API","hsa_signal_wait_scacquire",3155425,3155425,1150,6201374744122492,6201374748122615
"HSA_CORE_API","hsa_signal_wait_scacquire",3155425,3155425,1151,6201374748123105,6201374752123039
"HSA_CORE_API","hsa_signal_wait_scacquire",3155425,3155425,1152,6201374752123429,6201374756123362
"HSA_CORE_API","hsa_signal_wait_scacquire",3155425,3155425,1153,6201374756123972,6201374760123905
"HSA_CORE_API","hsa_signal_wait_scacquire",3155425,3155425,1154,6201374760126345,6201374764126269
"HSA_CORE_API","hsa_signal_wait_scacquire",3155425,3155425,1155,6201374764126569,6201374768126492
"HSA_CORE_API","hsa_signal_wait_scacquire",3155425,3155425,1156,6201374768126792,6201374772126725
"HSA_CORE_API","hsa_signal_wait_scacquire",3155425,3155425,1157,6201374772127015,6201374776126949
"HSA_CORE_API","hsa_signal_wait_scacquire",3155425,3155425,1158,6201374776127249,6201374780127182
"HSA_CORE_API","hsa_signal_wait_scacquire",3155425,3155425,1159,6201374780127472,6201374784127405
"HSA_CORE_API","hsa_signal_wait_scacquire",3155425,3155425,1160,6201374784127695,6201374788127629
"HSA_CORE_API","hsa_signal_wait_scacquire",3155425,3155425,1161,6201374788127929,6201374792127852
"HSA_CORE_API","hsa_signal_wait_scacquire",3155425,3155425,1162,6201374792128142,6201374796128056
"HSA_CORE_API","hsa_signal_wait_scacquire",3155425,3155425,1163,6201374796128356,6201374800128289
"HSA_CORE_API","hsa_signal_wait_scacquire",3155425,3155425,1164,6201374800128579,6201374804128512
"HSA_CORE_API","hsa_signal_wait_scacquire",3155425,3155425,1165,6201374804128812,6201374808128746
"HSA_CORE_API","hsa_signal_wait_scacquire",3155425,3155425,1166,6201374808129036,6201374812128959
"HSA_CORE_API","hsa_signal_wait_scacquire",3155425,3155425,1167,6201374812129259,6201374816129192
"HSA_CORE_API","hsa_signal_wait_scacquire",3155425,3155425,1168,6201374816129492,6201374820129416
"HSA_CORE_API","hsa_signal_wait_scacquire",3155425,3155425,1169,6201374820129716,6201374824129639
"HSA_CORE_API","hsa_signal_wait_scacquire",3155425,3155425,1170,6201374824129929,6201374828129852
"HSA_CORE_API","hsa_signal_wait_scacquire",3155425,3155425,1171,6201374828130142,6201374832130076
"HSA_CORE_API","hsa_signal_wait_scacquire",3155425,3155425,1172,6201374832130386,6201374836130309
"HSA_CORE_API","hsa_signal_wait_scacquire",3155425,3155425,1173,6201374836130609,6201374840130532
"HSA_CORE_API","hsa_signal_wait_scacquire",3155425,3155425,1174,6201374840130832,6201374844130956
"HSA_CORE_API","hsa_signal_wait_scacquire",3155425,3155425,1175,6201374844131436,6201374848131379
"HSA_CORE_API","hsa_signal_wait_scacquire",3155425,3155425,1176,6201374848131669,6201374852131603
"HSA_CORE_API","hsa_signal_wait_scacquire",3155425,3155425,1177,6201374852131903,6201374856131826
"HSA_CORE_API","hsa_signal_wait_scacquire",3155425,3155425,1178,6201374856132126,6201374860132059
"HSA_CORE_API","hsa_signal_wait_scacquire",3155425,3155425,1179,6201374860132349,6201374864132263
"HSA_CORE_API","hsa_signal_wait_scacquire",3155425,3155425,1180,6201374864132563,6201374868132686
"HSA_CORE_API","hsa_signal_wait_scacquire",3155425,3155425,1181,6201374868133176,6201374872133099
"HSA_CORE_API","hsa_signal_wait_scacquire",3155425,3155425,1182,6201374872133389,6201374876133323
"HSA_CORE_API","hsa_signal_wait_scacquire",3155425,3155425,1183,6201374876133613,6201374880133556
"HSA_CORE_API","hsa_signal_wait_scacquire",3155425,3155425,1184,6201374880133846,6201374884133769
"HSA_CORE_API","hsa_signal_wait_scacquire",3155425,3155425,1185,6201374884134059,6201374888133993
"HSA_CORE_API","hsa_signal_wait_scacquire",3155425,3155425,1186,6201374888134293,6201374892134216
"HSA_CORE_API","hsa_signal_wait_scacquire",3155425,3155425,1187,6201374892134506,6201374896134440
"HSA_CORE_API","hsa_signal_wait_scacquire",3155425,3155425,1188,6201374896134730,6201374900134653
"HSA_CORE_API","hsa_signal_wait_scacquire",3155425,3155425,1189,6201374900134953,6201374904134876
"HSA_CORE_API","hsa_signal_wait_scacquire",3155425,3155425,1190,6201374904135166,6201374908135109
"HSA_CORE_API","hsa_signal_wait_scacquire",3155425,3155425,1191,6201374908135399,6201374912135323
"HSA_CORE_API","hsa_signal_wait_scacquire",3155425,3155425,1192,6201374912135623,6201374916135536
"HSA_CORE_API","hsa_signal_wait_scacquire",3155425,3155425,1193,6201374916135836,6201374920135770
"HSA_CORE_API","hsa_signal_wait_scacquire",3155425,3155425,1194,6201374920136060,6201374924135983
"HSA_CORE_API","hsa_signal_wait_scacquire",3155425,3155425,1195,6201374924136283,6201374928136216
"HSA_CORE_API","hsa_signal_wait_scacquire",3155425,3155425,1196,6201374928136506,6201374932136430
"HSA_CORE_API","hsa_signal_wait_scacquire",3155425,3155425,1197,6201374932136730,6201374936136653
"HSA_CORE_API","hsa_signal_wait_scacquire",3155425,3155425,1198,6201374936136953,6201374940136876
"HSA_CORE_API","hsa_signal_wait_scacquire",3155425,3155425,1199,6201374940137176,6201374944137100
"HSA_CORE_API","hsa_signal_wait_scacquire",3155425,3155425,1200,6201374944137390,6201374948137323
"HSA_CORE_API","hsa_signal_wait_scacquire",3155425,3155425,1201,6201374948137613,6201374952137547
"HSA_CORE_API","hsa_signal_wait_scacquire",3155425,3155425,1202,6201374952137837,6201374956137760
"HSA_CORE_API","hsa_signal_wait_scacquire",3155425,3155425,1203,6201374956138060,6201374960137983
"HSA_CORE_API","hsa_signal_wait_scacquire",3155425,3155425,1204,6201374960138283,6201374964138217
"HSA_CORE_API","hsa_signal_wait_scacquire",3155425,3155425,1205,6201374964138507,6201374968138430
"HSA_CORE_API","hsa_signal_wait_scacquire",3155425,3155425,1206,6201374968138730,6201374972138643
"HSA_CORE_API","hsa_signal_wait_scacquire",3155425,3155425,1207,6201374972138943,6201374976138877
"HSA_CORE_API","hsa_signal_wait_scacquire",3155425,3155425,1208,6201374976139167,6201374980139100
"HSA_CORE_API","hsa_signal_wait_scacquire",3155425,3155425,1209,6201374980139390,6201374984139323
"HSA_CORE_API","hsa_signal_wait_scacquire",3155425,3155425,1210,6201374984139613,6201374988139557
"HSA_CORE_API","hsa_signal_wait_scacquire",3155425,3155425,1211,6201374988139857,6201374992140110
"HSA_CORE_API","hsa_signal_wait_scacquire",3155425,3155425,1212,6201374992140400,6201374996140323
"HSA_CORE_API","hsa_signal_wait_scacquire",3155425,3155425,1213,6201374996140623,6201375000140557
"HSA_CORE_API","hsa_signal_wait_scacquire",3155425,3155425,1214,6201375000140867,6201375004140810
"HSA_CORE_API","hsa_signal_wait_scacquire",3155425,3155425,1215,6201375004141100,6201375008141034
"HSA_CORE_API","hsa_signal_wait_scacquire",3155425,3155425,1216,6201375008141324,6201375012141257
"HSA_CORE_API","hsa_signal_wait_scacquire",3155425,3155425,1217,6201375012143467,6201375016143390
"HSA_CORE_API","hsa_signal_wait_scacquire",3155425,3155425,1218,6201375016144540,6201375020144464
"HSA_CORE_API","hsa_signal_wait_scacquire",3155425,3155425,1219,6201375020144764,6201375024144687
"HSA_CORE_API","hsa_signal_wait_scacquire",3155425,3155425,1220,6201375024144987,6201375028144920
"HSA_CORE_API","hsa_signal_wait_scacquire",3155425,3155425,1221,6201375028145210,6201375032145144
"HSA_CORE_API","hsa_signal_wait_scacquire",3155425,3155425,1222,6201375032145434,6201375036145357
"HSA_CORE_API","hsa_signal_wait_scacquire",3155425,3155425,1223,6201375036145647,6201375040145570
"HSA_CORE_API","hsa_signal_wait_scacquire",3155425,3155425,1224,6201375040145870,6201375044145804
"HSA_CORE_API","hsa_signal_wait_scacquire",3155425,3155425,1225,6201375044146094,6201375048146027
"HSA_CORE_API","hsa_signal_wait_scacquire",3155425,3155425,1226,6201375048146317,6201375052146250
"HSA_CORE_API","hsa_signal_wait_scacquire",3155425,3155425,1227,6201375052146540,6201375056146474
"HSA_CORE_API","hsa_signal_wait_scacquire",3155425,3155425,1228,6201375056146764,6201375060146687
"HSA_CORE_API","hsa_signal_wait_scacquire",3155425,3155425,1229,6201375060146987,6201375064146920
"HSA_CORE_API","hsa_signal_wait_scacquire",3155425,3155425,1230,6201375064147210,6201375068147134
"HSA_CORE_API","hsa_signal_wait_scacquire",3155425,3155425,1231,6201375068147424,6201375072147347
"HSA_CORE_API","hsa_signal_wait_scacquire",3155425,3155425,1232,6201375072147647,6201375076147571
"HSA_CORE_API","hsa_signal_wait_scacquire",3155425,3155425,1233,6201375076147861,6201375080147794
"HSA_CORE_API","hsa_signal_wait_scacquire",3155425,3155425,1234,6201375080148084,6201375084148027
"HSA_CORE_API","hsa_signal_wait_scacquire",3155425,3155425,1235,6201375084148317,6201375088148251
"HSA_CORE_API","hsa_signal_wait_scacquire",3155425,3155425,1236,6201375088148551,6201375092148484
"HSA_CORE_API","hsa_signal_wait_scacquire",3155425,3155425,1237,6201375092148774,6201375096148907
"HSA_CORE_API","hsa_signal_wait_scacquire",3155425,3155425,1238,6201375096149387,6201375100149311
"HSA_CORE_API","hsa_signal_wait_scacquire",3155425,3155425,1239,6201375100149601,6201375104149534
"HSA_CORE_API","hsa_signal_wait_scacquire",3155425,3155425,1240,6201375104149824,6201375108149757
"HSA_CORE_API","hsa_signal_wait_scacquire",3155425,3155425,1241,6201375108150057,6201375112149981
"HSA_CORE_API","hsa_signal_wait_scacquire",3155425,3155425,1242,6201375112150271,6201375116150404
"HSA_CORE_API","hsa_signal_wait_scacquire",3155425,3155425,1243,6201375116150884,6201375120150817
"HSA_CORE_API","hsa_signal_wait_scacquire",3155425,3155425,1244,6201375120151107,6201375124151061
"HSA_CORE_API","hsa_signal_wait_scacquire",3155425,3155425,1245,6201375124151491,6201375128151464
"HSA_CORE_API","hsa_signal_wait_scacquire",3155425,3155425,1246,6201375128151764,6201375132151728
"HSA_CORE_API","hsa_signal_wait_scacquire",3155425,3155425,1247,6201375132152038,6201375136151971
"HSA_CORE_API","hsa_signal_wait_scacquire",3155425,3155425,1248,6201375136152261,6201375140152184
"HSA_CORE_API","hsa_signal_wait_scacquire",3155425,3155425,1249,6201375140152474,6201375144152408
"HSA_CORE_API","hsa_signal_wait_scacquire",3155425,3155425,1250,6201375144152708,6201375148152631
"HSA_CORE_API","hsa_signal_wait_scacquire",3155425,3155425,1251,6201375148152931,6201375152152854
"HSA_CORE_API","hsa_signal_wait_scacquire",3155425,3155425,1252,6201375152153154,6201375156153088
"HSA_CORE_API","hsa_signal_wait_scacquire",3155425,3155425,1253,6201375156153378,6201375160153301
"HSA_CORE_API","hsa_signal_wait_scacquire",3155425,3155425,1254,6201375160153591,6201375164153514
"HSA_CORE_API","hsa_signal_wait_scacquire",3155425,3155425,1255,6201375164153804,6201375168153738
"HSA_CORE_API","hsa_signal_wait_scacquire",3155425,3155425,1256,6201375168154028,6201375172153961
"HSA_CORE_API","hsa_signal_wait_scacquire",3155425,3155425,1257,6201375172154251,6201375176154175
"HSA_CORE_API","hsa_signal_wait_scacquire",3155425,3155425,1258,6201375176154475,6201375180154408
"HSA_CORE_API","hsa_signal_wait_scacquire",3155425,3155425,1259,6201375180154698,6201375184154611
"HSA_CORE_API","hsa_signal_wait_scacquire",3155425,3155425,1260,6201375184154901,6201375188155055
"HSA_CORE_API","hsa_signal_wait_scacquire",3155425,3155425,1261,6201375188155364,6201375192155288
"HSA_CORE_API","hsa_signal_wait_scacquire",3155425,3155425,1262,6201375192155588,6201375196155511
"HSA_CORE_API","hsa_signal_wait_scacquire",3155425,3155425,1263,6201375196155811,6201375200155775
"HSA_CORE_API","hsa_signal_wait_scacquire",3155425,3155425,1264,6201375200156085,6201375204156008
"HSA_CORE_API","hsa_signal_wait_scacquire",3155425,3155425,1265,6201375204156308,6201375208156241
"HSA_CORE_API","hsa_signal_wait_scacquire",3155425,3155425,1266,6201375208156531,6201375212156455
"HSA_CORE_API","hsa_signal_wait_scacquire",3155425,3155425,1267,6201375212156755,6201375216156688
"HSA_CORE_API","hsa_signal_wait_scacquire",3155425,3155425,1268,6201375216156978,6201375220156921
"HSA_CORE_API","hsa_signal_wait_scacquire",3155425,3155425,1269,6201375220157211,6201375224157135
"HSA_CORE_API","hsa_signal_wait_scacquire",3155425,3155425,1270,6201375224157435,6201375228157358
"HSA_CORE_API","hsa_signal_wait_scacquire",3155425,3155425,1271,6201375228157658,6201375232157582
"HSA_CORE_API","hsa_signal_wait_scacquire",3155425,3155425,1272,6201375232157872,6201375236157805
"HSA_CORE_API","hsa_signal_wait_scacquire",3155425,3155425,1273,6201375236158165,6201375240158088
"HSA_CORE_API","hsa_signal_wait_scacquire",3155425,3155425,1274,6201375240158388,6201375244158322
"HSA_CORE_API","hsa_signal_wait_scacquire",3155425,3155425,1275,6201375244158612,6201375248158545
"HSA_CORE_API","hsa_signal_wait_scacquire",3155425,3155425,1276,6201375248158845,6201375252158978
"HSA_CORE_API","hsa_signal_wait_scacquire",3155425,3155425,1277,6201375252159458,6201375256159372
"HSA_CORE_API","hsa_signal_wait_scacquire",3155425,3155425,1278,6201375256159662,6201375260159605
"HSA_CORE_API","hsa_signal_wait_scacquire",3155425,3155425,1279,6201375260159895,6201375264159818
"HSA_CORE_API","hsa_signal_wait_scacquire",3155425,3155425,1280,6201375264160108,6201375268160032
"HSA_CORE_API","hsa_signal_wait_scacquire",3155425,3155425,1281,6201375268160612,6201375272160545
"HSA_CORE_API","hsa_signal_wait_scacquire",3155425,3155425,1282,6201375272161815,6201375276161738
"HSA_CORE_API","hsa_signal_wait_scacquire",3155425,3155425,1283,6201375276162038,6201375280161972
"HSA_CORE_API","hsa_signal_wait_scacquire",3155425,3155425,1284,6201375280162262,6201375284162185
"HSA_CORE_API","hsa_signal_wait_scacquire",3155425,3155425,1285,6201375284162485,6201375288162429
"HSA_CORE_API","hsa_signal_wait_scacquire",3155425,3155425,1286,6201375288162729,6201375292162652
"HSA_CORE_API","hsa_signal_wait_scacquire",3155425,3155425,1287,6201375292163782,6201375296163705
"HSA_CORE_API","hsa_signal_wait_scacquire",3155425,3155425,1288,6201375296163995,6201375300163929
"HSA_CORE_API","hsa_signal_wait_scacquire",3155425,3155425,1289,6201375300164209,6201375304164142
"HSA_CORE_API","hsa_signal_wait_scacquire",3155425,3155425,1290,6201375304164432,6201375308164365
"HSA_CORE_API","hsa_signal_wait_scacquire",3155425,3155425,1291,6201375308164655,6201375312164579
"HSA_CORE_API","hsa_signal_wait_scacquire",3155425,3155425,1292,6201375312164879,6201375316164812
"HSA_CORE_API","hsa_signal_wait_scacquire",3155425,3155425,1293,6201375316165112,6201375320165225
"HSA_CORE_API","hsa_signal_wait_scacquire",3155425,3155425,1294,6201375320165705,6201375324165629
"HSA_CORE_API","hsa_signal_wait_scacquire",3155425,3155425,1295,6201375324165929,6201375328165852
"HSA_CORE_API","hsa_signal_wait_scacquire",3155425,3155425,1296,6201375328166152,6201375332166075
"HSA_CORE_API","hsa_signal_wait_scacquire",3155425,3155425,1297,6201375332166375,6201375336166299
"HSA_CORE_API","hsa_signal_wait_scacquire",3155425,3155425,1298,6201375336166599,6201375340166522
"HSA_CORE_API","hsa_signal_wait_scacquire",3155425,3155425,1299,6201375340166812,6201375344166935
"HSA_CORE_API","hsa_signal_wait_scacquire",3155425,3155425,1300,6201375344167425,6201375348167359
"HSA_CORE_API","hsa_signal_wait_scacquire",3155425,3155425,1301,6201375348167649,6201375352167572
"HSA_CORE_API","hsa_signal_wait_scacquire",3155425,3155425,1302,6201375352167862,6201375356167806
"HSA_CORE_API","hsa_signal_wait_scacquire",3155425,3155425,1303,6201375356168096,6201375360168029
"HSA_CORE_API","hsa_signal_wait_scacquire",3155425,3155425,1304,6201375360168319,6201375364168242
"HSA_CORE_API","hsa_signal_wait_scacquire",3155425,3155425,1305,6201375364168532,6201375368168666
"HSA_CORE_API","hsa_signal_wait_scacquire",3155425,3155425,1306,6201375368169146,6201375372169079
"HSA_CORE_API","hsa_signal_wait_scacquire",3155425,3155425,1307,6201375372169369,6201375376169492
"HSA_CORE_API","hsa_signal_wait_scacquire",3155425,3155425,1308,6201375376169972,6201375380169896
"HSA_CORE_API","hsa_signal_wait_scacquire",3155425,3155425,1309,6201375380170186,6201375384170119
"HSA_CORE_API","hsa_signal_wait_scacquire",3155425,3155425,1310,6201375384170409,6201375388170352
"HSA_CORE_API","hsa_signal_wait_scacquire",3155425,3155425,1311,6201375388170652,6201375392170586
"HSA_CORE_API","hsa_signal_wait_scacquire",3155425,3155425,1312,6201375392170876,6201375396170799
"HSA_CORE_API","hsa_signal_wait_scacquire",3155425,3155425,1313,6201375396171089,6201375400171012
"HSA_CORE_API","hsa_signal_wait_scacquire",3155425,3155425,1314,6201375400171312,6201375404171246
"HSA_CORE_API","hsa_signal_wait_scacquire",3155425,3155425,1315,6201375404171536,6201375408171479
"HSA_CORE_API","hsa_signal_wait_scacquire",3155425,3155425,1316,6201375408171769,6201375412171703
"HSA_CORE_API","hsa_signal_wait_scacquire",3155425,3155425,1317,6201375412171993,6201375416171906
"HSA_CORE_API","hsa_signal_wait_scacquire",3155425,3155425,1318,6201375416172196,6201375420172129
"HSA_CORE_API","hsa_signal_wait_scacquire",3155425,3155425,1319,6201375420172419,6201375424172353
"HSA_CORE_API","hsa_signal_wait_scacquire",3155425,3155425,1320,6201375424172643,6201375428172576
"HSA_CORE_API","hsa_signal_wait_scacquire",3155425,3155425,1321,6201375428172896,6201375432172839
"HSA_CORE_API","hsa_signal_wait_scacquire",3155425,3155425,1322,6201375432173149,6201375436173073
"HSA_CORE_API","hsa_signal_wait_scacquire",3155425,3155425,1323,6201375436173373,6201375440173306
"HSA_CORE_API","hsa_signal_wait_scacquire",3155425,3155425,1324,6201375440173596,6201375444173529
"HSA_CORE_API","hsa_signal_wait_scacquire",3155425,3155425,1325,6201375444173819,6201375448173753
"HSA_CORE_API","hsa_signal_wait_scacquire",3155425,3155425,1326,6201375448174053,6201375452173986
"HSA_CORE_API","hsa_signal_wait_scacquire",3155425,3155425,1327,6201375452174276,6201375456174200
"HSA_CORE_API","hsa_signal_wait_scacquire",3155425,3155425,1328,6201375456174500,6201375460174433
"HSA_CORE_API","hsa_signal_wait_scacquire",3155425,3155425,1329,6201375460174793,6201375464174716
"HSA_CORE_API","hsa_signal_wait_scacquire",3155425,3155425,1330,6201375464175016,6201375468174940
"HSA_CORE_API","hsa_signal_wait_scacquire",3155425,3155425,1331,6201375468175230,6201375472175153
"HSA_CORE_API","hsa_signal_wait_scacquire",3155425,3155425,1332,6201375472175453,6201375476175376
"HSA_CORE_API","hsa_signal_wait_scacquire",3155425,3155425,1333,6201375476175666,6201375480175600
"HSA_CORE_API","hsa_signal_wait_scacquire",3155425,3155425,1334,6201375480175890,6201375484175823
"HSA_CORE_API","hsa_signal_wait_scacquire",3155425,3155425,1335,6201375484176103,6201375488176046
"HSA_CORE_API","hsa_signal_wait_scacquire",3155425,3155425,1336,6201375488176336,6201375492176260
"HSA_CORE_API","hsa_signal_wait_scacquire",3155425,3155425,1337,6201375492176800,6201375496176733
"HSA_CORE_API","hsa_signal_wait_scacquire",3155425,3155425,1338,6201375496177023,6201375500176946
"HSA_CORE_API","hsa_signal_wait_scacquire",3155425,3155425,1339,6201375500177246,6201375504177370
"HSA_CORE_API","hsa_signal_wait_scacquire",3155425,3155425,1340,6201375504177850,6201375508178003
"HSA_CORE_API","hsa_signal_wait_scacquire",3155425,3155425,1341,6201375508178313,6201375512178247
"HSA_CORE_API","hsa_signal_wait_scacquire",3155425,3155425,1342,6201375512178547,6201375516178470
"HSA_CORE_API","hsa_signal_wait_scacquire",3155425,3155425,1343,6201375516178760,6201375520178693
"HSA_CORE_API","hsa_signal_wait_scacquire",3155425,3155425,1344,6201375520178983,6201375524178917
"HSA_CORE_API","hsa_signal_wait_scacquire",3155425,3155425,1345,6201375524179437,6201375528179370
"HSA_CORE_API","hsa_signal_wait_scacquire",3155425,3155425,1346,6201375528180640,6201375532180563
"HSA_CORE_API","hsa_signal_wait_scacquire",3155425,3155425,1347,6201375532180853,6201375536180797
"HSA_CORE_API","hsa_signal_wait_scacquire",3155425,3155425,1348,6201375536181087,6201375540181020
"HSA_CORE_API","hsa_signal_wait_scacquire",3155425,3155425,1349,6201375540181310,6201375544181233
"HSA_CORE_API","hsa_signal_wait_scacquire",3155425,3155425,1350,6201375544181523,6201375548181457
"HSA_CORE_API","hsa_signal_wait_scacquire",3155425,3155425,1351,6201375548181747,6201375552181670
"HSA_CORE_API","hsa_signal_wait_scacquire",3155425,3155425,1352,6201375552181970,6201375556181893
"HSA_CORE_API","hsa_signal_wait_scacquire",3155425,3155425,1353,6201375556182243,6201375560182187
"HSA_CORE_API","hsa_signal_wait_scacquire",3155425,3155425,1354,6201375560182477,6201375564182410
"HSA_CORE_API","hsa_signal_wait_scacquire",3155425,3155425,1355,6201375564182700,6201375568182634
"HSA_CORE_API","hsa_signal_wait_scacquire",3155425,3155425,1356,6201375568182934,6201375572182887
"HSA_CORE_API","hsa_signal_wait_scacquire",3155425,3155425,1357,6201375572183187,6201375576183340
"HSA_CORE_API","hsa_signal_wait_scacquire",3155425,3155425,1358,6201375576183640,6201375580183564
"HSA_CORE_API","hsa_signal_wait_scacquire",3155425,3155425,1359,6201375580183844,6201375584183777
"HSA_CORE_API","hsa_signal_wait_scacquire",3155425,3155425,1360,6201375584184077,6201375588184010
"HSA_CORE_API","hsa_signal_wait_scacquire",3155425,3155425,1361,6201375588184300,6201375592184254
"HSA_CORE_API","hsa_signal_wait_scacquire",3155425,3155425,1362,6201375592185224,6201375596185157
"HSA_CORE_API","hsa_signal_wait_scacquire",3155425,3155425,1363,6201375596185447,6201375600185370
"HSA_CORE_API","hsa_signal_wait_scacquire",3155425,3155425,1364,6201375600185660,6201375604185594
"HSA_CORE_API","hsa_signal_wait_scacquire",3155425,3155425,1365,6201375604185884,6201375608185817
"HSA_CORE_API","hsa_signal_wait_scacquire",3155425,3155425,1366,6201375608186107,6201375612186050
"HSA_CORE_API","hsa_signal_wait_scacquire",3155425,3155425,1367,6201375612186350,6201375616186474
"HSA_CORE_API","hsa_signal_wait_scacquire",3155425,3155425,1368,6201375616186964,6201375620186887
"HSA_CORE_API","hsa_signal_wait_scacquire",3155425,3155425,1369,6201375620187177,6201375624187300
"HSA_CORE_API","hsa_signal_wait_scacquire",3155425,3155425,1370,6201375624187780,6201375628187714
"HSA_CORE_API","hsa_signal_wait_scacquire",3155425,3155425,1371,6201375628188014,6201375632187947
"HSA_CORE_API","hsa_signal_wait_scacquire",3155425,3155425,1372,6201375632188237,6201375636188171
"HSA_CORE_API","hsa_signal_wait_scacquire",3155425,3155425,1373,6201375636188461,6201375640188384
"HSA_CORE_API","hsa_signal_wait_scacquire",3155425,3155425,1374,6201375640188674,6201375644188617
"HSA_CORE_API","hsa_signal_wait_scacquire",3155425,3155425,1375,6201375644188907,6201375648189031
"HSA_CORE_API","hsa_signal_wait_scacquire",3155425,3155425,1376,6201375648189511,6201375652189434
"HSA_CORE_API","hsa_signal_wait_scacquire",3155425,3155425,1377,6201375652189804,6201375656189737
"HSA_CORE_API","hsa_signal_wait_scacquire",3155425,3155425,1378,6201375656190037,6201375660189971
"HSA_CORE_API","hsa_signal_wait_scacquire",3155425,3155425,1379,6201375660190261,6201375664190194
"HSA_CORE_API","hsa_signal_wait_scacquire",3155425,3155425,1380,6201375664190484,6201375668190417
"HSA_CORE_API","hsa_signal_wait_scacquire",3155425,3155425,1381,6201375668190707,6201375672190641
"HSA_CORE_API","hsa_signal_wait_scacquire",3155425,3155425,1382,6201375672190931,6201375676190864
"HSA_CORE_API","hsa_signal_wait_scacquire",3155425,3155425,1383,6201375676191164,6201375680191097
"HSA_CORE_API","hsa_signal_wait_scacquire",3155425,3155425,1384,6201375680191387,6201375684191501
"HSA_CORE_API","hsa_signal_wait_scacquire",3155425,3155425,1385,6201375684191991,6201375688191924
"HSA_CORE_API","hsa_signal_wait_scacquire",3155425,3155425,1386,6201375688192224,6201375692192158
"HSA_CORE_API","hsa_signal_wait_scacquire",3155425,3155425,1387,6201375692192448,6201375696192371
"HSA_CORE_API","hsa_signal_wait_scacquire",3155425,3155425,1388,6201375696192661,6201375700192604
"HSA_CORE_API","hsa_signal_wait_scacquire",3155425,3155425,1389,6201375700192894,6201375704192828
"HSA_CORE_API","hsa_signal_wait_scacquire",3155425,3155425,1390,6201375704193118,6201375708193051
"HSA_CORE_API","hsa_signal_wait_scacquire",3155425,3155425,1391,6201375708193341,6201375712193254
"HSA_CORE_API","hsa_signal_wait_scacquire",3155425,3155425,1392,6201375712193544,6201375716193478
"HSA_CORE_API","hsa_signal_wait_scacquire",3155425,3155425,1393,6201375716193768,6201375720193691
"HSA_CORE_API","hsa_signal_wait_scacquire",3155425,3155425,1394,6201375720193991,6201375724193924
"HSA_CORE_API","hsa_signal_wait_scacquire",3155425,3155425,1395,6201375724194214,6201375728194148
"HSA_CORE_API","hsa_signal_wait_scacquire",3155425,3155425,1396,6201375728194448,6201375732194371
"HSA_CORE_API","hsa_signal_wait_scacquire",3155425,3155425,1397,6201375732194671,6201375736194604
"HSA_CORE_API","hsa_signal_wait_scacquire",3155425,3155425,1398,6201375736194894,6201375740194818
"HSA_CORE_API","hsa_signal_wait_scacquire",3155425,3155425,1399,6201375740195118,6201375744195041
"HSA_CORE_API","hsa_signal_wait_scacquire",3155425,3155425,1400,6201375744195341,6201375748195274
"HSA_CORE_API","hsa_signal_wait_scacquire",3155425,3155425,1401,6201375748195564,6201375752195488
"HSA_CORE_API","hsa_signal_wait_scacquire",3155425,3155425,1402,6201375752195788,6201375756195721
"HSA_CORE_API","hsa_signal_wait_scacquire",3155425,3155425,1403,6201375756196011,6201375760196135
"HSA_CORE_API","hsa_signal_wait_scacquire",3155425,3155425,1404,6201375760196615,6201375764196528
"HSA_CORE_API","hsa_signal_wait_scacquire",3155425,3155425,1405,6201375764196818,6201375768196761
"HSA_CORE_API","hsa_signal_wait_scacquire",3155425,3155425,1406,6201375768197051,6201375772196975
"HSA_CORE_API","hsa_signal_wait_scacquire",3155425,3155425,1407,6201375772197275,6201375776197198
"HSA_CORE_API","hsa_signal_wait_scacquire",3155425,3155425,1408,6201375776197498,6201375780197421
"HSA_CORE_API","hsa_signal_wait_scacquire",3155425,3155425,1409,6201375780197831,6201375784197755
"HSA_CORE_API","hsa_signal_wait_scacquire",3155425,3155425,1410,6201375784199585,6201375788199528
"HSA_CORE_API","hsa_signal_wait_scacquire",3155425,3155425,1411,6201375788199828,6201375792199761
"HSA_CORE_API","hsa_signal_wait_scacquire",3155425,3155425,1412,6201375792200051,6201375796199985
"HSA_CORE_API","hsa_signal_wait_scacquire",3155425,3155425,1413,6201375796200365,6201375800200288
"HSA_CORE_API","hsa_signal_wait_scacquire",3155425,3155425,1414,6201375800200588,6201375804200711
"HSA_CORE_API","hsa_signal_wait_scacquire",3155425,3155425,1415,6201375804201191,6201375808201115
"HSA_CORE_API","hsa_signal_wait_scacquire",3155425,3155425,1416,6201375808201405,6201375812201328
"HSA_CORE_API","hsa_signal_wait_scacquire",3155425,3155425,1417,6201375812201688,6201375816201611
"HSA_CORE_API","hsa_signal_wait_scacquire",3155425,3155425,1418,6201375816201911,6201375820201835
"HSA_CORE_API","hsa_signal_wait_scacquire",3155425,3155425,1419,6201375820202135,6201375824202058
"HSA_CORE_API","hsa_signal_wait_scacquire",3155425,3155425,1420,6201375824202358,6201375828202291
"HSA_CORE_API","hsa_signal_wait_scacquire",3155425,3155425,1421,6201375828202581,6201375832202505
"HSA_CORE_API","hsa_signal_wait_scacquire",3155425,3155425,1422,6201375832202795,6201375836202718
"HSA_CORE_API","hsa_signal_wait_scacquire",3155425,3155425,1423,6201375836203018,6201375840202952
"HSA_CORE_API","hsa_signal_wait_scacquire",3155425,3155425,1424,6201375840203242,6201375844203175
"HSA_CORE_API","hsa_signal_wait_scacquire",3155425,3155425,1425,6201375844203465,6201375848203388
"HSA_CORE_API","hsa_signal_wait_scacquire",3155425,3155425,1426,6201375848203688,6201375852203622
"HSA_CORE_API","hsa_signal_wait_scacquire",3155425,3155425,1427,6201375852203912,6201375856203845
"HSA_CORE_API","hsa_signal_wait_scacquire",3155425,3155425,1428,6201375856204135,6201375860204058
"HSA_CORE_API","hsa_signal_wait_scacquire",3155425,3155425,1429,6201375860204348,6201375864204272
"HSA_CORE_API","hsa_signal_wait_scacquire",3155425,3155425,1430,6201375864204572,6201375868204495
"HSA_CORE_API","hsa_signal_wait_scacquire",3155425,3155425,1431,6201375868204795,6201375872204728
"HSA_CORE_API","hsa_signal_wait_scacquire",3155425,3155425,1432,6201375872205018,6201375876204942
"HSA_CORE_API","hsa_signal_wait_scacquire",3155425,3155425,1433,6201375876205242,6201375880205175
"HSA_CORE_API","hsa_signal_wait_scacquire",3155425,3155425,1434,6201375880205465,6201375884205388
"HSA_CORE_API","hsa_signal_wait_scacquire",3155425,3155425,1435,6201375884205688,6201375888205622
"HSA_CORE_API","hsa_signal_wait_scacquire",3155425,3155425,1436,6201375888207672,6201375892207635
"HSA_CORE_API","hsa_signal_wait_scacquire",3155425,3155425,1437,6201375892207955,6201375896207888
"HSA_CORE_API","hsa_signal_wait_scacquire",3155425,3155425,1438,6201375896208178,6201375900208112
"HSA_CORE_API","hsa_signal_wait_scacquire",3155425,3155425,1439,6201375900208402,6201375904208335
"HSA_CORE_API","hsa_signal_wait_scacquire",3155425,3155425,1440,6201375904208625,6201375908208558
"HSA_CORE_API","hsa_signal_wait_scacquire",3155425,3155425,1441,6201375908209008,6201375912208932
"HSA_CORE_API","hsa_signal_wait_scacquire",3155425,3155425,1442,6201375912209222,6201375916209145
"HSA_CORE_API","hsa_signal_wait_scacquire",3155425,3155425,1443,6201375916209525,6201375920209459
"HSA_CORE_API","hsa_signal_wait_scacquire",3155425,3155425,1444,6201375920209749,6201375924209692
"HSA_CORE_API","hsa_signal_wait_scacquire",3155425,3155425,1445,6201375924209972,6201375928209915
"HSA_CORE_API","hsa_signal_wait_scacquire",3155425,3155425,1446,6201375928210205,6201375932210139
"HSA_CORE_API","hsa_signal_wait_scacquire",3155425,3155425,1447,6201375932210419,6201375936210352
"HSA_CORE_API","hsa_signal_wait_scacquire",3155425,3155425,1448,6201375936210652,6201375940210575
"HSA_CORE_API","hsa_signal_wait_scacquire",3155425,3155425,1449,6201375940210875,6201375944210799
"HSA_CORE_API","hsa_signal_wait_scacquire",3155425,3155425,1450,6201375944211089,6201375948211022
"HSA_CORE_API","hsa_signal_wait_scacquire",3155425,3155425,1451,6201375948211322,6201375952211255
"HSA_CORE_API","hsa_signal_wait_scacquire",3155425,3155425,1452,6201375952211545,6201375956211509
"HSA_CORE_API","hsa_signal_wait_scacquire",3155425,3155425,1453,6201375956211819,6201375960211752
"HSA_CORE_API","hsa_signal_wait_scacquire",3155425,3155425,1454,6201375960212042,6201375964211965
"HSA_CORE_API","hsa_signal_wait_scacquire",3155425,3155425,1455,6201375964212255,6201375968212379
"HSA_CORE_API","hsa_signal_wait_scacquire",3155425,3155425,1456,6201375968212859,6201375972213002
"HSA_CORE_API","hsa_signal_wait_scacquire",3155425,3155425,1457,6201375972213482,6201375976213416
"HSA_CORE_API","hsa_signal_wait_scacquire",3155425,3155425,1458,6201375976213705,6201375980213639
"HSA_CORE_API","hsa_signal_wait_scacquire",3155425,3155425,1459,6201375980213939,6201375984213862
"HSA_CORE_API","hsa_signal_wait_scacquire",3155425,3155425,1460,6201375984214162,6201375988214096
"HSA_CORE_API","hsa_signal_wait_scacquire",3155425,3155425,1461,6201375988214396,6201375992214319
"HSA_CORE_API","hsa_signal_wait_scacquire",3155425,3155425,1462,6201375992214609,6201375996214542
"HSA_CORE_API","hsa_signal_wait_scacquire",3155425,3155425,1463,6201375996214842,6201376000214766
"HSA_CORE_API","hsa_signal_wait_scacquire",3155425,3155425,1464,6201376000215086,6201376004215029
"HSA_CORE_API","hsa_signal_wait_scacquire",3155425,3155425,1465,6201376004215329,6201376008215242
"HSA_CORE_API","hsa_signal_wait_scacquire",3155425,3155425,1466,6201376008215542,6201376012215466
"HSA_CORE_API","hsa_signal_wait_scacquire",3155425,3155425,1467,6201376012215756,6201376016215679
"HSA_CORE_API","hsa_signal_wait_scacquire",3155425,3155425,1468,6201376016215969,6201376020215912
"HSA_CORE_API","hsa_signal_wait_scacquire",3155425,3155425,1469,6201376020216302,6201376024216216
"HSA_CORE_API","hsa_signal_wait_scacquire",3155425,3155425,1470,6201376024216516,6201376028216439
"HSA_CORE_API","hsa_signal_wait_scacquire",3155425,3155425,1471,6201376028216729,6201376032216652
"HSA_CORE_API","hsa_signal_wait_scacquire",3155425,3155425,1472,6201376032217042,6201376036216966
"HSA_CORE_API","hsa_signal_wait_scacquire",3155425,3155425,1473,6201376036219076,6201376040219209
"HSA_CORE_API","hsa_signal_wait_scacquire",3155425,3155425,1474,6201376040222089,6201376044222012
"HSA_CORE_API","hsa_signal_wait_scacquire",3155425,3155425,1475,6201376044222302,6201376048222226
"HSA_CORE_API","hsa_signal_wait_scacquire",3155425,3155425,1476,6201376048222516,6201376052222449
"HSA_CORE_API","hsa_signal_wait_scacquire",3155425,3155425,1477,6201376052222749,6201376056222672
"HSA_CORE_API","hsa_signal_wait_scacquire",3155425,3155425,1478,6201376056222972,6201376060222896
"HSA_CORE_API","hsa_signal_wait_scacquire",3155425,3155425,1479,6201376060223196,6201376064223129
"HSA_CORE_API","hsa_signal_wait_scacquire",3155425,3155425,1480,6201376064223419,6201376068223543
"HSA_CORE_API","hsa_signal_wait_scacquire",3155425,3155425,1481,6201376068224032,6201376072223956
"HSA_CORE_API","hsa_signal_wait_scacquire",3155425,3155425,1482,6201376072224246,6201376076224169
"HSA_CORE_API","hsa_signal_wait_scacquire",3155425,3155425,1483,6201376076224459,6201376080224383
"HSA_CORE_API","hsa_signal_wait_scacquire",3155425,3155425,1484,6201376080224683,6201376084224606
"HSA_CORE_API","hsa_signal_wait_scacquire",3155425,3155425,1485,6201376084224896,6201376088224829
"HSA_CORE_API","hsa_signal_wait_scacquire",3155425,3155425,1486,6201376088225129,6201376092225063
"HSA_CORE_API","hsa_signal_wait_scacquire",3155425,3155425,1487,6201376092225363,6201376096225296
"HSA_CORE_API","hsa_signal_wait_scacquire",3155425,3155425,1488,6201376096225586,6201376100225509
"HSA_CORE_API","hsa_signal_wait_scacquire",3155425,3155425,1489,6201376100225809,6201376104225723
"HSA_CORE_API","hsa_signal_wait_scacquire",3155425,3155425,1490,6201376104226023,6201376108225956
"HSA_CORE_API","hsa_signal_wait_scacquire",3155425,3155425,1491,6201376108226256,6201376112226189
"HSA_CORE_API","hsa_signal_wait_scacquire",3155425,3155425,1492,6201376112226479,6201376116226403
"HSA_CORE_API","hsa_signal_wait_scacquire",3155425,3155425,1493,6201376116226693,6201376120226626
"HSA_CORE_API","hsa_signal_wait_scacquire",3155425,3155425,1494,6201376120226926,6201376124226859
"HSA_CORE_API","hsa_signal_wait_scacquire",3155425,3155425,1495,6201376124227149,6201376128227083
"HSA_CORE_API","hsa_signal_wait_scacquire",3155425,3155425,1496,6201376128227373,6201376132227296
"HSA_CORE_API","hsa_signal_wait_scacquire",3155425,3155425,1497,6201376132227596,6201376136227509
"HSA_CORE_API","hsa_signal_wait_scacquire",3155425,3155425,1498,6201376136227809,6201376140227733
"HSA_CORE_API","hsa_signal_wait_scacquire",3155425,3155425,1499,6201376140228023,6201376144227946
"HSA_CORE_API","hsa_signal_wait_scacquire",3155425,3155425,1500,6201376144228246,6201376148228170
"HSA_CORE_API","hsa_signal_wait_scacquire",3155425,3155425,1501,6201376148228520,6201376152228443
"HSA_CORE_API","hsa_signal_wait_scacquire",3155425,3155425,1502,6201376152228743,6201376156228676
"HSA_CORE_API","hsa_signal_wait_scacquire",3155425,3155425,1503,6201376156228966,6201376160228900
"HSA_CORE_API","hsa_signal_wait_scacquire",3155425,3155425,1504,6201376160229190,6201376164229123
"HSA_CORE_API","hsa_signal_wait_scacquire",3155425,3155425,1505,6201376164229413,6201376168229336
"HSA_CORE_API","hsa_signal_wait_scacquire",3155425,3155425,1506,6201376168229636,6201376172229760
"HSA_CORE_API","hsa_signal_wait_scacquire",3155425,3155425,1507,6201376172230240,6201376176230163
"HSA_CORE_API","hsa_signal_wait_scacquire",3155425,3155425,1508,6201376176230453,6201376180230396
"HSA_CORE_API","hsa_signal_wait_scacquire",3155425,3155425,1509,6201376180230676,6201376184230610
"HSA_CORE_API","hsa_signal_wait_scacquire",3155425,3155425,1510,6201376184230900,6201376188230833
"HSA_CORE_API","hsa_signal_wait_scacquire",3155425,3155425,1511,6201376188231133,6201376192231056
"HSA_CORE_API","hsa_signal_wait_scacquire",3155425,3155425,1512,6201376192231346,6201376196231280
"HSA_CORE_API","hsa_signal_wait_scacquire",3155425,3155425,1513,6201376196231570,6201376200231493
"HSA_CORE_API","hsa_signal_wait_scacquire",3155425,3155425,1514,6201376200231783,6201376204231706
"HSA_CORE_API","hsa_signal_wait_scacquire",3155425,3155425,1515,6201376204232006,6201376208231930
"HSA_CORE_API","hsa_signal_wait_scacquire",3155425,3155425,1516,6201376208232230,6201376212232163
"HSA_CORE_API","hsa_signal_wait_scacquire",3155425,3155425,1517,6201376212232463,6201376216232397
"HSA_CORE_API","hsa_signal_wait_scacquire",3155425,3155425,1518,6201376216232687,6201376220232610
"HSA_CORE_API","hsa_signal_wait_scacquire",3155425,3155425,1519,6201376220232900,6201376224232833
"HSA_CORE_API","hsa_signal_wait_scacquire",3155425,3155425,1520,6201376224233123,6201376228233237
"HSA_CORE_API","hsa_signal_wait_scacquire",3155425,3155425,1521,6201376228233716,6201376232233780
"HSA_CORE_API","hsa_signal_wait_scacquire",3155425,3155425,1522,6201376232234700,6201376236234823
"HSA_CORE_API","hsa_signal_wait_scacquire",3155425,3155425,1523,6201376236235543,6201376240235687
"HSA_CORE_API","hsa_signal_wait_scacquire",3155425,3155425,1524,6201376240236167,6201376244236100
"HSA_CORE_API","hsa_signal_wait_scacquire",3155425,3155425,1525,6201376244236390,6201376248236513
"HSA_CORE_API","hsa_signal_wait_scacquire",3155425,3155425,1526,6201376248237093,6201376252237027
"HSA_CORE_API","hsa_signal_wait_scacquire",3155425,3155425,1527,6201376252237317,6201376256237230
"HSA_CORE_API","hsa_signal_wait_scacquire",3155425,3155425,1528,6201376256237630,6201376260237553
"HSA_CORE_API","hsa_signal_wait_scacquire",3155425,3155425,1529,6201376260237843,6201376264237767
"HSA_CORE_API","hsa_signal_wait_scacquire",3155425,3155425,1530,6201376264238067,6201376268238000
"HSA_CORE_API","hsa_signal_wait_scacquire",3155425,3155425,1531,6201376268238290,6201376272238233
"HSA_CORE_API","hsa_signal_wait_scacquire",3155425,3155425,1532,6201376272238533,6201376276238467
"HSA_CORE_API","hsa_signal_wait_scacquire",3155425,3155425,1533,6201376276238757,6201376280238690
"HSA_CORE_API","hsa_signal_wait_scacquire",3155425,3155425,1534,6201376280238980,6201376284238923
"HSA_CORE_API","hsa_signal_wait_scacquire",3155425,3155425,1535,6201376284239213,6201376288239157
"HSA_CORE_API","hsa_signal_wait_scacquire",3155425,3155425,1536,6201376288239457,6201376292239390
"HSA_CORE_API","hsa_signal_wait_scacquire",3155425,3155425,1537,6201376292239920,6201376296239854
"HSA_CORE_API","hsa_signal_wait_scacquire",3155425,3155425,1538,6201376296242883,6201376300242807
"HSA_CORE_API","hsa_signal_wait_scacquire",3155425,3155425,1539,6201376300243097,6201376304243030
"HSA_CORE_API","hsa_signal_wait_scacquire",3155425,3155425,1540,6201376304243520,6201376308243644
"HSA_CORE_API","hsa_signal_wait_scacquire",3155425,3155425,1541,6201376308244234,6201376312244167
"HSA_CORE_API","hsa_signal_wait_scacquire",3155425,3155425,1542,6201376312244457,6201376316244390
"HSA_CORE_API","hsa_signal_wait_scacquire",3155425,3155425,1543,6201376316244680,6201376320244614
"HSA_CORE_API","hsa_signal_wait_scacquire",3155425,3155425,1544,6201376320244904,6201376324244837
"HSA_CORE_API","hsa_signal_wait_scacquire",3155425,3155425,1545,6201376324245127,6201376328245060
"HSA_CORE_API","hsa_signal_wait_scacquire",3155425,3155425,1546,6201376328245350,6201376332245264
"HSA_CORE_API","hsa_signal_wait_scacquire",3155425,3155425,1547,6201376332245554,6201376336245477
"HSA_CORE_API","hsa_signal_wait_scacquire",3155425,3155425,1548,6201376336245777,6201376340245700
"HSA_CORE_API","hsa_signal_wait_scacquire",3155425,3155425,1549,6201376340246000,6201376344245924
"HSA_CORE_API","hsa_signal_wait_scacquire",3155425,3155425,1550,6201376344246224,6201376348246147
"HSA_CORE_API","hsa_signal_wait_scacquire",3155425,3155425,1551,6201376348246447,6201376352246380
"HSA_CORE_API","hsa_signal_wait_scacquire",3155425,3155425,1552,6201376352246670,6201376356246594
"HSA_CORE_API","hsa_signal_wait_scacquire",3155425,3155425,1553,6201376356246954,6201376360246877
"HSA_CORE_API","hsa_signal_wait_scacquire",3155425,3155425,1554,6201376360247177,6201376364247300
"HSA_CORE_API","hsa_signal_wait_scacquire",3155425,3155425,1555,6201376364247780,6201376368247704
"HSA_CORE_API","hsa_signal_wait_scacquire",3155425,3155425,1556,6201376368248004,6201376372247917
"HSA_CORE_API","hsa_signal_wait_scacquire",3155425,3155425,1557,6201376372248207,6201376376248140
"HSA_CORE_API","hsa_signal_wait_scacquire",3155425,3155425,1558,6201376376248430,6201376380248354
"HSA_CORE_API","hsa_signal_wait_scacquire",3155425,3155425,1559,6201376380248644,6201376384248577
"HSA_CORE_API","hsa_signal_wait_scacquire",3155425,3155425,1560,6201376384248867,6201376388248801
"HSA_CORE_API","hsa_signal_wait_scacquire",3155425,3155425,1561,6201376388249101,6201376392249034
"HSA_CORE_API","hsa_signal_wait_scacquire",3155425,3155425,1562,6201376392249324,6201376396249247
"HSA_CORE_API","hsa_signal_wait_scacquire",3155425,3155425,1563,6201376396249537,6201376400249461
"HSA_CORE_API","hsa_signal_wait_scacquire",3155425,3155425,1564,6201376400249931,6201376404249864
"HSA_CORE_API","hsa_signal_wait_scacquire",3155425,3155425,1565,6201376404250314,6201376408250247
"HSA_CORE_API","hsa_signal_wait_scacquire",3155425,3155425,1566,6201376408250537,6201376412250471
"HSA_CORE_API","hsa_signal_wait_scacquire",3155425,3155425,1567,6201376412250761,6201376416250684
"HSA_CORE_API","hsa_signal_wait_scacquire",3155425,3155425,1568,6201376416250984,6201376420250917
"HSA_CORE_API","hsa_signal_wait_scacquire",3155425,3155425,1569,6201376420251207,6201376424251131
"HSA_CORE_API","hsa_signal_wait_scacquire",3155425,3155425,1570,6201376424251431,6201376428251364
"HSA_CORE_API","hsa_signal_wait_scacquire",3155425,3155425,1571,6201376428251664,6201376432251577
"HSA_CORE_API","hsa_signal_wait_scacquire",3155425,3155425,1572,6201376432251867,6201376436251801
"HSA_CORE_API","hsa_signal_wait_scacquire",3155425,3155425,1573,6201376436252091,6201376440252024
"HSA_CORE_API","hsa_signal_wait_scacquire",3155425,3155425,1574,6201376440252314,6201376444252238
"HSA_CORE_API","hsa_signal_wait_scacquire",3155425,3155425,1575,6201376444252538,6201376448252461
"HSA_CORE_API","hsa_signal_wait_scacquire",3155425,3155425,1576,6201376448252761,6201376452252694
"HSA_CORE_API","hsa_signal_wait_scacquire",3155425,3155425,1577,6201376452253154,6201376456253088
"HSA_CORE_API","hsa_signal_wait_scacquire",3155425,3155425,1578,6201376456253378,6201376460253301
"HSA_CORE_API","hsa_signal_wait_scacquire",3155425,3155425,1579,6201376460253591,6201376464253514
"HSA_CORE_API","hsa_signal_wait_scacquire",3155425,3155425,1580,6201376464253834,6201376468253958
"HSA_CORE_API","hsa_signal_wait_scacquire",3155425,3155425,1581,6201376468255888,6201376472255831
"HSA_CORE_API","hsa_signal_wait_scacquire",3155425,3155425,1582,6201376472256211,6201376476256144
"HSA_CORE_API","hsa_signal_wait_scacquire",3155425,3155425,1583,6201376476256434,6201376480256368
"HSA_CORE_API","hsa_signal_wait_scacquire",3155425,3155425,1584,6201376480256658,6201376484256591
"HSA_CORE_API","hsa_signal_wait_scacquire",3155425,3155425,1585,6201376484256951,6201376488256884
"HSA_CORE_API","hsa_signal_wait_scacquire",3155425,3155425,1586,6201376488257184,6201376492257108
"HSA_CORE_API","hsa_signal_wait_scacquire",3155425,3155425,1587,6201376492257408,6201376496257341
"HSA_CORE_API","hsa_signal_wait_scacquire",3155425,3155425,1588,6201376496257631,6201376500257544
"HSA_CORE_API","hsa_signal_wait_scacquire",3155425,3155425,1589,6201376500257844,6201376504257768
"HSA_CORE_API","hsa_signal_wait_scacquire",3155425,3155425,1590,6201376504258068,6201376508258001
"HSA_CORE_API","hsa_signal_wait_scacquire",3155425,3155425,1591,6201376508258391,6201376512258314
"HSA_CORE_API","hsa_signal_wait_scacquire",3155425,3155425,1592,6201376512258614,6201376516258548
"HSA_CORE_API","hsa_signal_wait_scacquire",3155425,3155425,1593,6201376516258838,6201376520258771
"HSA_CORE_API","hsa_signal_wait_scacquire",3155425,3155425,1594,6201376520259071,6201376524258994
"HSA_CORE_API","hsa_signal_wait_scacquire",3155425,3155425,1595,6201376524259284,6201376528259208
"HSA_CORE_API","hsa_signal_wait_scacquire",3155425,3155425,1596,6201376528259508,6201376532259441
"HSA_CORE_API","hsa_signal_wait_scacquire",3155425,3155425,1597,6201376532259801,6201376536259725
"HSA_CORE_API","hsa_signal_wait_scacquire",3155425,3155425,1598,6201376536260025,6201376540259948
"HSA_CORE_API","hsa_signal_wait_scacquire",3155425,3155425,1599,6201376540260248,6201376544260171
"HSA_CORE_API","hsa_signal_wait_scacquire",3155425,3155425,1600,6201376544260471,6201376548260395
"HSA_CORE_API","hsa_signal_wait_scacquire",3155425,3155425,1601,6201376548261455,6201376552261378
"HSA_CORE_API","hsa_signal_wait_scacquire",3155425,3155425,1602,6201376552262368,6201376556262301
"HSA_CORE_API","hsa_signal_wait_scacquire",3155425,3155425,1603,6201376556262671,6201376560262795
"HSA_CORE_API","hsa_signal_wait_scacquire",3155425,3155425,1604,6201376560263275,6201376564263198
"HSA_CORE_API","hsa_signal_wait_scacquire",3155425,3155425,1605,6201376564263488,6201376568263611
"HSA_CORE_API","hsa_signal_wait_scacquire",3155425,3155425,1606,6201376568264091,6201376572264015
"HSA_CORE_API","hsa_signal_wait_scacquire",3155425,3155425,1607,6201376572264305,6201376576264218
"HSA_CORE_API","hsa_signal_wait_scacquire",3155425,3155425,1608,6201376576264518,6201376580264451
"HSA_CORE_API","hsa_signal_wait_scacquire",3155425,3155425,1609,6201376580264741,6201376584264665
"HSA_CORE_API","hsa_signal_wait_scacquire",3155425,3155425,1610,6201376584264965,6201376588264898
"HSA_CORE_API","hsa_signal_wait_scacquire",3155425,3155425,1611,6201376588265198,6201376592265131
"HSA_CORE_API","hsa_signal_wait_scacquire",3155425,3155425,1612,6201376592265421,6201376596265355
"HSA_CORE_API","hsa_signal_wait_scacquire",3155425,3155425,1613,6201376596265645,6201376600265588
"HSA_CORE_API","hsa_signal_wait_scacquire",3155425,3155425,1614,6201376600265878,6201376604265811
"HSA_CORE_API","hsa_signal_wait_scacquire",3155425,3155425,1615,6201376604266101,6201376608266025
"HSA_CORE_API","hsa_signal_wait_scacquire",3155425,3155425,1616,6201376608266315,6201376612266248
"HSA_CORE_API","hsa_signal_wait_scacquire",3155425,3155425,1617,6201376612266538,6201376616266462
"HSA_CORE_API","hsa_signal_wait_scacquire",3155425,3155425,1618,6201376616266762,6201376620266685
"HSA_CORE_API","hsa_signal_wait_scacquire",3155425,3155425,1619,6201376620266985,6201376624266908
"HSA_CORE_API","hsa_signal_wait_scacquire",3155425,3155425,1620,6201376624267198,6201376628267332
"HSA_CORE_API","hsa_signal_wait_scacquire",3155425,3155425,1621,6201376628267862,6201376632267795
"HSA_CORE_API","hsa_signal_wait_scacquire",3155425,3155425,1622,6201376632268095,6201376636268028
"HSA_CORE_API","hsa_signal_wait_scacquire",3155425,3155425,1623,6201376636268318,6201376640268242
"HSA_CORE_API","hsa_signal_wait_scacquire",3155425,3155425,1624,6201376640268542,6201376644268475
"HSA_CORE_API","hsa_signal_wait_scacquire",3155425,3155425,1625,6201376644268765,6201376648268698
"HSA_CORE_API","hsa_signal_wait_scacquire",3155425,3155425,1626,6201376648268998,6201376652268922
"HSA_CORE_API","hsa_signal_wait_scacquire",3155425,3155425,1627,6201376652269222,6201376656269145
"HSA_CORE_API","hsa_signal_wait_scacquire",3155425,3155425,1628,6201376656269445,6201376660269358
"HSA_CORE_API","hsa_signal_wait_scacquire",3155425,3155425,1629,6201376660269708,6201376664269642
"HSA_CORE_API","hsa_signal_wait_scacquire",3155425,3155425,1630,6201376664269932,6201376668269865
"HSA_CORE_API","hsa_signal_wait_scacquire",3155425,3155425,1631,6201376668270155,6201376672270089
"HSA_CORE_API","hsa_signal_wait_scacquire",3155425,3155425,1632,6201376672270379,6201376676270302
"HSA_CORE_API","hsa_signal_wait_scacquire",3155425,3155425,1633,6201376676270592,6201376680270525
"HSA_CORE_API","hsa_signal_wait_scacquire",3155425,3155425,1634,6201376680270825,6201376684270759
"HSA_CORE_API","hsa_signal_wait_scacquire",3155425,3155425,1635,6201376684271049,6201376688270992
"HSA_CORE_API","hsa_signal_wait_scacquire",3155425,3155425,1636,6201376688271292,6201376692271215
"HSA_CORE_API","hsa_signal_wait_scacquire",3155425,3155425,1637,6201376692271515,6201376696271649
"HSA_CORE_API","hsa_signal_wait_scacquire",3155425,3155425,1638,6201376696272129,6201376700272062
"HSA_CORE_API","hsa_signal_wait_scacquire",3155425,3155425,1639,6201376700272352,6201376704272475
"HSA_CORE_API","hsa_signal_wait_scacquire",3155425,3155425,1640,6201376704272965,6201376708272889
"HSA_CORE_API","hsa_signal_wait_scacquire",3155425,3155425,1641,6201376708273169,6201376712273102
"HSA_CORE_API","hsa_signal_wait_scacquire",3155425,3155425,1642,6201376712273402,6201376716273325
"HSA_CORE_API","hsa_signal_wait_scacquire",3155425,3155425,1643,6201376716273625,6201376720273559
"HSA_CORE_API","hsa_signal_wait_scacquire",3155425,3155425,1644,6201376720273849,6201376724273772
"HSA_CORE_API","hsa_signal_wait_scacquire",3155425,3155425,1645,6201376724274142,6201376728274065
"HSA_CORE_API","hsa_signal_wait_scacquire",3155425,3155425,1646,6201376728274365,6201376732274289
"HSA_CORE_API","hsa_signal_wait_scacquire",3155425,3155425,1647,6201376732274579,6201376736274512
"HSA_CORE_API","hsa_signal_wait_scacquire",3155425,3155425,1648,6201376736274802,6201376740274735
"HSA_CORE_API","hsa_signal_wait_scacquire",3155425,3155425,1649,6201376740275025,6201376744274959
"HSA_CORE_API","hsa_signal_wait_scacquire",3155425,3155425,1650,6201376744275259,6201376748275182
"HSA_CORE_API","hsa_signal_wait_scacquire",3155425,3155425,1651,6201376748275482,6201376752275415
"HSA_CORE_API","hsa_signal_wait_scacquire",3155425,3155425,1652,6201376752275705,6201376756275639
"HSA_CORE_API","hsa_signal_wait_scacquire",3155425,3155425,1653,6201376756276009,6201376760275932
"HSA_CORE_API","hsa_signal_wait_scacquire",3155425,3155425,1654,6201376760276222,6201376764276145
"HSA_CORE_API","hsa_signal_wait_scacquire",3155425,3155425,1655,6201376764276435,6201376768276569
"HSA_CORE_API","hsa_signal_wait_scacquire",3155425,3155425,1656,6201376768276859,6201376772276982
"HSA_CORE_API","hsa_signal_wait_scacquire",3155425,3155425,1657,6201376772277462,6201376776277386
"HSA_CORE_API","hsa_signal_wait_scacquire",3155425,3155425,1658,6201376776277676,6201376780277619
"HSA_CORE_API","hsa_signal_wait_scacquire",3155425,3155425,1659,6201376780278009,6201376784277942
"HSA_CORE_API","hsa_signal_wait_scacquire",3155425,3155425,1660,6201376784278232,6201376788278176
"HSA_CORE_API","hsa_signal_wait_scacquire",3155425,3155425,1661,6201376788278466,6201376792278399
"HSA_CORE_API","hsa_signal_wait_scacquire",3155425,3155425,1662,6201376792278699,6201376796278632
"HSA_CORE_API","hsa_signal_wait_scacquire",3155425,3155425,1663,6201376796278932,6201376800278866
"HSA_CORE_API","hsa_signal_wait_scacquire",3155425,3155425,1664,6201376800279156,6201376804279089
"HSA_CORE_API","hsa_signal_wait_scacquire",3155425,3155425,1665,6201376804279529,6201376808279462
"HSA_CORE_API","hsa_signal_wait_scacquire",3155425,3155425,1666,6201376808280512,6201376812280456
"HSA_CORE_API","hsa_signal_wait_scacquire",3155425,3155425,1667,6201376812280746,6201376816280669
"HSA_CORE_API","hsa_signal_wait_scacquire",3155425,3155425,1668,6201376816280959,6201376820280882
"HSA_CORE_API","hsa_signal_wait_scacquire",3155425,3155425,1669,6201376820281182,6201376824281116
"HSA_CORE_API","hsa_signal_wait_scacquire",3155425,3155425,1670,6201376824281406,6201376828281319
"HSA_CORE_API","hsa_signal_wait_scacquire",3155425,3155425,1671,6201376828281619,6201376832281552
"HSA_CORE_API","hsa_signal_wait_scacquire",3155425,3155425,1672,6201376832281842,6201376836281776
"HSA_CORE_API","hsa_signal_wait_scacquire",3155425,3155425,1673,6201376836282546,6201376840282659
"HSA_CORE_API","hsa_signal_wait_scacquire",3155425,3155425,1674,6201376840282959,6201376844282892
"HSA_CORE_API","hsa_signal_wait_scacquire",3155425,3155425,1675,6201376844283182,6201376848283106
"HSA_CORE_API","hsa_signal_wait_scacquire",3155425,3155425,1676,6201376848283406,6201376852283529
"HSA_CORE_API","hsa_signal_wait_scacquire",3155425,3155425,1677,6201376852284169,6201376856284092
"HSA_CORE_API","hsa_signal_wait_scacquire",3155425,3155425,1678,6201376856284402,6201376860284536
"HSA_CORE_API","hsa_signal_wait_scacquire",3155425,3155425,1679,6201376860285016,6201376864284939
"HSA_CORE_API","hsa_signal_wait_scacquire",3155425,3155425,1680,6201376864285239,6201376868285172
"HSA_CORE_API","hsa_signal_wait_scacquire",3155425,3155425,1681,6201376868285462,6201376872285396
"HSA_CORE_API","hsa_signal_wait_scacquire",3155425,3155425,1682,6201376872285686,6201376876285619
"HSA_CORE_API","hsa_signal_wait_scacquire",3155425,3155425,1683,6201376876285909,6201376880285842
"HSA_CORE_API","hsa_signal_wait_scacquire",3155425,3155425,1684,6201376880286132,6201376884286076
"HSA_CORE_API","hsa_signal_wait_scacquire",3155425,3155425,1685,6201376884286446,6201376888286369
"HSA_CORE_API","hsa_signal_wait_scacquire",3155425,3155425,1686,6201376888286669,6201376892286593
"HSA_CORE_API","hsa_signal_wait_scacquire",3155425,3155425,1687,6201376892286883,6201376896286816
"HSA_CORE_API","hsa_signal_wait_scacquire",3155425,3155425,1688,6201376896287106,6201376900287039
"HSA_CORE_API","hsa_signal_wait_scacquire",3155425,3155425,1689,6201376900287339,6201376904287263
"HSA_CORE_API","hsa_signal_wait_scacquire",3155425,3155425,1690,6201376904287553,6201376908287676
"HSA_CORE_API","hsa_signal_wait_scacquire",3155425,3155425,1691,6201376908288156,6201376912288079
"HSA_CORE_API","hsa_signal_wait_scacquire",3155425,3155425,1692,6201376912288379,6201376916288303
"HSA_CORE_API","hsa_signal_wait_scacquire",3155425,3155425,1693,6201376916288603,6201376920288526
"HSA_CORE_API","hsa_signal_wait_scacquire",3155425,3155425,1694,6201376920288816,6201376924288749
"HSA_CORE_API","hsa_signal_wait_scacquire",3155425,3155425,1695,6201376924289039,6201376928289163
"HSA_CORE_API","hsa_signal_wait_scacquire",3155425,3155425,1696,6201376928289653,6201376932289576
"HSA_CORE_API","hsa_signal_wait_scacquire",3155425,3155425,1697,6201376932289866,6201376936289809
"HSA_CORE_API","hsa_signal_wait_scacquire",3155425,3155425,1698,6201376936290199,6201376940290123
"HSA_CORE_API","hsa_signal_wait_scacquire",3155425,3155425,1699,6201376940290423,6201376944290356
"HSA_CORE_API","hsa_signal_wait_scacquire",3155425,3155425,1700,6201376944290646,6201376948290559
"HSA_CORE_API","hsa_signal_wait_scacquire",3155425,3155425,1701,6201376948290959,6201376952290873
"HSA_CORE_API","hsa_signal_wait_scacquire",3155425,3155425,1702,6201376952291263,6201376956291196
"HSA_CORE_API","hsa_signal_wait_scacquire",3155425,3155425,1703,6201376956291486,6201376960291409
"HSA_CORE_API","hsa_signal_wait_scacquire",3155425,3155425,1704,6201376960291699,6201376964291633
"HSA_CORE_API","hsa_signal_wait_scacquire",3155425,3155425,1705,6201376964291923,6201376968291866
"HSA_CORE_API","hsa_signal_wait_scacquire",3155425,3155425,1706,6201376968292156,6201376972292089
"HSA_CORE_API","hsa_signal_wait_scacquire",3155425,3155425,1707,6201376972292389,6201376976292323
"HSA_CORE_API","hsa_signal_wait_scacquire",3155425,3155425,1708,6201376976292613,6201376980292576
"HSA_CORE_API","hsa_signal_wait_scacquire",3155425,3155425,1709,6201376980292956,6201376984292889
"HSA_CORE_API","hsa_signal_wait_scacquire",3155425,3155425,1710,6201376984293179,6201376988293133
"HSA_CORE_API","hsa_signal_wait_scacquire",3155425,3155425,1711,6201376988293433,6201376992293356
"HSA_CORE_API","hsa_signal_wait_scacquire",3155425,3155425,1712,6201376992293656,6201376996293590
"HSA_CORE_API","hsa_signal_wait_scacquire",3155425,3155425,1713,6201376996293880,6201377000293813
"HSA_CORE_API","hsa_signal_wait_scacquire",3155425,3155425,1714,6201377000294123,6201377004294066
"HSA_CORE_API","hsa_signal_wait_scacquire",3155425,3155425,1715,6201377004294356,6201377008294290
"HSA_CORE_API","hsa_signal_wait_scacquire",3155425,3155425,1716,6201377008294580,6201377012294513
"HSA_CORE_API","hsa_signal_wait_scacquire",3155425,3155425,1717,6201377012295023,6201377016294966
"HSA_CORE_API","hsa_signal_wait_scacquire",3155425,3155425,1718,6201377016295256,6201377020295190
"HSA_CORE_API","hsa_signal_wait_scacquire",3155425,3155425,1719,6201377020295480,6201377024295393
"HSA_CORE_API","hsa_signal_wait_scacquire",3155425,3155425,1720,6201377024295693,6201377028295616
"HSA_CORE_API","hsa_signal_wait_scacquire",3155425,3155425,1721,6201377028295916,6201377032295850
"HSA_CORE_API","hsa_signal_wait_scacquire",3155425,3155425,1722,6201377032296150,6201377036296073
"HSA_CORE_API","hsa_signal_wait_scacquire",3155425,3155425,1723,6201377036296373,6201377040296296
"HSA_CORE_API","hsa_signal_wait_scacquire",3155425,3155425,1724,6201377040296586,6201377044296550
"HSA_CORE_API","hsa_signal_wait_scacquire",3155425,3155425,1725,6201377044296860,6201377048296793
"HSA_CORE_API","hsa_signal_wait_scacquire",3155425,3155425,1726,6201377048297083,6201377052297006
"HSA_CORE_API","hsa_signal_wait_scacquire",3155425,3155425,1727,6201377052297306,6201377056297240
"HSA_CORE_API","hsa_signal_wait_scacquire",3155425,3155425,1728,6201377056297530,6201377060297463
"HSA_CORE_API","hsa_signal_wait_scacquire",3155425,3155425,1729,6201377060299213,6201377064299346
"HSA_CORE_API","hsa_signal_wait_scacquire",3155425,3155425,1730,6201377064300846,6201377068300790
"HSA_CORE_API","hsa_signal_wait_scacquire",3155425,3155425,1731,6201377068301080,6201377072301003
"HSA_CORE_API","hsa_signal_wait_scacquire",3155425,3155425,1732,6201377072301293,6201377076301216
"HSA_CORE_API","hsa_signal_wait_scacquire",3155425,3155425,1733,6201377076301516,6201377080301440
"HSA_CORE_API","hsa_signal_wait_scacquire",3155425,3155425,1734,6201377080301740,6201377084302613
"HSA_CORE_API","hsa_signal_wait_scacquire",3155425,3155425,1735,6201377084310743,6201377088311336
"HSA_CORE_API","hsa_signal_wait_scacquire",3155425,3155425,1736,6201377088311626,6201377092311560
"HSA_CORE_API","hsa_signal_wait_scacquire",3155425,3155425,1737,6201377092311920,6201377096311833
"HSA_CORE_API","hsa_signal_wait_scacquire",3155425,3155425,1738,6201377096312133,6201377100312056
"HSA_CORE_API","hsa_signal_wait_scacquire",3155425,3155425,1739,6201377100312366,6201377104312300
"HSA_CORE_API","hsa_signal_wait_scacquire",3155425,3155425,1740,6201377104312590,6201377108312553
"HSA_CORE_API","hsa_signal_wait_scacquire",3155425,3155425,1741,6201377108312863,6201377112312796
"HSA_CORE_API","hsa_signal_wait_scacquire",3155425,3155425,1742,6201377112313086,6201377116313000
"HSA_CORE_API","hsa_signal_wait_scacquire",3155425,3155425,1743,6201377116313300,6201377120313233
"HSA_CORE_API","hsa_signal_wait_scacquire",3155425,3155425,1744,6201377120313523,6201377124313446
"HSA_CORE_API","hsa_signal_wait_scacquire",3155425,3155425,1745,6201377124313916,6201377128313860
"HSA_CORE_API","hsa_signal_wait_scacquire",3155425,3155425,1746,6201377128314150,6201377132314073
"HSA_CORE_API","hsa_signal_wait_scacquire",3155425,3155425,1747,6201377132315823,6201377136315756
"HSA_CORE_API","hsa_signal_wait_scacquire",3155425,3155425,1748,6201377136316046,6201377140315970
"HSA_CORE_API","hsa_signal_wait_scacquire",3155425,3155425,1749,6201377140316270,6201377144316193
"HSA_CORE_API","hsa_signal_wait_scacquire",3155425,3155425,1750,6201377144316493,6201377148316426
"HSA_CORE_API","hsa_signal_wait_scacquire",3155425,3155425,1751,6201377148316716,6201377152316640
"HSA_CORE_API","hsa_signal_wait_scacquire",3155425,3155425,1752,6201377152316940,6201377156316853
"HSA_CORE_API","hsa_signal_wait_scacquire",3155425,3155425,1753,6201377156317213,6201377160317146
"HSA_CORE_API","hsa_signal_wait_scacquire",3155425,3155425,1754,6201377160317436,6201377164317390
"HSA_CORE_API","hsa_signal_wait_scacquire",3155425,3155425,1755,6201377164317690,6201377168317613
"HSA_CORE_API","hsa_signal_wait_scacquire",3155425,3155425,1756,6201377168317913,6201377172317837
"HSA_CORE_API","hsa_signal_wait_scacquire",3155425,3155425,1757,6201377172318197,6201377176318130
"HSA_CORE_API","hsa_signal_wait_scacquire",3155425,3155425,1758,6201377176318420,6201377180318333
"HSA_CORE_API","hsa_signal_wait_scacquire",3155425,3155425,1759,6201377180318633,6201377184318556
"HSA_CORE_API","hsa_signal_wait_scacquire",3155425,3155425,1760,6201377184318856,6201377188318800
"HSA_CORE_API","hsa_signal_wait_scacquire",3155425,3155425,1761,6201377188319100,6201377192319023
"HSA_CORE_API","hsa_signal_wait_scacquire",3155425,3155425,1762,6201377192319323,6201377196319257
"HSA_CORE_API","hsa_signal_wait_scacquire",3155425,3155425,1763,6201377196319547,6201377200319480
"HSA_CORE_API","hsa_signal_wait_scacquire",3155425,3155425,1764,6201377200319770,6201377204319703
"HSA_CORE_API","hsa_signal_wait_scacquire",3155425,3155425,1765,6201377204319993,6201377208319917
"HSA_CORE_API","hsa_signal_wait_scacquire",3155425,3155425,1766,6201377208320217,6201377212320150
"HSA_CORE_API","hsa_signal_wait_scacquire",3155425,3155425,1767,6201377212320440,6201377216320363
"HSA_CORE_API","hsa_signal_wait_scacquire",3155425,3155425,1768,6201377216320653,6201377220320587
"HSA_CORE_API","hsa_signal_wait_scacquire",3155425,3155425,1769,6201377220320887,6201377224320820
"HSA_CORE_API","hsa_signal_wait_scacquire",3155425,3155425,1770,6201377224321300,6201377228321213
"HSA_CORE_API","hsa_signal_wait_scacquire",3155425,3155425,1771,6201377228321673,6201377232321597
"HSA_CORE_API","hsa_signal_wait_scacquire",3155425,3155425,1772,6201377232321897,6201377236322030
"HSA_CORE_API","hsa_signal_wait_scacquire",3155425,3155425,1773,6201377236322510,6201377240322433
"HSA_CORE_API","hsa_signal_wait_scacquire",3155425,3155425,1774,6201377240323393,6201377244323327
"HSA_CORE_API","hsa_signal_wait_scacquire",3155425,3155425,1775,6201377244323617,6201377248323540
"HSA_CORE_API","hsa_signal_wait_scacquire",3155425,3155425,1776,6201377248323840,6201377252323773
"HSA_CORE_API","hsa_signal_wait_scacquire",3155425,3155425,1777,6201377252324063,6201377256323997
"HSA_CORE_API","hsa_signal_wait_scacquire",3155425,3155425,1778,6201377256324287,6201377260324210
"HSA_CORE_API","hsa_signal_wait_scacquire",3155425,3155425,1779,6201377260325110,6201377264325053
"HSA_CORE_API","hsa_signal_wait_scacquire",3155425,3155425,1780,6201377264325503,6201377268325427
"HSA_CORE_API","hsa_signal_wait_scacquire",3155425,3155425,1781,6201377268325727,6201377272325650
"HSA_CORE_API","hsa_signal_wait_scacquire",3155425,3155425,1782,6201377272325950,6201377276325883
"HSA_CORE_API","hsa_signal_wait_scacquire",3155425,3155425,1783,6201377276326173,6201377280326097
"HSA_CORE_API","hsa_signal_wait_scacquire",3155425,3155425,1784,6201377280326387,6201377284326310
"HSA_CORE_API","hsa_signal_wait_scacquire",3155425,3155425,1785,6201377284327290,6201377288327223
"HSA_CORE_API","hsa_signal_wait_scacquire",3155425,3155425,1786,6201377288327523,6201377292327457
"HSA_CORE_API","hsa_signal_wait_scacquire",3155425,3155425,1787,6201377292327947,6201377296327880
"HSA_CORE_API","hsa_signal_wait_scacquire",3155425,3155425,1788,6201377296328350,6201377300328274
"HSA_CORE_API","hsa_signal_wait_scacquire",3155425,3155425,1789,6201377300328844,6201377304328767
"HSA_CORE_API","hsa_signal_wait_scacquire",3155425,3155425,1790,6201377304329057,6201377308328990
"HSA_CORE_API","hsa_signal_wait_scacquire",3155425,3155425,1791,6201377308329710,6201377312329634
"HSA_CORE_API","hsa_signal_wait_scacquire",3155425,3155425,1792,6201377312329934,6201377316329867
"HSA_CORE_API","hsa_signal_wait_scacquire",3155425,3155425,1793,6201377316330487,6201377320330410
"HSA_CORE_API","hsa_signal_wait_scacquire",3155425,3155425,1794,6201377320334670,6201377324334603
"HSA_CORE_API","hsa_signal_wait_scacquire",3155425,3155425,1795,6201377324334893,6201377328334817
"HSA_CORE_API","hsa_signal_wait_scacquire",3155425,3155425,1796,6201377328336007,6201377332335920
"HSA_CORE_API","hsa_signal_wait_scacquire",3155425,3155425,1797,6201377332336220,6201377336336154
"HSA_CORE_API","hsa_signal_wait_scacquire",3155425,3155425,1798,6201377336336434,6201377340336377
"HSA_CORE_API","hsa_signal_wait_scacquire",3155425,3155425,1799,6201377340336667,6201377344336590
"HSA_CORE_API","hsa_signal_wait_scacquire",3155425,3155425,1800,6201377344337200,6201377348337134
"HSA_CORE_API","hsa_signal_wait_scacquire",3155425,3155425,1801,6201377348337424,6201377352337357
"HSA_CORE_API","hsa_signal_wait_scacquire",3155425,3155425,1802,6201377352337937,6201377356337870
"HSA_CORE_API","hsa_signal_wait_scacquire",3155425,3155425,1803,6201377356338160,6201377360338094
"HSA_CORE_API","hsa_signal_wait_scacquire",3155425,3155425,1804,6201377360338594,6201377364338517
"HSA_CORE_API","hsa_signal_wait_scacquire",3155425,3155425,1805,6201377364338807,6201377368338740
"HSA_CORE_API","hsa_signal_wait_scacquire",3155425,3155425,1806,6201377368339030,6201377372338964
"HSA_CORE_API","hsa_signal_wait_scacquire",3155425,3155425,1807,6201377372339264,6201377376339197
"HSA_CORE_API","hsa_signal_wait_scacquire",3155425,3155425,1808,6201377376340007,6201377380339920
"HSA_CORE_API","hsa_signal_wait_scacquire",3155425,3155425,1809,6201377380340280,6201377384340204
"HSA_CORE_API","hsa_signal_wait_scacquire",3155425,3155425,1810,6201377384340794,6201377388340717
"HSA_CORE_API","hsa_signal_wait_scacquire",3155425,3155425,1811,6201377388341227,6201377392341150
"HSA_CORE_API","hsa_signal_wait_scacquire",3155425,3155425,1812,6201377392342460,6201377396342384
"HSA_CORE_API","hsa_signal_wait_scacquire",3155425,3155425,1813,6201377396342674,6201377400342597
"HSA_CORE_API","hsa_signal_wait_scacquire",3155425,3155425,1814,6201377400342887,6201377404343010
"HSA_CORE_API","hsa_signal_wait_scacquire",3155425,3155425,1815,6201377404343300,6201377408343224
"HSA_CORE_API","hsa_signal_wait_scacquire",3155425,3155425,1816,6201377408343524,6201377412343457
"HSA_CORE_API","hsa_signal_wait_scacquire",3155425,3155425,1817,6201377412343807,6201377416343740
"HSA_CORE_API","hsa_signal_wait_scacquire",3155425,3155425,1818,6201377416344110,6201377420344054
"HSA_CORE_API","hsa_signal_wait_scacquire",3155425,3155425,1819,6201377420344824,6201377424344747
"HSA_CORE_API","hsa_signal_wait_scacquire",3155425,3155425,1820,6201377424345047,6201377428345250
"HSA_CORE_API","hsa_signal_wait_scacquire",3155425,3155425,1821,6201377428345760,6201377432345674
"HSA_CORE_API","hsa_signal_wait_scacquire",3155425,3155425,1822,6201377432350104,6201377436350037
"HSA_CORE_API","hsa_signal_wait_scacquire",3155425,3155425,1823,6201377436350327,6201377440350250
"HSA_CORE_API","hsa_signal_wait_scacquire",3155425,3155425,1824,6201377440350540,6201377444350464
"HSA_CORE_API","hsa_signal_wait_scacquire",3155425,3155425,1825,6201377444351004,6201377448350927
"HSA_CORE_API","hsa_signal_wait_scacquire",3155425,3155425,1826,6201377448351527,6201377452351460
"HSA_CORE_API","hsa_signal_wait_scacquire",3155425,3155425,1827,6201377452351760,6201377456351684
"HSA_CORE_API","hsa_signal_wait_scacquire",3155425,3155425,1828,6201377456351984,6201377460351917
"HSA_CORE_API","hsa_signal_wait_scacquire",3155425,3155425,1829,6201377460352207,6201377464352140
"HSA_CORE_API","hsa_signal_wait_scacquire",3155425,3155425,1830,6201377464352430,6201377468352364
"HSA_CORE_API","hsa_signal_wait_scacquire",3155425,3155425,1831,6201377468352654,6201377472352577
"HSA_CORE_API","hsa_signal_wait_scacquire",3155425,3155425,1832,6201377472352867,6201377476352801
"HSA_CORE_API","hsa_signal_wait_scacquire",3155425,3155425,1833,6201377476353161,6201377480353094
"HSA_CORE_API","hsa_signal_wait_scacquire",3155425,3155425,1834,6201377480353394,6201377484353327
"HSA_CORE_API","hsa_signal_wait_scacquire",3155425,3155425,1835,6201377484353617,6201377488353561
"HSA_CORE_API","hsa_signal_wait_scacquire",3155425,3155425,1836,6201377488353861,6201377492353784
"HSA_CORE_API","hsa_signal_wait_scacquire",3155425,3155425,1837,6201377492354454,6201377496354367
"HSA_CORE_API","hsa_signal_wait_scacquire",3155425,3155425,1838,6201377496354667,6201377500354601
"HSA_CORE_API","hsa_signal_wait_scacquire",3155425,3155425,1839,6201377500354891,6201377504354834
"HSA_CORE_API","hsa_signal_wait_scacquire",3155425,3155425,1840,6201377504355124,6201377508355237
"HSA_CORE_API","hsa_signal_wait_scacquire",3155425,3155425,1841,6201377508355737,6201377512355671
"HSA_CORE_API","hsa_signal_wait_scacquire",3155425,3155425,1842,6201377512355961,6201377516355894
"HSA_CORE_API","hsa_signal_wait_scacquire",3155425,3155425,1843,6201377516356184,6201377520356117
"HSA_CORE_API","hsa_signal_wait_scacquire",3155425,3155425,1844,6201377520356407,6201377524356321
"HSA_CORE_API","hsa_signal_wait_scacquire",3155425,3155425,1845,6201377524356621,6201377528356544
"HSA_CORE_API","hsa_signal_wait_scacquire",3155425,3155425,1846,6201377528356834,6201377532356767
"HSA_CORE_API","hsa_signal_wait_scacquire",3155425,3155425,1847,6201377532357067,6201377536357001
"HSA_CORE_API","hsa_signal_wait_scacquire",3155425,3155425,1848,6201377536357291,6201377540357214
"HSA_CORE_API","hsa_signal_wait_scacquire",3155425,3155425,1849,6201377540357714,6201377544357647
"HSA_CORE_API","hsa_signal_wait_scacquire",3155425,3155425,1850,6201377544358127,6201377548358051
"HSA_CORE_API","hsa_signal_wait_scacquire",3155425,3155425,1851,6201377548358341,6201377552358264
"HSA_CORE_API","hsa_signal_wait_scacquire",3155425,3155425,1852,6201377552358564,6201377556358687
"HSA_CORE_API","hsa_signal_wait_scacquire",3155425,3155425,1853,6201377556358977,6201377560358901
"HSA_CORE_API","hsa_signal_wait_scacquire",3155425,3155425,1854,6201377560359201,6201377564359134
"HSA_CORE_API","hsa_signal_wait_scacquire",3155425,3155425,1855,6201377564359524,6201377568359447
"HSA_CORE_API","hsa_signal_wait_scacquire",3155425,3155425,1856,6201377568359747,6201377572359681
"HSA_CORE_API","hsa_signal_wait_scacquire",3155425,3155425,1857,6201377572360341,6201377576360264
"HSA_CORE_API","hsa_signal_wait_scacquire",3155425,3155425,1858,6201377576367554,6201377580367477
"HSA_CORE_API","hsa_signal_wait_scacquire",3155425,3155425,1859,6201377580367777,6201377584367701
"HSA_CORE_API","hsa_signal_wait_scacquire",3155425,3155425,1860,6201377584368001,6201377588367934
"HSA_CORE_API","hsa_signal_wait_scacquire",3155425,3155425,1861,6201377588368234,6201377592368177
"HSA_CORE_API","hsa_signal_wait_scacquire",3155425,3155425,1862,6201377592368487,6201377596368411
"HSA_CORE_API","hsa_signal_wait_scacquire",3155425,3155425,1863,6201377596368711,6201377600368644
"HSA_CORE_API","hsa_signal_wait_scacquire",3155425,3155425,1864,6201377600369114,6201377604369037
"HSA_CORE_API","hsa_signal_wait_scacquire",3155425,3155425,1865,6201377604369327,6201377608369261
"HSA_CORE_API","hsa_signal_wait_scacquire",3155425,3155425,1866,6201377608369731,6201377612369654
"HSA_CORE_API","hsa_signal_wait_scacquire",3155425,3155425,1867,6201377612370144,6201377616370077
"HSA_CORE_API","hsa_signal_wait_scacquire",3155425,3155425,1868,6201377616370367,6201377620370301
"HSA_CORE_API","hsa_signal_wait_scacquire",3155425,3155425,1869,6201377620370601,6201377624370534
"HSA_CORE_API","hsa_signal_wait_scacquire",3155425,3155425,1870,6201377624370824,6201377628370758
"HSA_CORE_API","hsa_signal_wait_scacquire",3155425,3155425,1871,6201377628371048,6201377632370971
"HSA_CORE_API","hsa_signal_wait_scacquire",3155425,3155425,1872,6201377632371471,6201377636371394
"HSA_CORE_API","hsa_signal_wait_scacquire",3155425,3155425,1873,6201377636371754,6201377640371688
"HSA_CORE_API","hsa_signal_wait_scacquire",3155425,3155425,1874,6201377640371977,6201377644371901
"HSA_CORE_API","hsa_signal_wait_scacquire",3155425,3155425,1875,6201377644372201,6201377648372124
"HSA_CORE_API","hsa_signal_wait_scacquire",3155425,3155425,1876,6201377648372414,6201377652372348
"HSA_CORE_API","hsa_signal_wait_scacquire",3155425,3155425,1877,6201377652372638,6201377656372561
"HSA_CORE_API","hsa_signal_wait_scacquire",3155425,3155425,1878,6201377656372861,6201377660372794
"HSA_CORE_API","hsa_signal_wait_scacquire",3155425,3155425,1879,6201377660373084,6201377664373008
"HSA_CORE_API","hsa_signal_wait_scacquire",3155425,3155425,1880,6201377664373488,6201377668373421
"HSA_CORE_API","hsa_signal_wait_scacquire",3155425,3155425,1881,6201377668373771,6201377672373704
"HSA_CORE_API","hsa_signal_wait_scacquire",3155425,3155425,1882,6201377672374004,6201377676373928
"HSA_CORE_API","hsa_signal_wait_scacquire",3155425,3155425,1883,6201377676374228,6201377680374141
"HSA_CORE_API","hsa_signal_wait_scacquire",3155425,3155425,1884,6201377680374441,6201377684374564
"HSA_CORE_API","hsa_signal_wait_scacquire",3155425,3155425,1885,6201377684374934,6201377688374868
"HSA_CORE_API","hsa_signal_wait_scacquire",3155425,3155425,1886,6201377688375158,6201377692375081
"HSA_CORE_API","hsa_signal_wait_scacquire",3155425,3155425,1887,6201377692375371,6201377696375304
"HSA_CORE_API","hsa_signal_wait_scacquire",3155425,3155425,1888,6201377696375794,6201377700375718
"HSA_CORE_API","hsa_signal_wait_scacquire",3155425,3155425,1889,6201377700376168,6201377704376091
"HSA_CORE_API","hsa_signal_wait_scacquire",3155425,3155425,1890,6201377704376581,6201377708376494
"HSA_CORE_API","hsa_signal_wait_scacquire",3155425,3155425,1891,6201377708376884,6201377712376808
"HSA_CORE_API","hsa_signal_wait_scacquire",3155425,3155425,1892,6201377712377108,6201377716377041
"HSA_CORE_API","hsa_signal_wait_scacquire",3155425,3155425,1893,6201377716377331,6201377720377254
"HSA_CORE_API","hsa_signal_wait_scacquire",3155425,3155425,1894,6201377720377554,6201377724377478
"HSA_CORE_API","hsa_signal_wait_scacquire",3155425,3155425,1895,6201377724377778,6201377728377701
"HSA_CORE_API","hsa_signal_wait_scacquire",3155425,3155425,1896,6201377728381851,6201377732381784
"HSA_CORE_API","hsa_signal_wait_scacquire",3155425,3155425,1897,6201377732382074,6201377736381998
"HSA_CORE_API","hsa_signal_wait_scacquire",3155425,3155425,1898,6201377736382288,6201377740382211
"HSA_CORE_API","hsa_signal_wait_scacquire",3155425,3155425,1899,6201377740382601,6201377744382524
"HSA_CORE_API","hsa_signal_wait_scacquire",3155425,3155425,1900,6201377744383204,6201377748383128
"HSA_CORE_API","hsa_signal_wait_scacquire",3155425,3155425,1901,6201377748384008,6201377752383931
"HSA_CORE_API","hsa_signal_wait_scacquire",3155425,3155425,1902,6201377752384231,6201377756384154
"HSA_CORE_API","hsa_signal_wait_scacquire",3155425,3155425,1903,6201377756384824,6201377760384748
"HSA_CORE_API","hsa_signal_wait_scacquire",3155425,3155425,1904,6201377760385048,6201377764384961
"HSA_CORE_API","hsa_signal_wait_scacquire",3155425,3155425,1905,6201377764385261,6201377768385184
"HSA_CORE_API","hsa_signal_wait_scacquire",3155425,3155425,1906,6201377768385864,6201377772385798
"HSA_CORE_API","hsa_signal_wait_scacquire",3155425,3155425,1907,6201377772386328,6201377776386251
"HSA_CORE_API","hsa_signal_wait_scacquire",3155425,3155425,1908,6201377776386541,6201377780386464
"HSA_CORE_API","hsa_signal_wait_scacquire",3155425,3155425,1909,6201377780386754,6201377784386688
"HSA_CORE_API","hsa_signal_wait_scacquire",3155425,3155425,1910,6201377784387168,6201377788387101
"HSA_CORE_API","hsa_signal_wait_scacquire",3155425,3155425,1911,6201377788387401,6201377792387314
"HSA_CORE_API","hsa_signal_wait_scacquire",3155425,3155425,1912,6201377792387614,6201377796387548
"HSA_CORE_API","hsa_signal_wait_scacquire",3155425,3155425,1913,6201377796388398,6201377800388331
"HSA_CORE_API","hsa_signal_wait_scacquire",3155425,3155425,1914,6201377800388811,6201377804388924
"HSA_CORE_API","hsa_signal_wait_scacquire",3155425,3155425,1915,6201377804389784,6201377808389718
"HSA_CORE_API","hsa_signal_wait_scacquire",3155425,3155425,1916,6201377808390208,6201377812390131
"HSA_CORE_API","hsa_signal_wait_scacquire",3155425,3155425,1917,6201377812391091,6201377816391034
"HSA_CORE_API","hsa_signal_wait_scacquire",3155425,3155425,1918,6201377816391334,6201377820391268
"HSA_CORE_API","hsa_signal_wait_scacquire",3155425,3155425,1919,6201377820392138,6201377824392071
"HSA_CORE_API","hsa_signal_wait_scacquire",3155425,3155425,1920,6201377824392361,6201377828392294
"HSA_CORE_API","hsa_signal_wait_scacquire",3155425,3155425,1921,6201377828404914,6201377832404838
"HSA_CORE_API","hsa_signal_wait_scacquire",3155425,3155425,1922,6201377832406127,6201377836406051
"HSA_CORE_API","hsa_signal_wait_scacquire",3155425,3155425,1923,6201377836406571,6201377840406494
"HSA_CORE_API","hsa_signal_wait_scacquire",3155425,3155425,1924,6201377840406974,6201377844406907
"HSA_CORE_API","hsa_signal_wait_scacquire",3155425,3155425,1925,6201377844407197,6201377848407121
"HSA_CORE_API","hsa_signal_wait_scacquire",3155425,3155425,1926,6201377848407421,6201377852407354
"HSA_CORE_API","hsa_signal_wait_scacquire",3155425,3155425,1927,6201377852407644,6201377856407568
"HSA_CORE_API","hsa_signal_wait_scacquire",3155425,3155425,1928,6201377856408588,6201377860408511
"HSA_CORE_API","hsa_signal_wait_scacquire",3155425,3155425,1929,6201377860408811,6201377864408734
"HSA_CORE_API","hsa_signal_wait_scacquire",3155425,3155425,1930,6201377864409034,6201377868408947
"HSA_CORE_API","hsa_signal_wait_scacquire",3155425,3155425,1931,6201377868409257,6201377872409181
"HSA_CORE_API","hsa_signal_wait_scacquire",3155425,3155425,1932,6201377872409471,6201377876409414
"HSA_CORE_API","hsa_signal_wait_scacquire",3155425,3155425,1933,6201377876409704,6201377880409658
"HSA_CORE_API","hsa_signal_wait_scacquire",3155425,3155425,1934,6201377880409958,6201377884409881
"HSA_CORE_API","hsa_signal_wait_scacquire",3155425,3155425,1935,6201377884410171,6201377888410294
"HSA_CORE_API","hsa_signal_wait_scacquire",3155425,3155425,1936,6201377888410594,6201377892410508
"HSA_CORE_API","hsa_signal_wait_scacquire",3155425,3155425,1937,6201377892410808,6201377896410741
"HSA_CORE_API","hsa_signal_wait_scacquire",3155425,3155425,1938,6201377896411031,6201377900410964
"HSA_CORE_API","hsa_signal_wait_scacquire",3155425,3155425,1939,6201377900411254,6201377904411188
"HSA_CORE_API","hsa_signal_wait_scacquire",3155425,3155425,1940,6201377904411478,6201377908411411
"HSA_CORE_API","hsa_signal_wait_scacquire",3155425,3155425,1941,6201377908411701,6201377912411634
"HSA_CORE_API","hsa_signal_wait_scacquire",3155425,3155425,1942,6201377912411924,6201377916411848
"HSA_CORE_API","hsa_signal_wait_scacquire",3155425,3155425,1943,6201377916412148,6201377920412071
"HSA_CORE_API","hsa_signal_wait_scacquire",3155425,3155425,1944,6201377920412371,6201377924412294
"HSA_CORE_API","hsa_signal_wait_scacquire",3155425,3155425,1945,6201377924412594,6201377928412528
"HSA_CORE_API","hsa_signal_wait_scacquire",3155425,3155425,1946,6201377928412818,6201377932412751
"HSA_CORE_API","hsa_signal_wait_scacquire",3155425,3155425,1947,6201377932413041,6201377936412974
"HSA_CORE_API","hsa_signal_wait_scacquire",3155425,3155425,1948,6201377936413264,6201377940413388
"HSA_CORE_API","hsa_signal_wait_scacquire",3155425,3155425,1949,6201377940413868,6201377944413791
"HSA_CORE_API","hsa_signal_wait_scacquire",3155425,3155425,1950,6201377944414081,6201377948414014
"HSA_CORE_API","hsa_signal_wait_scacquire",3155425,3155425,1951,6201377948414514,6201377952414448
"HSA_CORE_API","hsa_signal_wait_scacquire",3155425,3155425,1952,6201377952414738,6201377956414661
"HSA_CORE_API","hsa_signal_wait_scacquire",3155425,3155425,1953,6201377956414951,6201377960414884
"HSA_CORE_API","hsa_signal_wait_scacquire",3155425,3155425,1954,6201377960415634,6201377964415558
"HSA_CORE_API","hsa_signal_wait_scacquire",3155425,3155425,1955,6201377964415858,6201377968415791
"HSA_CORE_API","hsa_signal_wait_scacquire",3155425,3155425,1956,6201377968418981,6201377972418914
"HSA_CORE_API","hsa_signal_wait_scacquire",3155425,3155425,1957,6201377972419204,6201377976419128
"HSA_CORE_API","hsa_signal_wait_scacquire",3155425,3155425,1958,6201377976419428,6201377980419351
"HSA_CORE_API","hsa_signal_wait_scacquire",3155425,3155425,1959,6201377980419741,6201377984419674
"HSA_CORE_API","hsa_signal_wait_scacquire",3155425,3155425,1960,6201377984419964,6201377988419898
"HSA_CORE_API","hsa_signal_wait_scacquire",3155425,3155425,1961,6201377988420198,6201377992420121
"HSA_CORE_API","hsa_signal_wait_scacquire",3155425,3155425,1962,6201377992420421,6201377996420334
"HSA_CORE_API","hsa_signal_wait_scacquire",3155425,3155425,1963,6201377996420634,6201378000420558
"HSA_CORE_API","hsa_signal_wait_scacquire",3155425,3155425,1964,6201378000420878,6201378004420861
"HSA_CORE_API","hsa_signal_wait_scacquire",3155425,3155425,1965,6201378004421171,6201378008421134
"HSA_CORE_API","hsa_signal_wait_scacquire",3155425,3155425,1966,6201378008421444,6201378012421378
"HSA_CORE_API","hsa_signal_wait_scacquire",3155425,3155425,1967,6201378012421668,6201378016421591
"HSA_CORE_API","hsa_signal_wait_scacquire",3155425,3155425,1968,6201378016421881,6201378020421814
"HSA_CORE_API","hsa_signal_wait_scacquire",3155425,3155425,1969,6201378020422114,6201378024422038
"HSA_CORE_API","hsa_signal_wait_scacquire",3155425,3155425,1970,6201378024422338,6201378028422461
"HSA_CORE_API","hsa_signal_wait_scacquire",3155425,3155425,1971,6201378028422751,6201378032422674
"HSA_CORE_API","hsa_signal_wait_scacquire",3155425,3155425,1972,6201378032423124,6201378036423048
"HSA_CORE_API","hsa_signal_wait_scacquire",3155425,3155425,1973,6201378036423348,6201378040423271
"HSA_CORE_API","hsa_signal_wait_scacquire",3155425,3155425,1974,6201378040423571,6201378044423504
"HSA_CORE_API","hsa_signal_wait_scacquire",3155425,3155425,1975,6201378044424064,6201378048423988
"HSA_CORE_API","hsa_signal_wait_scacquire",3155425,3155425,1976,6201378048424278,6201378052424221
"HSA_CORE_API","hsa_signal_wait_scacquire",3155425,3155425,1977,6201378052424701,6201378056424624
"HSA_CORE_API","hsa_signal_wait_scacquire",3155425,3155425,1978,6201378056424924,6201378060424848
"HSA_CORE_API","hsa_signal_wait_scacquire",3155425,3155425,1979,6201378060425148,6201378064425081
"HSA_CORE_API","hsa_signal_wait_scacquire",3155425,3155425,1980,6201378064425371,6201378068425314
"HSA_CORE_API","hsa_signal_wait_scacquire",3155425,3155425,1981,6201378068425754,6201378072425678
"HSA_CORE_API","hsa_signal_wait_scacquire",3155425,3155425,1982,6201378072425978,6201378076425901
"HSA_CORE_API","hsa_signal_wait_scacquire",3155425,3155425,1983,6201378076426201,6201378080426125
"HSA_CORE_API","hsa_signal_wait_scacquire",3155425,3155425,1984,6201378080426415,6201378084426348
"HSA_CORE_API","hsa_signal_wait_scacquire",3155425,3155425,1985,6201378084426878,6201378088426821
"HSA_CORE_API","hsa_signal_wait_scacquire",3155425,3155425,1986,6201378088429091,6201378092429015
"HSA_CORE_API","hsa_signal_wait_scacquire",3155425,3155425,1987,6201378092429315,6201378096429238
"HSA_CORE_API","hsa_signal_wait_scacquire",3155425,3155425,1988,6201378096429548,6201378100429481
"HSA_CORE_API","hsa_signal_wait_scacquire",3155425,3155425,1989,6201378100429941,6201378104429875
"HSA_CORE_API","hsa_signal_wait_scacquire",3155425,3155425,1990,6201378104430165,6201378108430098
"HSA_CORE_API","hsa_signal_wait_scacquire",3155425,3155425,1991,6201378108430388,6201378112430311
"HSA_CORE_API","hsa_signal_wait_scacquire",3155425,3155425,1992,6201378112430611,6201378116430535
"HSA_CORE_API","hsa_signal_wait_scacquire",3155425,3155425,1993,6201378116431465,6201378120431388
"HSA_CORE_API","hsa_signal_wait_scacquire",3155425,3155425,1994,6201378120431688,6201378124431621
"HSA_CORE_API","hsa_signal_wait_scacquire",3155425,3155425,1995,6201378124431911,6201378128431855
"HSA_CORE_API","hsa_signal_wait_scacquire",3155425,3155425,1996,6201378128432155,6201378132432118
"HSA_CORE_API","hsa_signal_wait_scacquire",3155425,3155425,1997,6201378132432428,6201378136432341
"HSA_CORE_API","hsa_signal_wait_scacquire",3155425,3155425,1998,6201378136432631,6201378140432575
"HSA_CORE_API","hsa_signal_wait_scacquire",3155425,3155425,1999,6201378140432865,6201378144432798
"HSA_CORE_API","hsa_signal_wait_scacquire",3155425,3155425,2000,6201378144433088,6201378148433011
"HSA_CORE_API","hsa_signal_wait_scacquire",3155425,3155425,2001,6201378148433311,6201378152433235
"HSA_CORE_API","hsa_signal_wait_scacquire",3155425,3155425,2002,6201378152433525,6201378156433458
"HSA_CORE_API","hsa_signal_wait_scacquire",3155425,3155425,2003,6201378156433748,6201378160433671
"HSA_CORE_API","hsa_signal_wait_scacquire",3155425,3155425,2004,6201378160433961,6201378164433885
"HSA_CORE_API","hsa_signal_wait_scacquire",3155425,3155425,2005,6201378164434185,6201378168434118
"HSA_CORE_API","hsa_signal_wait_scacquire",3155425,3155425,2006,6201378168434408,6201378172434341
"HSA_CORE_API","hsa_signal_wait_scacquire",3155425,3155425,2007,6201378172434621,6201378176434555
"HSA_CORE_API","hsa_signal_wait_scacquire",3155425,3155425,2008,6201378176435035,6201378180434958
"HSA_CORE_API","hsa_signal_wait_scacquire",3155425,3155425,2009,6201378180435638,6201378184435571
"HSA_CORE_API","hsa_signal_wait_scacquire",3155425,3155425,2010,6201378184436021,6201378188435965
"HSA_CORE_API","hsa_signal_wait_scacquire",3155425,3155425,2011,6201378188436425,6201378192436358
"HSA_CORE_API","hsa_signal_wait_scacquire",3155425,3155425,2012,6201378192436648,6201378196436571
"HSA_CORE_API","hsa_signal_wait_scacquire",3155425,3155425,2013,6201378196436961,6201378200436875
"HSA_CORE_API","hsa_signal_wait_scacquire",3155425,3155425,2014,6201378200437265,6201378204437188
"HSA_CORE_API","hsa_signal_wait_scacquire",3155425,3155425,2015,6201378204437488,6201378208437411
"HSA_CORE_API","hsa_signal_wait_scacquire",3155425,3155425,2016,6201378208437711,6201378212437645
"HSA_CORE_API","hsa_signal_wait_scacquire",3155425,3155425,2017,6201378212437945,6201378216437878
"HSA_CORE_API","hsa_signal_wait_scacquire",3155425,3155425,2018,6201378216438168,6201378220438111
"HSA_CORE_API","hsa_signal_wait_scacquire",3155425,3155425,2019,6201378220438401,6201378224438335
"HSA_CORE_API","hsa_signal_wait_scacquire",3155425,3155425,2020,6201378224438625,6201378228438558
"HSA_CORE_API","hsa_signal_wait_scacquire",3155425,3155425,2021,6201378228438858,6201378232438991
"HSA_CORE_API","hsa_signal_wait_scacquire",3155425,3155425,2022,6201378232439471,6201378236439395
"HSA_CORE_API","hsa_signal_wait_scacquire",3155425,3155425,2023,6201378236439695,6201378240439618
"HSA_CORE_API","hsa_signal_wait_scacquire",3155425,3155425,2024,6201378240439908,6201378244439841
"HSA_CORE_API","hsa_signal_wait_scacquire",3155425,3155425,2025,6201378244440131,6201378248440055
"HSA_CORE_API","hsa_signal_wait_scacquire",3155425,3155425,2026,6201378248440355,6201378252440288
"HSA_CORE_API","hsa_signal_wait_scacquire",3155425,3155425,2027,6201378252440578,6201378256440501
"HSA_CORE_API","hsa_signal_wait_scacquire",3155425,3155425,2028,6201378256440801,6201378260440925
"HSA_CORE_API","hsa_signal_wait_scacquire",3155425,3155425,2029,6201378260441405,6201378264441328
"HSA_CORE_API","hsa_signal_wait_scacquire",3155425,3155425,2030,6201378264442578,6201378268442501
"HSA_CORE_API","hsa_signal_wait_scacquire",3155425,3155425,2031,6201378268443371,6201378272443305
"HSA_CORE_API","hsa_signal_wait_scacquire",3155425,3155425,2032,6201378272443595,6201378276443548
"HSA_CORE_API","hsa_signal_wait_scacquire",3155425,3155425,2033,6201378276443848,6201378280443772
"HSA_CORE_API","hsa_signal_wait_scacquire",3155425,3155425,2034,6201378280444072,6201378284444005
"HSA_CORE_API","hsa_signal_wait_scacquire",3155425,3155425,2035,6201378284444305,6201378288444238
"HSA_CORE_API","hsa_signal_wait_scacquire",3155425,3155425,2036,6201378288444538,6201378292444461
"HSA_CORE_API","hsa_signal_wait_scacquire",3155425,3155425,2037,6201378292444761,6201378296444695
"HSA_CORE_API","hsa_signal_wait_scacquire",3155425,3155425,2038,6201378296444985,6201378300444918
"HSA_CORE_API","hsa_signal_wait_scacquire",3155425,3155425,2039,6201378300445208,6201378304445132
"HSA_CORE_API","hsa_signal_wait_scacquire",3155425,3155425,2040,6201378304445432,6201378308445365
"HSA_CORE_API","hsa_signal_wait_scacquire",3155425,3155425,2041,6201378308445755,6201378312445688
"HSA_CORE_API","hsa_signal_wait_scacquire",3155425,3155425,2042,6201378312446078,6201378316446002
"HSA_CORE_API","hsa_signal_wait_scacquire",3155425,3155425,2043,6201378316446302,6201378320446225
"HSA_CORE_API","hsa_signal_wait_scacquire",3155425,3155425,2044,6201378320446705,6201378324446638
"HSA_CORE_API","hsa_signal_wait_scacquire",3155425,3155425,2045,6201378324447238,6201378328447182
"HSA_CORE_API","hsa_signal_wait_scacquire",3155425,3155425,2046,6201378328447472,6201378332447415
"HSA_CORE_API","hsa_signal_wait_scacquire",3155425,3155425,2047,6201378332447705,6201378336447628
"HSA_CORE_API","hsa_signal_wait_scacquire",3155425,3155425,2048,6201378336447918,6201378340447842
"HSA_CORE_API","hsa_signal_wait_scacquire",3155425,3155425,2049,6201378340448482,6201378344448395
"HSA_CORE_API","hsa_signal_wait_scacquire",3155425,3155425,2050,6201378344450485,6201378348450408
"HSA_CORE_API","hsa_signal_wait_scacquire",3155425,3155425,2051,6201378348450708,6201378352450622
"HSA_CORE_API","hsa_signal_wait_scacquire",3155425,3155425,2052,6201378352450912,6201378356450845
"HSA_CORE_API","hsa_signal_wait_scacquire",3155425,3155425,2053,6201378356451145,6201378360451068
"HSA_CORE_API","hsa_signal_wait_scacquire",3155425,3155425,2054,6201378360451368,6201378364451292
"HSA_CORE_API","hsa_signal_wait_scacquire",3155425,3155425,2055,6201378364451582,6201378368451515
"HSA_CORE_API","hsa_signal_wait_scacquire",3155425,3155425,2056,6201378368451815,6201378372451748
"HSA_CORE_API","hsa_signal_wait_scacquire",3155425,3155425,2057,6201378372452038,6201378376452202
"HSA_CORE_API","hsa_signal_wait_scacquire",3155425,3155425,2058,6201378376452692,6201378380452615
"HSA_CORE_API","hsa_signal_wait_scacquire",3155425,3155425,2059,6201378380452915,6201378384452848
"HSA_CORE_API","hsa_signal_wait_scacquire",3155425,3155425,2060,6201378384453138,6201378388453092
"HSA_CORE_API","hsa_signal_wait_scacquire",3155425,3155425,2061,6201378388453392,6201378392453325
"HSA_CORE_API","hsa_signal_wait_scacquire",3155425,3155425,2062,6201378392454015,6201378396453948
"HSA_CORE_API","hsa_signal_wait_scacquire",3155425,3155425,2063,6201378396454238,6201378400454172
"HSA_CORE_API","hsa_signal_wait_scacquire",3155425,3155425,2064,6201378400454462,6201378404454385
"HSA_CORE_API","hsa_signal_wait_scacquire",3155425,3155425,2065,6201378404454675,6201378408454598
"HSA_CORE_API","hsa_signal_wait_scacquire",3155425,3155425,2066,6201378408454898,6201378412454832
"HSA_CORE_API","hsa_signal_wait_scacquire",3155425,3155425,2067,6201378412455122,6201378416455055
"HSA_CORE_API","hsa_signal_wait_scacquire",3155425,3155425,2068,6201378416455345,6201378420455278
"HSA_CORE_API","hsa_signal_wait_scacquire",3155425,3155425,2069,6201378420455568,6201378424455502
"HSA_CORE_API","hsa_signal_wait_scacquire",3155425,3155425,2070,6201378424455792,6201378428455725
"HSA_CORE_API","hsa_signal_wait_scacquire",3155425,3155425,2071,6201378428456015,6201378432455958
"HSA_CORE_API","hsa_signal_wait_scacquire",3155425,3155425,2072,6201378432456248,6201378436456162
"HSA_CORE_API","hsa_signal_wait_scacquire",3155425,3155425,2073,6201378436456462,6201378440456395
"HSA_CORE_API","hsa_signal_wait_scacquire",3155425,3155425,2074,6201378440456695,6201378444456628
"HSA_CORE_API","hsa_signal_wait_scacquire",3155425,3155425,2075,6201378444456918,6201378448456852
"HSA_CORE_API","hsa_signal_wait_scacquire",3155425,3155425,2076,6201378448457872,6201378452457795
"HSA_CORE_API","hsa_signal_wait_scacquire",3155425,3155425,2077,6201378452458095,6201378456458028
"HSA_CORE_API","hsa_signal_wait_scacquire",3155425,3155425,2078,6201378456458318,6201378460458242
"HSA_CORE_API","hsa_signal_wait_scacquire",3155425,3155425,2079,6201378460458542,6201378464458465
"HSA_CORE_API","hsa_signal_wait_scacquire",3155425,3155425,2080,6201378464458765,6201378468458688
"HSA_CORE_API","hsa_signal_wait_scacquire",3155425,3155425,2081,6201378468458988,6201378472458902
"HSA_CORE_API","hsa_signal_wait_scacquire",3155425,3155425,2082,6201378472459202,6201378476459125
"HSA_CORE_API","hsa_signal_wait_scacquire",3155425,3155425,2083,6201378476459415,6201378480459548
"HSA_CORE_API","hsa_signal_wait_scacquire",3155425,3155425,2084,6201378480460048,6201378484459972
"HSA_CORE_API","hsa_signal_wait_scacquire",3155425,3155425,2085,6201378484460272,6201378488460215
"HSA_CORE_API","hsa_signal_wait_scacquire",3155425,3155425,2086,6201378488460765,6201378492460698
"HSA_CORE_API","hsa_signal_wait_scacquire",3155425,3155425,2087,6201378492460988,6201378496460922
"HSA_CORE_API","hsa_signal_wait_scacquire",3155425,3155425,2088,6201378496461212,6201378500461135
"HSA_CORE_API","hsa_signal_wait_scacquire",3155425,3155425,2089,6201378500461425,6201378504461359
"HSA_CORE_API","hsa_signal_wait_scacquire",3155425,3155425,2090,6201378504461649,6201378508461572
"HSA_CORE_API","hsa_signal_wait_scacquire",3155425,3155425,2091,6201378508461872,6201378512461795
"HSA_CORE_API","hsa_signal_wait_scacquire",3155425,3155425,2092,6201378512462285,6201378516462219
"HSA_CORE_API","hsa_signal_wait_scacquire",3155425,3155425,2093,6201378516462518,6201378520462442
"HSA_CORE_API","hsa_signal_wait_scacquire",3155425,3155425,2094,6201378520462742,6201378524462655
"HSA_CORE_API","hsa_signal_wait_scacquire",3155425,3155425,2095,6201378524462955,6201378528462889
"HSA_CORE_API","hsa_signal_wait_scacquire",3155425,3155425,2096,6201378528463179,6201378532463112
"HSA_CORE_API","hsa_signal_wait_scacquire",3155425,3155425,2097,6201378532463402,6201378536463335
"HSA_CORE_API","hsa_signal_wait_scacquire",3155425,3155425,2098,6201378536463625,6201378540463539
"HSA_CORE_API","hsa_signal_wait_scacquire",3155425,3155425,2099,6201378540463839,6201378544463762
"HSA_CORE_API","hsa_signal_wait_scacquire",3155425,3155425,2100,6201378544464062,6201378548463975
"HSA_CORE_API","hsa_signal_wait_scacquire",3155425,3155425,2101,6201378548464275,6201378552464209
"HSA_CORE_API","hsa_signal_wait_scacquire",3155425,3155425,2102,6201378552464689,6201378556464602
"HSA_CORE_API","hsa_signal_wait_scacquire",3155425,3155425,2103,6201378556464902,6201378560464835
"HSA_CORE_API","hsa_signal_wait_scacquire",3155425,3155425,2104,6201378560465125,6201378564465059
"HSA_CORE_API","hsa_signal_wait_scacquire",3155425,3155425,2105,6201378564465349,6201378568465272
"HSA_CORE_API","hsa_signal_wait_scacquire",3155425,3155425,2106,6201378568465572,6201378572465505
"HSA_CORE_API","hsa_signal_wait_scacquire",3155425,3155425,2107,6201378572465805,6201378576465729
"HSA_CORE_API","hsa_signal_wait_scacquire",3155425,3155425,2108,6201378576466029,6201378580465952
"HSA_CORE_API","hsa_signal_wait_scacquire",3155425,3155425,2109,6201378580466242,6201378584466165
"HSA_CORE_API","hsa_signal_wait_scacquire",3155425,3155425,2110,6201378584466455,6201378588466399
"HSA_CORE_API","hsa_signal_wait_scacquire",3155425,3155425,2111,6201378588466699,6201378592466622
"HSA_CORE_API","hsa_signal_wait_scacquire",3155425,3155425,2112,6201378592467312,6201378596467255
"HSA_CORE_API","hsa_signal_wait_scacquire",3155425,3155425,2113,6201378596470175,6201378600470109
"HSA_CORE_API","hsa_signal_wait_scacquire",3155425,3155425,2114,6201378600470689,6201378604470612
"HSA_CORE_API","hsa_signal_wait_scacquire",3155425,3155425,2115,6201378604470892,6201378608470825
"HSA_CORE_API","hsa_signal_wait_scacquire",3155425,3155425,2116,6201378608471485,6201378612471409
"HSA_CORE_API","hsa_signal_wait_scacquire",3155425,3155425,2117,6201378612471709,6201378616471622
"HSA_CORE_API","hsa_signal_wait_scacquire",3155425,3155425,2118,6201378616471922,6201378620471845
"HSA_CORE_API","hsa_signal_wait_scacquire",3155425,3155425,2119,6201378620472145,6201378624472069
"HSA_CORE_API","hsa_signal_wait_scacquire",3155425,3155425,2120,6201378624472369,6201378628472292
"HSA_CORE_API","hsa_signal_wait_scacquire",3155425,3155425,2121,6201378628472592,6201378632472525
"HSA_CORE_API","hsa_signal_wait_scacquire",3155425,3155425,2122,6201378632473215,6201378636473149
"HSA_CORE_API","hsa_signal_wait_scacquire",3155425,3155425,2123,6201378636473449,6201378640473382
"HSA_CORE_API","hsa_signal_wait_scacquire",3155425,3155425,2124,6201378640473672,6201378644473605
"HSA_CORE_API","hsa_signal_wait_scacquire",3155425,3155425,2125,6201378644473895,6201378648473829
"HSA_CORE_API","hsa_signal_wait_scacquire",3155425,3155425,2126,6201378648474319,6201378652474252
"HSA_CORE_API","hsa_signal_wait_scacquire",3155425,3155425,2127,6201378652474542,6201378656474465
"HSA_CORE_API","hsa_signal_wait_scacquire",3155425,3155425,2128,6201378656474765,6201378660474689
"HSA_CORE_API","hsa_signal_wait_scacquire",3155425,3155425,2129,6201378660476329,6201378664476252
"HSA_CORE_API","hsa_signal_wait_scacquire",3155425,3155425,2130,6201378664476552,6201378668476475
"HSA_CORE_API","hsa_signal_wait_scacquire",3155425,3155425,2131,6201378668476765,6201378672476709
"HSA_CORE_API","hsa_signal_wait_scacquire",3155425,3155425,2132,6201378672476999,6201378676476922
"HSA_CORE_API","hsa_signal_wait_scacquire",3155425,3155425,2133,6201378676477222,6201378680477155
"HSA_CORE_API","hsa_signal_wait_scacquire",3155425,3155425,2134,6201378680477445,6201378684477369
"HSA_CORE_API","hsa_signal_wait_scacquire",3155425,3155425,2135,6201378684477669,6201378688477582
"HSA_CORE_API","hsa_signal_wait_scacquire",3155425,3155425,2136,6201378688477882,6201378692477805
"HSA_CORE_API","hsa_signal_wait_scacquire",3155425,3155425,2137,6201378692478105,6201378696478029
"HSA_CORE_API","hsa_signal_wait_scacquire",3155425,3155425,2138,6201378696478329,6201378700478262
"HSA_CORE_API","hsa_signal_wait_scacquire",3155425,3155425,2139,6201378700478552,6201378704478475
"HSA_CORE_API","hsa_signal_wait_scacquire",3155425,3155425,2140,6201378704478765,6201378708478689
"HSA_CORE_API","hsa_signal_wait_scacquire",3155425,3155425,2141,6201378708478989,6201378712478922
"HSA_CORE_API","hsa_signal_wait_scacquire",3155425,3155425,2142,6201378712479222,6201378716479145
"HSA_CORE_API","hsa_signal_wait_scacquire",3155425,3155425,2143,6201378716479435,6201378720479359
"HSA_CORE_API","hsa_signal_wait_scacquire",3155425,3155425,2144,6201378720479659,6201378724479592
"HSA_CORE_API","hsa_signal_wait_scacquire",3155425,3155425,2145,6201378724479882,6201378728479816
"HSA_CORE_API","hsa_signal_wait_scacquire",3155425,3155425,2146,6201378728480106,6201378732480039
"HSA_CORE_API","hsa_signal_wait_scacquire",3155425,3155425,2147,6201378732480329,6201378736480262
"HSA_CORE_API","hsa_signal_wait_scacquire",3155425,3155425,2148,6201378736480552,6201378740480476
"HSA_CORE_API","hsa_signal_wait_scacquire",3155425,3155425,2149,6201378740480776,6201378744480689
"HSA_CORE_API","hsa_signal_wait_scacquire",3155425,3155425,2150,6201378744480989,6201378748481112
"HSA_CORE_API","hsa_signal_wait_scacquire",3155425,3155425,2151,6201378748481592,6201378752481515
"HSA_CORE_API","hsa_signal_wait_scacquire",3155425,3155425,2152,6201378752481815,6201378756481739
"HSA_CORE_API","hsa_signal_wait_scacquire",3155425,3155425,2153,6201378756482039,6201378760481962
"HSA_CORE_API","hsa_signal_wait_scacquire",3155425,3155425,2154,6201378760482262,6201378764482176
"HSA_CORE_API","hsa_signal_wait_scacquire",3155425,3155425,2155,6201378764482476,6201378768482409
"HSA_CORE_API","hsa_signal_wait_scacquire",3155425,3155425,2156,6201378768482699,6201378772482622
"HSA_CORE_API","hsa_signal_wait_scacquire",3155425,3155425,2157,6201378772482922,6201378776482845
"HSA_CORE_API","hsa_signal_wait_scacquire",3155425,3155425,2158,6201378776483145,6201378780483069
"HSA_CORE_API","hsa_signal_wait_scacquire",3155425,3155425,2159,6201378780483369,6201378784483302
"HSA_CORE_API","hsa_signal_wait_scacquire",3155425,3155425,2160,6201378784483592,6201378788483526
"HSA_CORE_API","hsa_signal_wait_scacquire",3155425,3155425,2161,6201378788483826,6201378792483749
"HSA_CORE_API","hsa_signal_wait_scacquire",3155425,3155425,2162,6201378792484049,6201378796483962
"HSA_CORE_API","hsa_signal_wait_scacquire",3155425,3155425,2163,6201378796484262,6201378800484185
"HSA_CORE_API","hsa_signal_wait_scacquire",3155425,3155425,2164,6201378800484475,6201378804484409
"HSA_CORE_API","hsa_signal_wait_scacquire",3155425,3155425,2165,6201378804484709,6201378808484642
"HSA_CORE_API","hsa_signal_wait_scacquire",3155425,3155425,2166,6201378808484932,6201378812484866
"HSA_CORE_API","hsa_signal_wait_scacquire",3155425,3155425,2167,6201378812485156,6201378816485099
"HSA_CORE_API","hsa_signal_wait_scacquire",3155425,3155425,2168,6201378816485399,6201378820485332
"HSA_CORE_API","hsa_signal_wait_scacquire",3155425,3155425,2169,6201378820485622,6201378824485555
"HSA_CORE_API","hsa_signal_wait_scacquire",3155425,3155425,2170,6201378824485845,6201378828485779
"HSA_CORE_API","hsa_signal_wait_scacquire",3155425,3155425,2171,6201378828486069,6201378832485992
"HSA_CORE_API","hsa_signal_wait_scacquire",3155425,3155425,2172,6201378832486282,6201378836486206
"HSA_CORE_API","hsa_signal_wait_scacquire",3155425,3155425,2173,6201378836486506,6201378840486439
"HSA_CORE_API","hsa_signal_wait_scacquire",3155425,3155425,2174,6201378840486739,6201378844486672
"HSA_CORE_API","hsa_signal_wait_scacquire",3155425,3155425,2175,6201378844486962,6201378848486896
"HSA_CORE_API","hsa_signal_wait_scacquire",3155425,3155425,2176,6201378848487176,6201378852487099
"HSA_CORE_API","hsa_signal_wait_scacquire",3155425,3155425,2177,6201378852489069,6201378856488982
"HSA_CORE_API","hsa_signal_wait_scacquire",3155425,3155425,2178,6201378856489562,6201378860489506
"HSA_CORE_API","hsa_signal_wait_scacquire",3155425,3155425,2179,6201378860489886,6201378864489809
"HSA_CORE_API","hsa_signal_wait_scacquire",3155425,3155425,2180,6201378864490319,6201378868490242
"HSA_CORE_API","hsa_signal_wait_scacquire",3155425,3155425,2181,6201378868490642,6201378872490565
"HSA_CORE_API","hsa_signal_wait_scacquire",3155425,3155425,2182,6201378872491045,6201378876490979
"HSA_CORE_API","hsa_signal_wait_scacquire",3155425,3155425,2183,6201378876491269,6201378880491192
"HSA_CORE_API","hsa_signal_wait_scacquire",3155425,3155425,2184,6201378880491482,6201378884491606
"HSA_CORE_API","hsa_signal_wait_scacquire",3155425,3155425,2185,6201378884492086,6201378888492039
"HSA_CORE_API","hsa_signal_wait_scacquire",3155425,3155425,2186,6201378888492329,6201378892492262
"HSA_CORE_API","hsa_signal_wait_scacquire",3155425,3155425,2187,6201378892492552,6201378896492475
"HSA_CORE_API","hsa_signal_wait_scacquire",3155425,3155425,2188,6201378896492775,6201378900492709
"HSA_CORE_API","hsa_signal_wait_scacquire",3155425,3155425,2189,6201378900493429,6201378904493362
"HSA_CORE_API","hsa_signal_wait_scacquire",3155425,3155425,2190,6201378904493652,6201378908493586
"HSA_CORE_API","hsa_signal_wait_scacquire",3155425,3155425,2191,6201378908494266,6201378912494399
"HSA_CORE_API","hsa_signal_wait_scacquire",3155425,3155425,2192,6201378912494689,6201378916494612
"HSA_CORE_API","hsa_signal_wait_scacquire",3155425,3155425,2193,6201378916494912,6201378920494835
"HSA_CORE_API","hsa_signal_wait_scacquire",3155425,3155425,2194,6201378920495135,6201378924495059
"HSA_CORE_API","hsa_signal_wait_scacquire",3155425,3155425,2195,6201378924495649,6201378928495572
"HSA_CORE_API","hsa_signal_wait_scacquire",3155425,3155425,2196,6201378928495872,6201378932495796
"HSA_CORE_API","hsa_signal_wait_scacquire",3155425,3155425,2197,6201378932496086,6201378936496009
"HSA_CORE_API","hsa_signal_wait_scacquire",3155425,3155425,2198,6201378936496309,6201378940496232
"HSA_CORE_API","hsa_signal_wait_scacquire",3155425,3155425,2199,6201378940496522,6201378944496466
"HSA_CORE_API","hsa_signal_wait_scacquire",3155425,3155425,2200,6201378944496756,6201378948496679
"HSA_CORE_API","hsa_signal_wait_scacquire",3155425,3155425,2201,6201378948496979,6201378952496902
"HSA_CORE_API","hsa_signal_wait_scacquire",3155425,3155425,2202,6201378952497202,6201378956497136
"HSA_CORE_API","hsa_signal_wait_scacquire",3155425,3155425,2203,6201378956497436,6201378960497359
"HSA_CORE_API","hsa_signal_wait_scacquire",3155425,3155425,2204,6201378960497659,6201378964497792
"HSA_CORE_API","hsa_signal_wait_scacquire",3155425,3155425,2205,6201378964498312,6201378968498246
"HSA_CORE_API","hsa_signal_wait_scacquire",3155425,3155425,2206,6201378968498536,6201378972498469
"HSA_CORE_API","hsa_signal_wait_scacquire",3155425,3155425,2207,6201378972498749,6201378976498682
"HSA_CORE_API","hsa_signal_wait_scacquire",3155425,3155425,2208,6201378976498972,6201378980499096
"HSA_CORE_API","hsa_signal_wait_scacquire",3155425,3155425,2209,6201378980499576,6201378984499499
"HSA_CORE_API","hsa_signal_wait_scacquire",3155425,3155425,2210,6201378984499779,6201378988499732
"HSA_CORE_API","hsa_signal_wait_scacquire",3155425,3155425,2211,6201378988500032,6201378992499956
"HSA_CORE_API","hsa_signal_wait_scacquire",3155425,3155425,2212,6201378992500256,6201378996500179
"HSA_CORE_API","hsa_signal_wait_scacquire",3155425,3155425,2213,6201378996500479,6201379000500402
"HSA_CORE_API","hsa_signal_wait_scacquire",3155425,3155425,2214,6201379000500712,6201379004500656
"HSA_CORE_API","hsa_signal_wait_scacquire",3155425,3155425,2215,6201379004500956,6201379008500889
"HSA_CORE_API","hsa_signal_wait_scacquire",3155425,3155425,2216,6201379008501179,6201379012501112
"HSA_CORE_API","hsa_signal_wait_scacquire",3155425,3155425,2217,6201379012501402,6201379016501326
"HSA_CORE_API","hsa_signal_wait_scacquire",3155425,3155425,2218,6201379016501626,6201379020501559
"HSA_CORE_API","hsa_signal_wait_scacquire",3155425,3155425,2219,6201379020501849,6201379024501782
"HSA_CORE_API","hsa_signal_wait_scacquire",3155425,3155425,2220,6201379024502072,6201379028501996
"HSA_CORE_API","hsa_signal_wait_scacquire",3155425,3155425,2221,6201379028502306,6201379032502239
"HSA_CORE_API","hsa_signal_wait_scacquire",3155425,3155425,2222,6201379032502539,6201379036502462
"HSA_CORE_API","hsa_signal_wait_scacquire",3155425,3155425,2223,6201379036502752,6201379040502676
"HSA_CORE_API","hsa_signal_wait_scacquire",3155425,3155425,2224,6201379040502976,6201379044502909
"HSA_CORE_API","hsa_signal_wait_scacquire",3155425,3155425,2225,6201379044503199,6201379048503132
"HSA_CORE_API","hsa_signal_wait_scacquire",3155425,3155425,2226,6201379048503422,6201379052503356
"HSA_CORE_API","hsa_signal_wait_scacquire",3155425,3155425,2227,6201379052503646,6201379056503579
"HSA_CORE_API","hsa_signal_wait_scacquire",3155425,3155425,2228,6201379056503869,6201379060504002
"HSA_CORE_API","hsa_signal_wait_scacquire",3155425,3155425,2229,6201379060504482,6201379064504396
"HSA_CORE_API","hsa_signal_wait_scacquire",3155425,3155425,2230,6201379064504696,6201379068504629
"HSA_CORE_API","hsa_signal_wait_scacquire",3155425,3155425,2231,6201379068504919,6201379072504842
"HSA_CORE_API","hsa_signal_wait_scacquire",3155425,3155425,2232,6201379072505142,6201379076505066
"HSA_CORE_API","hsa_signal_wait_scacquire",3155425,3155425,2233,6201379076505366,6201379080505299
"HSA_CORE_API","hsa_signal_wait_scacquire",3155425,3155425,2234,6201379080505589,6201379084505512
"HSA_CORE_API","hsa_signal_wait_scacquire",3155425,3155425,2235,6201379084505812,6201379088505756
"HSA_CORE_API","hsa_signal_wait_scacquire",3155425,3155425,2236,6201379088506056,6201379092505989
"HSA_CORE_API","hsa_signal_wait_scacquire",3155425,3155425,2237,6201379092506279,6201379096506212
"HSA_CORE_API","hsa_signal_wait_scacquire",3155425,3155425,2238,6201379096506502,6201379100506416
"HSA_CORE_API","hsa_signal_wait_scacquire",3155425,3155425,2239,6201379100506706,6201379104506629
"HSA_CORE_API","hsa_signal_wait_scacquire",3155425,3155425,2240,6201379104506919,6201379108506842
"HSA_CORE_API","hsa_signal_wait_scacquire",3155425,3155425,2241,6201379108507472,6201379112507396
"HSA_CORE_API","hsa_signal_wait_scacquire",3155425,3155425,2242,6201379112509006,6201379116508939
"HSA_CORE_API","hsa_signal_wait_scacquire",3155425,3155425,2243,6201379116509229,6201379120509162
"HSA_CORE_API","hsa_signal_wait_scacquire",3155425,3155425,2244,6201379120509452,6201379124509386
"HSA_CORE_API","hsa_signal_wait_scacquire",3155425,3155425,2245,6201379124509676,6201379128509629
"HSA_CORE_API","hsa_signal_wait_scacquire",3155425,3155425,2246,6201379128509949,6201379132509882
"HSA_CORE_API","hsa_signal_wait_scacquire",3155425,3155425,2247,6201379132510172,6201379136510116
"HSA_CORE_API","hsa_signal_wait_scacquire",3155425,3155425,2248,6201379136510406,6201379140510529
"HSA_CORE_API","hsa_signal_wait_scacquire",3155425,3155425,2249,6201379140511009,6201379144510932
"HSA_CORE_API","hsa_signal_wait_scacquire",3155425,3155425,2250,6201379144511232,6201379148511156
"HSA_CORE_API","hsa_signal_wait_scacquire",3155425,3155425,2251,6201379148511456,6201379152511379
"HSA_CORE_API","hsa_signal_wait_scacquire",3155425,3155425,2252,6201379152511679,6201379156511832
"HSA_CORE_API","hsa_signal_wait_scacquire",3155425,3155425,2253,6201379156512142,6201379160512076
"HSA_CORE_API","hsa_signal_wait_scacquire",3155425,3155425,2254,6201379160512366,6201379164512299
"HSA_CORE_API","hsa_signal_wait_scacquire",3155425,3155425,2255,6201379164512589,6201379168512522
"HSA_CORE_API","hsa_signal_wait_scacquire",3155425,3155425,2256,6201379168512832,6201379172512766
"HSA_CORE_API","hsa_signal_wait_scacquire",3155425,3155425,2257,6201379172513056,6201379176512989
"HSA_CORE_API","hsa_signal_wait_scacquire",3155425,3155425,2258,6201379176513279,6201379180513202
"HSA_CORE_API","hsa_signal_wait_scacquire",3155425,3155425,2259,6201379180513492,6201379184513446
"HSA_CORE_API","hsa_signal_wait_scacquire",3155425,3155425,2260,6201379184513746,6201379188513689
"HSA_CORE_API","hsa_signal_wait_scacquire",3155425,3155425,2261,6201379188513989,6201379192513912
"HSA_CORE_API","hsa_signal_wait_scacquire",3155425,3155425,2262,6201379192514212,6201379196514346
"HSA_CORE_API","hsa_signal_wait_scacquire",3155425,3155425,2263,6201379196514836,6201379200514769
"HSA_CORE_API","hsa_signal_wait_scacquire",3155425,3155425,2264,6201379200515069,6201379204515002
"HSA_CORE_API","hsa_signal_wait_scacquire",3155425,3155425,2265,6201379204516042,6201379206982529
"HSA_CORE_API","hsa_signal_load_relaxed",3155425,3155425,2266,6201379206996108,6201379206996178
"HSA_CORE_API","hsa_signal_load_relaxed",3155425,3155425,2267,6201379206996578,6201379206996608
"HSA_CORE_API","hsa_signal_load_relaxed",3155425,3155425,2268,6201379206996928,6201379206996958
"HSA_CORE_API","hsa_signal_load_relaxed",3155425,3155425,2269,6201379206997248,6201379206997278
"HSA_CORE_API","hsa_queue_add_write_index_screlease",3155425,3155425,2270,6201379207031828,6201379207032198
"HSA_CORE_API","hsa_signal_load_relaxed",3155425,3155425,2271,6201379207032858,6201379207032998
"HSA_CORE_API","hsa_signal_load_relaxed",3155425,3155425,2272,6201379207033278,6201379207033308
"HSA_CORE_API","hsa_signal_load_relaxed",3155425,3155425,2273,6201379207033668,6201379207033688
"HSA_CORE_API","hsa_signal_silent_store_relaxed",3155425,3155425,2274,6201379207034058,6201379207034088
"HSA_CORE_API","hsa_queue_load_read_index_scacquire",3155425,3155425,2275,6201379207034478,6201379207034728
"HSA_CORE_API","hsa_signal_store_screlease",3155425,3155425,2276,6201379207035148,6201379207035208
"HSA_CORE_API","hsa_signal_load_relaxed",3155425,3155425,2277,6201379207035728,6201379207035758
"HSA_CORE_API","hsa_signal_load_relaxed",3155425,3155425,2278,6201379207036058,6201379207036088
"HSA_CORE_API","hsa_signal_wait_scacquire",3155425,3155425,2279,6201379207036378,6201379207045097
"HSA_CORE_API","hsa_signal_load_relaxed",3155425,3155425,2280,6201379207046367,6201379207046397
"HSA_CORE_API","hsa_queue_add_write_index_screlease",3155425,3155425,2281,6201379207101956,6201379207101986
"HSA_CORE_API","hsa_queue_load_read_index_relaxed",3155425,3155425,2282,6201379207102326,6201379207102546
"HSA_CORE_API","hsa_signal_load_relaxed",3155425,3155425,2283,6201379207103306,6201379207103346
"HSA_CORE_API","hsa_signal_load_relaxed",3155425,3155425,2284,6201379207103616,6201379207103646
"HSA_CORE_API","hsa_signal_load_relaxed",3155425,3155425,2285,6201379207103936,6201379207103956
"HSA_CORE_API","hsa_signal_silent_store_relaxed",3155425,3155425,2286,6201379207104276,6201379207104476
"HSA_CORE_API","hsa_queue_load_read_index_scacquire",3155425,3155425,2287,6201379207111696,6201379207111726
"HSA_CORE_API","hsa_signal_store_screlease",3155425,3155425,2288,6201379207112076,6201379207112106
"HSA_CORE_API","hsa_signal_load_relaxed",3155425,3155515,2289,6201379207156215,6201379207156435
"HSA_CORE_API","hsa_signal_load_relaxed",3155425,3155515,2290,6201379207163385,6201379207163455
"HSA_CORE_API","hsa_signal_load_relaxed",3155425,3155515,2291,6201379207164265,6201379207164435
