"Domain","Function","Process_Id","Thread_Id","Correlation_Id","Start_Timestamp","End_Timestamp"
"HSA_CORE_API","hsa_system_get_major_extension_table",3140595,3140595,1,6201145267837518,6201145267838138
"HSA_CORE_API","hsa_agent_get_info",3140595,3140595,3,6201145267850207,6201145267850377
"HSA_CORE_API","hsa_agent_get_info",3140595,3140595,4,6201145267859017,6201145267859057
"HSA_CORE_API","hsa_agent_get_info",3140595,3140595,5,6201145267859887,6201145267859987
"HSA_CORE_API","hsa_iterate_agents",3140595,3140595,2,6201145267847848,6201145267860387
"HSA_CORE_API","hsa_agent_get_info",3140595,3140595,6,6201145267862287,6201145267862507
"HSA_CORE_API","hsa_agent_get_info",3140595,3140595,7,6201145267862797,6201145267862857
"HSA_CORE_API","hsa_agent_iterate_isas",3140595,3140595,8,6201145267864937,6201145267865577
"HSA_CORE_API","hsa_isa_get_info_alt",3140595,3140595,9,6201145267867097,6201145267878057
"HSA_CORE_API","hsa_isa_get_info_alt",3140595,3140595,10,6201145267878647,6201145267879817
"HSA_CORE_API","hsa_agent_get_info",3140595,3140595,11,6201145267886607,6201145267886667
"HSA_CORE_API","hsa_agent_get_info",3140595,3140595,12,6201145267886957,6201145267887187
"HSA_CORE_API","hsa_agent_get_info",3140595,3140595,13,6201145267889737,6201145267889787
"HSA_CORE_API","hsa_agent_get_info",3140595,3140595,14,6201145267933996,6201145267934046
"HSA_CORE_API","hsa_agent_get_info",3140595,3140595,15,6201145267934326,6201145267934356
"HSA_CORE_API","hsa_agent_get_info",3140595,3140595,16,6201145267936356,6201145267936426
"HSA_CORE_API","hsa_agent_get_info",3140595,3140595,17,6201145267936796,6201145267939806
"HSA_CORE_API","hsa_agent_get_info",3140595,3140595,18,6201145267940106,6201145267940156
"HSA_CORE_API","hsa_agent_get_info",3140595,3140595,19,6201145267940416,6201145267940446
"HSA_CORE_API","hsa_agent_get_info",3140595,3140595,20,6201145267940706,6201145267942056
"HSA_CORE_API","hsa_agent_get_info",3140595,3140595,21,6201145267942326,6201145267942656
"HSA_CORE_API","hsa_agent_get_info",3140595,3140595,22,6201145267949525,6201145267949565
"HSA_CORE_API","hsa_agent_get_info",3140595,3140595,23,6201145267949855,6201145267949885
"HSA_CORE_API","hsa_agent_get_info",3140595,3140595,24,6201145267950155,6201145267950185
"HSA_CORE_API","hsa_agent_get_info",3140595,3140595,25,6201145267950525,6201145267950565
"HSA_CORE_API","hsa_agent_get_info",3140595,3140595,26,6201145267950825,6201145267950855
"HSA_CORE_API","hsa_agent_get_info",3140595,3140595,27,6201145267951125,6201145267951155
"HSA_CORE_API","hsa_agent_get_info",3140595,3140595,28,6201145267954615,6201145267954665
"HSA_CORE_API","hsa_agent_get_info",3140595,3140595,29,6201145267961955,6201145267961995
"HSA_CORE_API","hsa_agent_get_info",3140595,3140595,30,6201145267962275,6201145267962315
"HSA_CORE_API","hsa_agent_get_info",3140595,3140595,31,6201145267962685,6201145267962725
"HSA_CORE_API","hsa_agent_get_info",3140595,3140595,32,6201145267962985,6201145267963005
"HSA_CORE_API","hsa_agent_get_info",3140595,3140595,33,6201145267969915,6201145267999074
"HSA_CORE_API","hsa_agent_get_info",3140595,3140595,34,6201145267999524,6201145267999564
"HSA_CORE_API","hsa_agent_get_info",3140595,3140595,35,6201145267999834,6201145267999864
"HSA_CORE_API","hsa_agent_get_info",3140595,3140595,36,6201145268006134,6201145268006354
"HSA_CORE_API","hsa_agent_get_info",3140595,3140595,37,6201145268006674,6201145268006694
"HSA_CORE_API","hsa_agent_get_info",3140595,3140595,38,6201145268006964,6201145268006994
"HSA_CORE_API","hsa_agent_get_info",3140595,3140595,39,6201145268007254,6201145268007284
"HSA_CORE_API","hsa_agent_get_info",3140595,3140595,40,6201145268007544,6201145268007574
"HSA_CORE_API","hsa_agent_get_info",3140595,3140595,41,6201145268007834,6201145268007864
"HSA_CORE_API","hsa_agent_get_info",3140595,3140595,42,6201145268008124,6201145268008154
"HSA_CORE_API","hsa_agent_get_info",3140595,3140595,43,6201145268008414,6201145268008444
"HSA_CORE_API","hsa_agent_get_info",3140595,3140595,44,6201145268008714,6201145268008764
"HSA_CORE_API","hsa_agent_get_info",3140595,3140595,45,6201145268009024,6201145268009074
"HSA_CORE_API","hsa_agent_get_info",3140595,3140595,46,6201145268009334,6201145268009374
"HSA_CORE_API","hsa_agent_get_info",3140595,3140595,47,6201145268009634,6201145268009664
"HSA_CORE_API","hsa_agent_get_info",3140595,3140595,48,6201145268009934,6201145268010334
"HSA_CORE_API","hsa_agent_get_info",3140595,3140595,49,6201145268010604,6201145268010634
"HSA_CORE_API","hsa_system_get_info",3140595,3140595,50,6201145268069923,6201145268070413
"HSA_CORE_API","hsa_system_get_info",3140595,3140595,51,6201145268070833,6201145268071113
"HSA_CORE_API","hsa_agent_get_info",3140595,3140595,52,6201145268071403,6201145268071453
"HSA_CORE_API","hsa_agent_get_info",3140595,3140595,53,6201145268071733,6201145268071773
"HSA_CORE_API","hsa_system_get_info",3140595,3140595,54,6201145268072143,6201145268072173
"HSA_CORE_API","hsa_signal_create",3140595,3140595,55,6201145268080053,6201145268081543
"HSA_CORE_API","hsa_agent_get_info",3140595,3140595,56,6201145268459255,6201145268459505
"HSA_CORE_API","hsa_queue_create",3140595,3140595,57,6201145268461315,6201145279429361
"HSA_CORE_API","hsa_executable_create_alt",3140595,3140595,58,6201145286212377,6201145286223607
"HSA_CORE_API","hsa_code_object_reader_create_from_memory",3140595,3140595,59,6201145286226117,6201145286252026
"HSA_CORE_API","hsa_executable_load_agent_code_object",3140595,3140595,60,6201145286253716,6201145286407363
"HSA_CORE_API","hsa_signal_create",3140595,3140595,62,6201145286421993,6201145286423493
"HSA_CORE_API","hsa_signal_wait_scacquire",3140595,3140595,63,6201145286425753,6201145286440122
"HSA_CORE_API","hsa_signal_destroy",3140595,3140595,64,6201145286441242,6201145286441942
"HSA_CORE_API","hsa_executable_freeze",3140595,3140595,61,6201145286410153,6201145286636578
"HSA_CORE_API","hsa_executable_get_symbol_by_name",3140595,3140595,65,6201145286638738,6201145286639818
"HSA_CORE_API","hsa_executable_symbol_get_info",3140595,3140595,66,6201145286642848,6201145286642938
"HSA_CORE_API","hsa_executable_symbol_get_info",3140595,3140595,67,6201145286643298,6201145286643348
"HSA_CORE_API","hsa_agent_get_info",3140595,3140595,68,6201145286644148,6201145286644368
"HSA_CORE_API","hsa_executable_get_symbol_by_name",3140595,3140595,69,6201145286645348,6201145286645518
"HSA_CORE_API","hsa_executable_symbol_get_info",3140595,3140595,70,6201145286645788,6201145286645818
"HSA_CORE_API","hsa_executable_symbol_get_info",3140595,3140595,71,6201145286646068,6201145286646098
"HSA_CORE_API","hsa_agent_get_info",3140595,3140595,72,6201145286646428,6201145286646458
"HSA_CORE_API","hsa_executable_get_symbol_by_name",3140595,3140595,73,6201145286646998,6201145286647148
"HSA_CORE_API","hsa_executable_symbol_get_info",3140595,3140595,74,6201145286647398,6201145286647428
"HSA_CORE_API","hsa_executable_symbol_get_info",3140595,3140595,75,6201145286647678,6201145286647708
"HSA_CORE_API","hsa_agent_get_info",3140595,3140595,76,6201145286647958,6201145286647988
"HSA_CORE_API","hsa_executable_get_symbol_by_name",3140595,3140595,77,6201145286648488,6201145286648638
"HSA_CORE_API","hsa_executable_symbol_get_info",3140595,3140595,78,6201145286648898,6201145286648928
"HSA_CORE_API","hsa_executable_symbol_get_info",3140595,3140595,79,6201145286649178,6201145286649208
"HSA_CORE_API","hsa_agent_get_info",3140595,3140595,80,6201145286649508,6201145286649538
"HSA_CORE_API","hsa_executable_get_symbol_by_name",3140595,3140595,81,6201145286649978,6201145286650108
"HSA_CORE_API","hsa_executable_symbol_get_info",3140595,3140595,82,6201145286650368,6201145286650398
"HSA_CORE_API","hsa_executable_symbol_get_info",3140595,3140595,83,6201145286650648,6201145286650678
"HSA_CORE_API","hsa_agent_get_info",3140595,3140595,84,6201145286650928,6201145286650948
"HSA_CORE_API","hsa_executable_get_symbol_by_name",3140595,3140595,85,6201145286651388,6201145286651528
"HSA_CORE_API","hsa_executable_symbol_get_info",3140595,3140595,86,6201145286651788,6201145286651818
"HSA_CORE_API","hsa_executable_symbol_get_info",3140595,3140595,87,6201145286652068,6201145286652088
"HSA_CORE_API","hsa_agent_get_info",3140595,3140595,88,6201145286652398,6201145286652428
"HSA_CORE_API","hsa_executable_get_symbol_by_name",3140595,3140595,89,6201145286652818,6201145286652928
"HSA_CORE_API","hsa_executable_symbol_get_info",3140595,3140595,90,6201145286653178,6201145286653208
"HSA_CORE_API","hsa_executable_symbol_get_info",3140595,3140595,91,6201145286653458,6201145286653488
"HSA_CORE_API","hsa_agent_get_info",3140595,3140595,92,6201145286653728,6201145286653758
"HSA_CORE_API","hsa_executable_get_symbol_by_name",3140595,3140595,93,6201145286654168,6201145286654278
"HSA_CORE_API","hsa_executable_symbol_get_info",3140595,3140595,94,6201145286654538,6201145286654568
"HSA_CORE_API","hsa_executable_symbol_get_info",3140595,3140595,95,6201145286654818,6201145286654848
"HSA_CORE_API","hsa_agent_get_info",3140595,3140595,96,6201145286655108,6201145286655138
"HSA_CORE_API","hsa_executable_get_symbol_by_name",3140595,3140595,97,6201145286655568,6201145286655788
"HSA_CORE_API","hsa_executable_symbol_get_info",3140595,3140595,98,6201145286656048,6201145286656068
"HSA_CORE_API","hsa_executable_symbol_get_info",3140595,3140595,99,6201145286656318,6201145286656348
"HSA_CORE_API","hsa_agent_get_info",3140595,3140595,100,6201145286656608,6201145286656638
"HSA_CORE_API","hsa_executable_get_symbol_by_name",3140595,3140595,101,6201145286657068,6201145286657188
"HSA_CORE_API","hsa_executable_symbol_get_info",3140595,3140595,102,6201145286657448,6201145286657468
"HSA_CORE_API","hsa_executable_symbol_get_info",3140595,3140595,103,6201145286657728,6201145286657748
"HSA_CORE_API","hsa_agent_get_info",3140595,3140595,104,6201145286658008,6201145286658038
"HSA_CORE_API","hsa_system_get_info",3140595,3140595,105,6201145286664018,6201145286664358
"HSA_CORE_API","hsa_signal_create",3140595,3140595,106,6201145286673727,6201145286673847
"HSA_CORE_API","hsa_signal_create",3140595,3140595,107,6201145286674237,6201145286675427
"HSA_CORE_API","hsa_signal_create",3140595,3140595,108,6201145286675727,6201145286676137
"HSA_CORE_API","hsa_signal_create",3140595,3140595,109,6201145286676427,6201145286676997
"HSA_CORE_API","hsa_signal_create",3140595,3140595,110,6201145286677287,6201145286677627
"HSA_CORE_API","hsa_signal_load_relaxed",3140595,3140595,111,6201145286947372,6201145286947662
"HSA_CORE_API","hsa_queue_add_write_index_screlease",3140595,3140595,112,6201145286954611,6201145286955061
"HSA_CORE_API","hsa_signal_load_relaxed",3140595,3140595,113,6201145286955621,6201145286955671
"HSA_CORE_API","hsa_signal_load_relaxed",3140595,3140595,114,6201145286956081,6201145286956121
"HSA_CORE_API","hsa_signal_load_relaxed",3140595,3140595,115,6201145286956781,6201145286956811
"HSA_CORE_API","hsa_signal_silent_store_relaxed",3140595,3140595,116,6201145286958201,6201145286958291
"HSA_CORE_API","hsa_queue_load_read_index_scacquire",3140595,3140595,117,6201145286959741,6201145286959961
"HSA_CORE_API","hsa_signal_store_screlease",3140595,3140595,118,6201145286961431,6201145286961651
"HSA_CORE_API","hsa_signal_load_relaxed",3140595,3140595,119,6201145286963251,6201145286963271
"HSA_CORE_API","hsa_signal_wait_scacquire",3140595,3140595,120,6201145286964071,6201145286980781
"HSA_CORE_API","hsa_queue_add_write_index_screlease",3140595,3140595,121,6201145286994161,6201145286994191
"HSA_CORE_API","hsa_signal_load_relaxed",3140595,3140595,122,6201145286994501,6201145286994541
"HSA_CORE_API","hsa_signal_load_relaxed",3140595,3140595,123,6201145286994831,6201145286994861
"HSA_CORE_API","hsa_signal_load_relaxed",3140595,3140595,124,6201145286995131,6201145286995161
"HSA_CORE_API","hsa_signal_silent_store_relaxed",3140595,3140595,125,6201145286995451,6201145286995471
"HSA_CORE_API","hsa_queue_load_read_index_scacquire",3140595,3140595,126,6201145286995771,6201145286996101
"HSA_CORE_API","hsa_signal_store_screlease",3140595,3140595,127,6201145286996381,6201145286996411
"HSA_CORE_API","hsa_signal_load_relaxed",3140595,3140595,128,6201145286996851,6201145286996871
"HSA_CORE_API","hsa_signal_wait_scacquire",3140595,3140595,129,6201145286997271,6201145287005900
"HSA_CORE_API","hsa_queue_add_write_index_screlease",3140595,3140595,130,6201145287010410,6201145287010440
"HSA_CORE_API","hsa_signal_load_relaxed",3140595,3140595,131,6201145287010730,6201145287010780
"HSA_CORE_API","hsa_signal_load_relaxed",3140595,3140595,132,6201145287011040,6201145287011060
"HSA_CORE_API","hsa_signal_load_relaxed",3140595,3140595,133,6201145287011340,6201145287011370
"HSA_CORE_API","hsa_signal_silent_store_relaxed",3140595,3140595,134,6201145287011640,6201145287011670
"HSA_CORE_API","hsa_queue_load_read_index_scacquire",3140595,3140595,135,6201145287011940,6201145287012190
"HSA_CORE_API","hsa_signal_store_screlease",3140595,3140595,136,6201145287012460,6201145287012490
"HSA_CORE_API","hsa_signal_load_relaxed",3140595,3140595,137,6201145287012910,6201145287012930
"HSA_CORE_API","hsa_signal_wait_scacquire",3140595,3140595,138,6201145287013210,6201145287021060
"HSA_CORE_API","hsa_queue_add_write_index_screlease",3140595,3140595,139,6201145287023380,6201145287023410
"HSA_CORE_API","hsa_queue_load_read_index_relaxed",3140595,3140595,140,6201145287024420,6201145287024710
"HSA_CORE_API","hsa_signal_load_relaxed",3140595,3140595,141,6201145287025100,6201145287025140
"HSA_CORE_API","hsa_signal_load_relaxed",3140595,3140595,142,6201145287025400,6201145287025430
"HSA_CORE_API","hsa_signal_load_relaxed",3140595,3140595,143,6201145287025700,6201145287025730
"HSA_CORE_API","hsa_signal_silent_store_relaxed",3140595,3140595,144,6201145287026000,6201145287026030
"HSA_CORE_API","hsa_queue_load_read_index_scacquire",3140595,3140595,145,6201145287026360,6201145287026390
"HSA_CORE_API","hsa_signal_store_screlease",3140595,3140595,146,6201145287026700,6201145287026730
"HSA_CORE_API","hsa_signal_load_relaxed",3140595,3140595,147,6201145287028550,6201145287028570
"HSA_CORE_API","hsa_signal_load_relaxed",3140595,3140595,148,6201145287029160,6201145287029190
"HSA_CORE_API","hsa_signal_load_relaxed",3140595,3140595,149,6201145287029450,6201145287029480
"HSA_CORE_API","hsa_signal_load_relaxed",3140595,3140595,150,6201145287029750,6201145287029780
"HSA_CORE_API","hsa_signal_silent_store_relaxed",3140595,3140595,151,6201145287030040,6201145287030070
"HSA_CORE_API","hsa_signal_load_relaxed",3140595,3140595,152,6201145294224727,6201145294224947
"HSA_CORE_API","hsa_signal_wait_scacquire",3140595,3140595,153,6201145294226187,6201145294282466
"HSA_CORE_API","hsa_signal_load_relaxed",3140595,3140595,154,6201145294300895,6201145294300915
"HSA_CORE_API","hsa_signal_load_relaxed",3140595,3140595,155,6201145294301405,6201145294301545
"HSA_CORE_API","hsa_signal_load_relaxed",3140595,3140595,156,6201145294301825,6201145294301855
"HSA_CORE_API","hsa_signal_load_relaxed",3140595,3140595,157,6201145294302435,6201145294302465
"HSA_CORE_API","hsa_signal_silent_store_relaxed",3140595,3140595,158,6201145294302875,6201145294302905
"HSA_CORE_API","hsa_signal_load_relaxed",3140595,3140595,159,6201145294304435,6201145294304455
"HSA_CORE_API","hsa_signal_wait_scacquire",3140595,3140595,160,6201145294304745,6201145294314585
"HSA_CORE_API","hsa_signal_load_relaxed",3140595,3140595,161,6201145294762485,6201145294762525
"HSA_CORE_API","hsa_signal_load_relaxed",3140595,3140595,162,6201145294763045,6201145294763085
"HSA_CORE_API","hsa_signal_load_relaxed",3140595,3140595,163,6201145294763345,6201145294763365
"HSA_CORE_API","hsa_signal_load_relaxed",3140595,3140595,164,6201145294763645,6201145294763675
"HSA_CORE_API","hsa_signal_silent_store_relaxed",3140595,3140595,165,6201145294763965,6201145294763995
"HSA_CORE_API","hsa_queue_add_write_index_screlease",3140595,3140595,166,6201145294764805,6201145294765165
"HSA_CORE_API","hsa_queue_load_read_index_relaxed",3140595,3140595,167,6201145294765875,6201145294766205
"HSA_CORE_API","hsa_queue_load_read_index_scacquire",3140595,3140595,168,6201145294766645,6201145294766675
"HSA_CORE_API","hsa_signal_store_screlease",3140595,3140595,169,6201145294767245,6201145294767325
"HSA_CORE_API","hsa_queue_add_write_index_screlease",3140595,3140595,170,6201145294786785,6201145294786815
"HSA_CORE_API","hsa_queue_load_read_index_scacquire",3140595,3140595,171,6201145294787405,6201145294787675
"HSA_CORE_API","hsa_signal_store_screlease",3140595,3140595,172,6201145294788145,6201145294788175
"HSA_CORE_API","hsa_queue_add_write_index_screlease",3140595,3140595,173,6201145294790195,6201145294790225
"HSA_CORE_API","hsa_queue_load_read_index_scacquire",3140595,3140595,174,6201145294790615,6201145294790645
"HSA_CORE_API","hsa_signal_store_screlease",3140595,3140595,175,6201145294790985,6201145294791015
"HSA_CORE_API","hsa_queue_add_write_index_screlease",3140595,3140595,176,6201145294794105,6201145294794135
"HSA_CORE_API","hsa_queue_load_read_index_scacquire",3140595,3140595,177,6201145294794425,6201145294794455
"HSA_CORE_API","hsa_signal_store_screlease",3140595,3140595,178,6201145294794795,6201145294794825
"HSA_CORE_API","hsa_executable_create_alt",3140595,3140595,179,6201145295105518,6201145295107598
"HSA_CORE_API","hsa_code_object_reader_create_from_memory",3140595,3140595,180,6201145295108508,6201145295122508
"HSA_CORE_API","hsa_executable_load_agent_code_object",3140595,3140595,181,6201145295123068,6201145295250355
"HSA_CORE_API","hsa_signal_create",3140595,3140595,183,6201145295270765,6201145295271915
"HSA_CORE_API","hsa_signal_wait_scacquire",3140595,3140595,184,6201145295272705,6201145295288184
"HSA_CORE_API","hsa_signal_destroy",3140595,3140595,185,6201145295288784,6201145295289444
"HSA_CORE_API","hsa_executable_freeze",3140595,3140595,182,6201145295251465,6201145295383862
"HSA_CORE_API","hsa_executable_get_symbol_by_name",3140595,3140595,186,6201145295384582,6201145295385542
"HSA_CORE_API","hsa_executable_symbol_get_info",3140595,3140595,187,6201145295386052,6201145295386172
"HSA_CORE_API","hsa_executable_symbol_get_info",3140595,3140595,188,6201145295386512,6201145295386542
"HSA_CORE_API","hsa_agent_get_info",3140595,3140595,189,6201145295387002,6201145295387112
"HSA_CORE_API","hsa_executable_get_symbol_by_name",3140595,3140595,190,6201145295388092,6201145295388202
"HSA_CORE_API","hsa_executable_symbol_get_info",3140595,3140595,191,6201145295388462,6201145295388492
"HSA_CORE_API","hsa_executable_symbol_get_info",3140595,3140595,192,6201145295388742,6201145295388762
"HSA_CORE_API","hsa_agent_get_info",3140595,3140595,193,6201145295389142,6201145295389172
"HSA_CORE_API","hsa_executable_get_symbol_by_name",3140595,3140595,194,6201145295390532,6201145295390652
"HSA_CORE_API","hsa_executable_symbol_get_info",3140595,3140595,195,6201145295390912,6201145295390942
"HSA_CORE_API","hsa_executable_symbol_get_info",3140595,3140595,196,6201145295391192,6201145295391222
"HSA_CORE_API","hsa_agent_get_info",3140595,3140595,197,6201145295391472,6201145295391502
"HSA_CORE_API","hsa_queue_add_write_index_screlease",3140595,3140595,198,6201145295399952,6201145295400042
"HSA_CORE_API","hsa_queue_load_read_index_scacquire",3140595,3140595,199,6201145295400522,6201145295400762
"HSA_CORE_API","hsa_signal_store_screlease",3140595,3140595,200,6201145295401192,6201145295401302
"HSA_CORE_API","hsa_signal_load_relaxed",3140595,3140595,201,6201145295405172,6201145295405372
"HSA_CORE_API","hsa_signal_load_relaxed",3140595,3140595,202,6201145295405742,6201145295405772
"HSA_CORE_API","hsa_signal_load_relaxed",3140595,3140595,203,6201145295406112,6201145295406132
"HSA_CORE_API","hsa_signal_silent_store_relaxed",3140595,3140595,204,6201145295406512,6201145295406582
"HSA_CORE_API","hsa_queue_add_write_index_screlease",3140595,3140595,205,6201145295407082,6201145295407112
"HSA_CORE_API","hsa_queue_load_read_index_relaxed",3140595,3140595,206,6201145295407432,6201145295407502
"HSA_CORE_API","hsa_queue_load_read_index_scacquire",3140595,3140595,207,6201145295407832,6201145295407872
"HSA_CORE_API","hsa_signal_store_screlease",3140595,3140595,208,6201145295408142,6201145295408172
"HSA_CORE_API","hsa_signal_load_relaxed",3140595,3140595,209,6201145295409792,6201145295409822
"HSA_CORE_API","hsa_signal_wait_scacquire",3140595,3140595,210,6201145295410112,6201145299410357
"HSA_CORE_API","hsa_signal_wait_scacquire",3140595,3140595,211,6201145299410697,6201145303410902
"HSA_CORE_API","hsa_signal_wait_scacquire",3140595,3140595,212,6201145303411412,6201145307411616
"HSA_CORE_API","hsa_signal_wait_scacquire",3140595,3140595,213,6201145307411896,6201145311412431
"HSA_CORE_API","hsa_signal_wait_scacquire",3140595,3140595,214,6201145311412721,6201145315412926
"HSA_CORE_API","hsa_signal_wait_scacquire",3140595,3140595,215,6201145315413776,6201145319413971
"HSA_CORE_API","hsa_signal_wait_scacquire",3140595,3140595,216,6201145319414441,6201145323414436
"HSA_CORE_API","hsa_signal_wait_scacquire",3140595,3140595,217,6201145323414806,6201145327415011
"HSA_CORE_API","hsa_signal_wait_scacquire",3140595,3140595,218,6201145327415301,6201145331415506
"HSA_CORE_API","hsa_signal_wait_scacquire",3140595,3140595,219,6201145331416176,6201145335416381
"HSA_CORE_API","hsa_signal_wait_scacquire",3140595,3140595,220,6201145335416841,6201145339417046
"HSA_CORE_API","hsa_signal_wait_scacquire",3140595,3140595,221,6201145339417516,6201145343417721
"HSA_CORE_API","hsa_signal_wait_scacquire",3140595,3140595,222,6201145343418371,6201145347418566
"HSA_CORE_API","hsa_signal_wait_scacquire",3140595,3140595,223,6201145347419036,6201145351419251
"HSA_CORE_API","hsa_signal_wait_scacquire",3140595,3140595,224,6201145351419541,6201145355419736
"HSA_CORE_API","hsa_signal_wait_scacquire",3140595,3140595,225,6201145355420266,6201145359420461
"HSA_CORE_API","hsa_signal_wait_scacquire",3140595,3140595,226,6201145359420931,6201145363421126
"HSA_CORE_API","hsa_signal_wait_scacquire",3140595,3140595,227,6201145363421406,6201145367421601
"HSA_CORE_API","hsa_signal_wait_scacquire",3140595,3140595,228,6201145367422061,6201145371422256
"HSA_CORE_API","hsa_signal_wait_scacquire",3140595,3140595,229,6201145371422736,6201145375422931
"HSA_CORE_API","hsa_signal_wait_scacquire",3140595,3140595,230,6201145375423391,6201145379423586
"HSA_CORE_API","hsa_signal_wait_scacquire",3140595,3140595,231,6201145379424066,6201145383424271
"HSA_CORE_API","hsa_signal_wait_scacquire",3140595,3140595,232,6201145383424561,6201145387424766
"HSA_CORE_API","hsa_signal_wait_scacquire",3140595,3140595,233,6201145387425296,6201145391425490
"HSA_CORE_API","hsa_signal_wait_scacquire",3140595,3140595,234,6201145391425780,6201145395425985
"HSA_CORE_API","hsa_signal_wait_scacquire",3140595,3140595,235,6201145395426455,6201145399426650
"HSA_CORE_API","hsa_signal_wait_scacquire",3140595,3140595,236,6201145399427130,6201145403427325
"HSA_CORE_API","hsa_signal_wait_scacquire",3140595,3140595,237,6201145403427995,6201145407428190
"HSA_CORE_API","hsa_signal_wait_scacquire",3140595,3140595,238,6201145407428670,6201145411428865
"HSA_CORE_API","hsa_signal_wait_scacquire",3140595,3140595,239,6201145411429345,6201145415429540
"HSA_CORE_API","hsa_signal_wait_scacquire",3140595,3140595,240,6201145415429820,6201145419430015
"HSA_CORE_API","hsa_signal_wait_scacquire",3140595,3140595,241,6201145419430545,6201145423430740
"HSA_CORE_API","hsa_signal_wait_scacquire",3140595,3140595,242,6201145423431420,6201145427431615
"HSA_CORE_API","hsa_signal_wait_scacquire",3140595,3140595,243,6201145427432095,6201145431432330
"HSA_CORE_API","hsa_signal_wait_scacquire",3140595,3140595,244,6201145431432630,6201145435432825
"HSA_CORE_API","hsa_signal_wait_scacquire",3140595,3140595,245,6201145435433115,6201145439433310
"HSA_CORE_API","hsa_signal_wait_scacquire",3140595,3140595,246,6201145439433790,6201145443433985
"HSA_CORE_API","hsa_signal_wait_scacquire",3140595,3140595,247,6201145443434455,6201145447434650
"HSA_CORE_API","hsa_signal_wait_scacquire",3140595,3140595,248,6201145447435120,6201145451435315
"HSA_CORE_API","hsa_signal_wait_scacquire",3140595,3140595,249,6201145451436565,6201145455436760
"HSA_CORE_API","hsa_signal_wait_scacquire",3140595,3140595,250,6201145455437240,6201145459437445
"HSA_CORE_API","hsa_signal_wait_scacquire",3140595,3140595,251,6201145459437915,6201145463438110
"HSA_CORE_API","hsa_signal_wait_scacquire",3140595,3140595,252,6201145463438570,6201145467438775
"HSA_CORE_API","hsa_signal_wait_scacquire",3140595,3140595,253,6201145467439245,6201145471439440
"HSA_CORE_API","hsa_signal_wait_scacquire",3140595,3140595,254,6201145471439900,6201145475440104
"HSA_CORE_API","hsa_signal_wait_scacquire",3140595,3140595,255,6201145475440544,6201145479440739
"HSA_CORE_API","hsa_signal_wait_scacquire",3140595,3140595,256,6201145479441209,6201145483441414
"HSA_CORE_API","hsa_signal_wait_scacquire",3140595,3140595,257,6201145483442284,6201145487442479
"HSA_CORE_API","hsa_signal_wait_scacquire",3140595,3140595,258,6201145487450199,6201145491450404
"HSA_CORE_API","hsa_signal_wait_scacquire",3140595,3140595,259,6201145491450684,6201145495450879
"HSA_CORE_API","hsa_signal_wait_scacquire",3140595,3140595,260,6201145495451349,6201145499451564
"HSA_CORE_API","hsa_signal_wait_scacquire",3140595,3140595,261,6201145499452044,6201145503452439
"HSA_CORE_API","hsa_signal_wait_scacquire",3140595,3140595,262,6201145503452909,6201145507453094
"HSA_CORE_API","hsa_signal_wait_scacquire",3140595,3140595,263,6201145507453554,6201145511453749
"HSA_CORE_API","hsa_signal_wait_scacquire",3140595,3140595,264,6201145511454469,6201145515454674
"HSA_CORE_API","hsa_signal_wait_scacquire",3140595,3140595,265,6201145515455134,6201145519455329
"HSA_CORE_API","hsa_signal_wait_scacquire",3140595,3140595,266,6201145519456069,6201145523456264
"HSA_CORE_API","hsa_signal_wait_scacquire",3140595,3140595,267,6201145523456924,6201145527457129
"HSA_CORE_API","hsa_signal_wait_scacquire",3140595,3140595,268,6201145527457789,6201145531457964
"HSA_CORE_API","hsa_signal_wait_scacquire",3140595,3140595,269,6201145531458434,6201145535458639
"HSA_CORE_API","hsa_signal_wait_scacquire",3140595,3140595,270,6201145535459098,6201145539459294
"HSA_CORE_API","hsa_signal_wait_scacquire",3140595,3140595,271,6201145539459784,6201145543459988
"HSA_CORE_API","hsa_signal_wait_scacquire",3140595,3140595,272,6201145543460698,6201145547460904
"HSA_CORE_API","hsa_signal_wait_scacquire",3140595,3140595,273,6201145547461543,6201145551461738
"HSA_CORE_API","hsa_signal_wait_scacquire",3140595,3140595,274,6201145551462498,6201145555462683
"HSA_CORE_API","hsa_signal_wait_scacquire",3140595,3140595,275,6201145555463153,6201145559463348
"HSA_CORE_API","hsa_signal_wait_scacquire",3140595,3140595,276,6201145559463828,6201145563464023
"HSA_CORE_API","hsa_signal_wait_scacquire",3140595,3140595,277,6201145563464703,6201145567464898
"HSA_CORE_API","hsa_signal_wait_scacquire",3140595,3140595,278,6201145567465358,6201145571465553
"HSA_CORE_API","hsa_signal_wait_scacquire",3140595,3140595,279,6201145571465843,6201145575466028
"HSA_CORE_API","hsa_signal_wait_scacquire",3140595,3140595,280,6201145575466508,6201145579466713
"HSA_CORE_API","hsa_signal_wait_scacquire",3140595,3140595,281,6201145579467173,6201145583467368
"HSA_CORE_API","hsa_signal_wait_scacquire",3140595,3140595,282,6201145583468178,6201145587468383
"HSA_CORE_API","hsa_signal_wait_scacquire",3140595,3140595,283,6201145587469053,6201145591469358
"HSA_CORE_API","hsa_signal_wait_scacquire",3140595,3140595,284,6201145591469638,6201145595469853
"HSA_CORE_API","hsa_signal_wait_scacquire",3140595,3140595,285,6201145595470333,6201145599470738
"HSA_CORE_API","hsa_signal_wait_scacquire",3140595,3140595,286,6201145599471208,6201145603471413
"HSA_CORE_API","hsa_signal_wait_scacquire",3140595,3140595,287,6201145603471943,6201145607472138
"HSA_CORE_API","hsa_signal_wait_scacquire",3140595,3140595,288,6201145607472888,6201145611473083
"HSA_CORE_API","hsa_signal_wait_scacquire",3140595,3140595,289,6201145611473553,6201145615473748
"HSA_CORE_API","hsa_signal_wait_scacquire",3140595,3140595,290,6201145615474768,6201145619474962
"HSA_CORE_API","hsa_signal_wait_scacquire",3140595,3140595,291,6201145619475432,6201145623475627
"HSA_CORE_API","hsa_signal_wait_scacquire",3140595,3140595,292,6201145623476097,6201145627476292
"HSA_CORE_API","hsa_signal_wait_scacquire",3140595,3140595,293,6201145627476762,6201145631476967
"HSA_CORE_API","hsa_signal_wait_scacquire",3140595,3140595,294,6201145631477237,6201145635477442
"HSA_CORE_API","hsa_signal_wait_scacquire",3140595,3140595,295,6201145635477922,6201145639478117
"HSA_CORE_API","hsa_signal_wait_scacquire",3140595,3140595,296,6201145639478587,6201145643478782
"HSA_CORE_API","hsa_signal_wait_scacquire",3140595,3140595,297,6201145643479252,6201145647479447
"HSA_CORE_API","hsa_signal_wait_scacquire",3140595,3140595,298,6201145647479977,6201145651480172
"HSA_CORE_API","hsa_signal_wait_scacquire",3140595,3140595,299,6201145651480642,6201145655480837
"HSA_CORE_API","hsa_signal_wait_scacquire",3140595,3140595,300,6201145655481307,6201145659481502
"HSA_CORE_API","hsa_signal_wait_scacquire",3140595,3140595,301,6201145659481962,6201145663482167
"HSA_CORE_API","hsa_signal_wait_scacquire",3140595,3140595,302,6201145663482637,6201145667482842
"HSA_CORE_API","hsa_signal_wait_scacquire",3140595,3140595,303,6201145667483312,6201145672039985
"HSA_CORE_API","hsa_signal_wait_scacquire",3140595,3140595,304,6201145672045095,6201145676045610
"HSA_CORE_API","hsa_signal_wait_scacquire",3140595,3140595,305,6201145676046820,6201145680047035
"HSA_CORE_API","hsa_signal_wait_scacquire",3140595,3140595,306,6201145680049255,6201145684049460
"HSA_CORE_API","hsa_signal_wait_scacquire",3140595,3140595,307,6201145684049740,6201145688049925
"HSA_CORE_API","hsa_signal_wait_scacquire",3140595,3140595,308,6201145688050455,6201145692050650
"HSA_CORE_API","hsa_signal_wait_scacquire",3140595,3140595,309,6201145692051110,6201145696051304
"HSA_CORE_API","hsa_signal_wait_scacquire",3140595,3140595,310,6201145696051824,6201145700052020
"HSA_CORE_API","hsa_signal_wait_scacquire",3140595,3140595,311,6201145700052480,6201145704052675
"HSA_CORE_API","hsa_signal_wait_scacquire",3140595,3140595,312,6201145704053145,6201145708053339
"HSA_CORE_API","hsa_signal_wait_scacquire",3140595,3140595,313,6201145708053799,6201145712054024
"HSA_CORE_API","hsa_signal_wait_scacquire",3140595,3140595,314,6201145712055614,6201145716055799
"HSA_CORE_API","hsa_signal_wait_scacquire",3140595,3140595,315,6201145716056079,6201145720056484
"HSA_CORE_API","hsa_signal_wait_scacquire",3140595,3140595,316,6201145720056944,6201145724057139
"HSA_CORE_API","hsa_signal_wait_scacquire",3140595,3140595,317,6201145724057849,6201145728058044
"HSA_CORE_API","hsa_signal_wait_scacquire",3140595,3140595,318,6201145728058494,6201145732058689
"HSA_CORE_API","hsa_signal_wait_scacquire",3140595,3140595,319,6201145732059159,6201145736059354
"HSA_CORE_API","hsa_signal_wait_scacquire",3140595,3140595,320,6201145736059974,6201145740060179
"HSA_CORE_API","hsa_signal_wait_scacquire",3140595,3140595,321,6201145740061309,6201145744061504
"HSA_CORE_API","hsa_signal_wait_scacquire",3140595,3140595,322,6201145744067224,6201145748067429
"HSA_CORE_API","hsa_signal_wait_scacquire",3140595,3140595,323,6201145748067719,6201145752067924
"HSA_CORE_API","hsa_signal_wait_scacquire",3140595,3140595,324,6201145752068384,6201145756068569
"HSA_CORE_API","hsa_signal_wait_scacquire",3140595,3140595,325,6201145756069029,6201145760069223
"HSA_CORE_API","hsa_signal_wait_scacquire",3140595,3140595,326,6201145760069693,6201145764069888
"HSA_CORE_API","hsa_signal_wait_scacquire",3140595,3140595,327,6201145764070338,6201145768070543
"HSA_CORE_API","hsa_signal_wait_scacquire",3140595,3140595,328,6201145768071003,6201145772071188
"HSA_CORE_API","hsa_signal_wait_scacquire",3140595,3140595,329,6201145772071648,6201145776071853
"HSA_CORE_API","hsa_signal_wait_scacquire",3140595,3140595,330,6201145776073143,6201145780073338
"HSA_CORE_API","hsa_signal_wait_scacquire",3140595,3140595,331,6201145780073818,6201145784074033
"HSA_CORE_API","hsa_signal_wait_scacquire",3140595,3140595,332,6201145784074313,6201145788074518
"HSA_CORE_API","hsa_signal_wait_scacquire",3140595,3140595,333,6201145788075328,6201145792075523
"HSA_CORE_API","hsa_signal_wait_scacquire",3140595,3140595,334,6201145792075803,6201145796075998
"HSA_CORE_API","hsa_signal_wait_scacquire",3140595,3140595,335,6201145796076468,6201145800076693
"HSA_CORE_API","hsa_signal_wait_scacquire",3140595,3140595,336,6201145800077603,6201145804077788
"HSA_CORE_API","hsa_signal_wait_scacquire",3140595,3140595,337,6201145804078268,6201145808078463
"HSA_CORE_API","hsa_signal_wait_scacquire",3140595,3140595,338,6201145808079673,6201145812079868
"HSA_CORE_API","hsa_signal_wait_scacquire",3140595,3140595,339,6201145812080348,6201145816080543
"HSA_CORE_API","hsa_signal_wait_scacquire",3140595,3140595,340,6201145816081013,6201145820081208
"HSA_CORE_API","hsa_signal_wait_scacquire",3140595,3140595,341,6201145820081688,6201145824081883
"HSA_CORE_API","hsa_signal_wait_scacquire",3140595,3140595,342,6201145824082543,6201145828082737
"HSA_CORE_API","hsa_signal_wait_scacquire",3140595,3140595,343,6201145828083217,6201145832083412
"HSA_CORE_API","hsa_signal_wait_scacquire",3140595,3140595,344,6201145832083902,6201145836084097
"HSA_CORE_API","hsa_signal_wait_scacquire",3140595,3140595,345,6201145836084577,6201145840084772
"HSA_CORE_API","hsa_signal_wait_scacquire",3140595,3140595,346,6201145840085252,6201145844085457
"HSA_CORE_API","hsa_signal_wait_scacquire",3140595,3140595,347,6201145844085937,6201145848086132
"HSA_CORE_API","hsa_signal_wait_scacquire",3140595,3140595,348,6201145848086422,6201145852086607
"HSA_CORE_API","hsa_signal_wait_scacquire",3140595,3140595,349,6201145852087077,6201145856087282
"HSA_CORE_API","hsa_signal_wait_scacquire",3140595,3140595,350,6201145856088492,6201145860088687
"HSA_CORE_API","hsa_signal_wait_scacquire",3140595,3140595,351,6201145860089417,6201145864089722
"HSA_CORE_API","hsa_signal_wait_scacquire",3140595,3140595,352,6201145864090202,6201145868090397
"HSA_CORE_API","hsa_signal_wait_scacquire",3140595,3140595,353,6201145868091087,6201145872091282
"HSA_CORE_API","hsa_signal_wait_scacquire",3140595,3140595,354,6201145872091762,6201145876091957
"HSA_CORE_API","hsa_signal_wait_scacquire",3140595,3140595,355,6201145876096377,6201145880096582
"HSA_CORE_API","hsa_signal_wait_scacquire",3140595,3140595,356,6201145880096872,6201145884097067
"HSA_CORE_API","hsa_signal_wait_scacquire",3140595,3140595,357,6201145884097557,6201145888097752
"HSA_CORE_API","hsa_signal_wait_scacquire",3140595,3140595,358,6201145888098232,6201145892098427
"HSA_CORE_API","hsa_signal_wait_scacquire",3140595,3140595,359,6201145892098907,6201145896099101
"HSA_CORE_API","hsa_signal_wait_scacquire",3140595,3140595,360,6201145896099581,6201145900099776
"HSA_CORE_API","hsa_signal_wait_scacquire",3140595,3140595,361,6201145900100266,6201145904100471
"HSA_CORE_API","hsa_signal_wait_scacquire",3140595,3140595,362,6201145904100951,6201145908101146
"HSA_CORE_API","hsa_signal_wait_scacquire",3140595,3140595,363,6201145908101636,6201145912101831
"HSA_CORE_API","hsa_signal_wait_scacquire",3140595,3140595,364,6201145912102321,6201145916102526
"HSA_CORE_API","hsa_signal_wait_scacquire",3140595,3140595,365,6201145916102816,6201145920103011
"HSA_CORE_API","hsa_signal_wait_scacquire",3140595,3140595,366,6201145920103501,6201145924103706
"HSA_CORE_API","hsa_signal_wait_scacquire",3140595,3140595,367,6201145924104196,6201145928104401
"HSA_CORE_API","hsa_signal_wait_scacquire",3140595,3140595,368,6201145928105081,6201145932105276
"HSA_CORE_API","hsa_signal_wait_scacquire",3140595,3140595,369,6201145932105766,6201145936105961
"HSA_CORE_API","hsa_signal_wait_scacquire",3140595,3140595,370,6201145936106641,6201145940106846
"HSA_CORE_API","hsa_signal_wait_scacquire",3140595,3140595,371,6201145940107796,6201145944107991
"HSA_CORE_API","hsa_signal_wait_scacquire",3140595,3140595,372,6201145944108481,6201145948108686
"HSA_CORE_API","hsa_signal_wait_scacquire",3140595,3140595,373,6201145948109166,6201145952109371
"HSA_CORE_API","hsa_signal_wait_scacquire",3140595,3140595,374,6201145952109841,6201145956110046
"HSA_CORE_API","hsa_signal_wait_scacquire",3140595,3140595,375,6201145956110526,6201145960110721
"HSA_CORE_API","hsa_signal_wait_scacquire",3140595,3140595,376,6201145960111401,6201145964111595
"HSA_CORE_API","hsa_signal_wait_scacquire",3140595,3140595,377,6201145964112075,6201145968112270
"HSA_CORE_API","hsa_signal_wait_scacquire",3140595,3140595,378,6201145968112750,6201145972112955
"HSA_CORE_API","hsa_signal_wait_scacquire",3140595,3140595,379,6201145972113435,6201145976113640
"HSA_CORE_API","hsa_signal_wait_scacquire",3140595,3140595,380,6201145976114120,6201145980114325
"HSA_CORE_API","hsa_signal_wait_scacquire",3140595,3140595,381,6201145980114625,6201145984114830
"HSA_CORE_API","hsa_signal_wait_scacquire",3140595,3140595,382,6201145984115130,6201145988115325
"HSA_CORE_API","hsa_signal_wait_scacquire",3140595,3140595,383,6201145988115805,6201145992116000
"HSA_CORE_API","hsa_signal_wait_scacquire",3140595,3140595,384,6201145992116480,6201145996116675
"HSA_CORE_API","hsa_signal_wait_scacquire",3140595,3140595,385,6201145996117805,6201146000118000
"HSA_CORE_API","hsa_signal_wait_scacquire",3140595,3140595,386,6201146000129000,6201146004129205
"HSA_CORE_API","hsa_signal_wait_scacquire",3140595,3140595,387,6201146004129525,6201146008129740
"HSA_CORE_API","hsa_signal_wait_scacquire",3140595,3140595,388,6201146008130230,6201146012130424
"HSA_CORE_API","hsa_signal_wait_scacquire",3140595,3140595,389,6201146012130894,6201146016131109
"HSA_CORE_API","hsa_signal_wait_scacquire",3140595,3140595,390,6201146016131589,6201146020131784
"HSA_CORE_API","hsa_signal_wait_scacquire",3140595,3140595,391,6201146020132274,6201146024132469
"HSA_CORE_API","hsa_signal_wait_scacquire",3140595,3140595,392,6201146024132949,6201146028133144
"HSA_CORE_API","hsa_signal_wait_scacquire",3140595,3140595,393,6201146028133624,6201146032133829
"HSA_CORE_API","hsa_signal_wait_scacquire",3140595,3140595,394,6201146032134309,6201146036134504
"HSA_CORE_API","hsa_signal_wait_scacquire",3140595,3140595,395,6201146036134984,6201146040135189
"HSA_CORE_API","hsa_signal_wait_scacquire",3140595,3140595,396,6201146040135769,6201146044136264
"HSA_CORE_API","hsa_signal_wait_scacquire",3140595,3140595,397,6201146044137534,6201146048137849
"HSA_CORE_API","hsa_signal_wait_scacquire",3140595,3140595,398,6201146048138609,6201146052138804
"HSA_CORE_API","hsa_signal_wait_scacquire",3140595,3140595,399,6201146052139284,6201146056139479
"HSA_CORE_API","hsa_signal_wait_scacquire",3140595,3140595,400,6201146056139959,6201146060140194
"HSA_CORE_API","hsa_signal_wait_scacquire",3140595,3140595,401,6201146060140694,6201146064140889
"HSA_CORE_API","hsa_signal_wait_scacquire",3140595,3140595,402,6201146064141369,6201146068141564
"HSA_CORE_API","hsa_signal_wait_scacquire",3140595,3140595,403,6201146068142054,6201146072142259
"HSA_CORE_API","hsa_signal_wait_scacquire",3140595,3140595,404,6201146072142739,6201146076142924
"HSA_CORE_API","hsa_signal_wait_scacquire",3140595,3140595,405,6201146076143414,6201146080143609
"HSA_CORE_API","hsa_signal_wait_scacquire",3140595,3140595,406,6201146080144299,6201146084144493
"HSA_CORE_API","hsa_signal_wait_scacquire",3140595,3140595,407,6201146084145093,6201146088145288
"HSA_CORE_API","hsa_signal_wait_scacquire",3140595,3140595,408,6201146088145768,6201146092145973
"HSA_CORE_API","hsa_signal_wait_scacquire",3140595,3140595,409,6201146092146513,6201146096146708
"HSA_CORE_API","hsa_signal_wait_scacquire",3140595,3140595,410,6201146096147188,6201146100147383
"HSA_CORE_API","hsa_signal_wait_scacquire",3140595,3140595,411,6201146100147853,6201146104148048
"HSA_CORE_API","hsa_signal_wait_scacquire",3140595,3140595,412,6201146104148528,6201146108148723
"HSA_CORE_API","hsa_signal_wait_scacquire",3140595,3140595,413,6201146108149753,6201146112149958
"HSA_CORE_API","hsa_signal_wait_scacquire",3140595,3140595,414,6201146112150428,6201146116150823
"HSA_CORE_API","hsa_signal_wait_scacquire",3140595,3140595,415,6201146116151303,6201146120151508
"HSA_CORE_API","hsa_signal_wait_scacquire",3140595,3140595,416,6201146120151988,6201146124152183
"HSA_CORE_API","hsa_signal_wait_scacquire",3140595,3140595,417,6201146124152663,6201146128152858
"HSA_CORE_API","hsa_signal_wait_scacquire",3140595,3140595,418,6201146128153348,6201146132153543
"HSA_CORE_API","hsa_signal_wait_scacquire",3140595,3140595,419,6201146132154023,6201146136154208
"HSA_CORE_API","hsa_signal_wait_scacquire",3140595,3140595,420,6201146136154708,6201146140154903
"HSA_CORE_API","hsa_signal_wait_scacquire",3140595,3140595,421,6201146140155453,6201146144155658
"HSA_CORE_API","hsa_signal_wait_scacquire",3140595,3140595,422,6201146144156138,6201146148156333
"HSA_CORE_API","hsa_signal_wait_scacquire",3140595,3140595,423,6201146148156813,6201146152157018
"HSA_CORE_API","hsa_signal_wait_scacquire",3140595,3140595,424,6201146152157497,6201146156157692
"HSA_CORE_API","hsa_signal_wait_scacquire",3140595,3140595,425,6201146156158172,6201146160158367
"HSA_CORE_API","hsa_signal_wait_scacquire",3140595,3140595,426,6201146160158847,6201146164159062
"HSA_CORE_API","hsa_signal_wait_scacquire",3140595,3140595,427,6201146164159552,6201146168159737
"HSA_CORE_API","hsa_signal_wait_scacquire",3140595,3140595,428,6201146168160207,6201146172160412
"HSA_CORE_API","hsa_signal_wait_scacquire",3140595,3140595,429,6201146172160882,6201146176161077
"HSA_CORE_API","hsa_signal_wait_scacquire",3140595,3140595,430,6201146176161547,6201146180161752
"HSA_CORE_API","hsa_signal_wait_scacquire",3140595,3140595,431,6201146180162232,6201146184162427
"HSA_CORE_API","hsa_signal_wait_scacquire",3140595,3140595,432,6201146184162717,6201146188162932
"HSA_CORE_API","hsa_signal_wait_scacquire",3140595,3140595,433,6201146188163402,6201146192163597
"HSA_CORE_API","hsa_signal_wait_scacquire",3140595,3140595,434,6201146192164517,6201146196164722
"HSA_CORE_API","hsa_signal_wait_scacquire",3140595,3140595,435,6201146196168802,6201146200169007
"HSA_CORE_API","hsa_signal_wait_scacquire",3140595,3140595,436,6201146200169317,6201146204169522
"HSA_CORE_API","hsa_signal_wait_scacquire",3140595,3140595,437,6201146204169812,6201146208170007
"HSA_CORE_API","hsa_signal_wait_scacquire",3140595,3140595,438,6201146208170487,6201146212170682
"HSA_CORE_API","hsa_signal_wait_scacquire",3140595,3140595,439,6201146212171162,6201146216171357
"HSA_CORE_API","hsa_signal_wait_scacquire",3140595,3140595,440,6201146216171837,6201146220172041
"HSA_CORE_API","hsa_signal_wait_scacquire",3140595,3140595,441,6201146220172521,6201146224172736
"HSA_CORE_API","hsa_signal_wait_scacquire",3140595,3140595,442,6201146224173206,6201146228173401
"HSA_CORE_API","hsa_signal_wait_scacquire",3140595,3140595,443,6201146228173881,6201146232174076
"HSA_CORE_API","hsa_signal_wait_scacquire",3140595,3140595,444,6201146232174556,6201146236174751
"HSA_CORE_API","hsa_signal_wait_scacquire",3140595,3140595,445,6201146236175241,6201146240175436
"HSA_CORE_API","hsa_signal_wait_scacquire",3140595,3140595,446,6201146240175916,6201146244176111
"HSA_CORE_API","hsa_signal_wait_scacquire",3140595,3140595,447,6201146244176591,6201146248176786
"HSA_CORE_API","hsa_signal_wait_scacquire",3140595,3140595,448,6201146248177276,6201146252177471
"HSA_CORE_API","hsa_signal_wait_scacquire",3140595,3140595,449,6201146252178201,6201146256178416
"HSA_CORE_API","hsa_signal_wait_scacquire",3140595,3140595,450,6201146256184436,6201146260184641
"HSA_CORE_API","hsa_signal_wait_scacquire",3140595,3140595,451,6201146260184931,6201146264185126
"HSA_CORE_API","hsa_signal_wait_scacquire",3140595,3140595,452,6201146264185616,6201146268185811
"HSA_CORE_API","hsa_signal_wait_scacquire",3140595,3140595,453,6201146268186481,6201146272186686
"HSA_CORE_API","hsa_signal_wait_scacquire",3140595,3140595,454,6201146272187156,6201146276187360
"HSA_CORE_API","hsa_signal_wait_scacquire",3140595,3140595,455,6201146276187840,6201146280188035
"HSA_CORE_API","hsa_signal_wait_scacquire",3140595,3140595,456,6201146280188715,6201146284188910
"HSA_CORE_API","hsa_signal_wait_scacquire",3140595,3140595,457,6201146284189210,6201146288189405
"HSA_CORE_API","hsa_signal_wait_scacquire",3140595,3140595,458,6201146288189885,6201146292190080
"HSA_CORE_API","hsa_signal_wait_scacquire",3140595,3140595,459,6201146292190560,6201146296190755
"HSA_CORE_API","hsa_signal_wait_scacquire",3140595,3140595,460,6201146296191225,6201146300191420
"HSA_CORE_API","hsa_signal_wait_scacquire",3140595,3140595,461,6201146300191890,6201146304192085
"HSA_CORE_API","hsa_signal_wait_scacquire",3140595,3140595,462,6201146304192755,6201146308192950
"HSA_CORE_API","hsa_signal_wait_scacquire",3140595,3140595,463,6201146308193430,6201146312193625
"HSA_CORE_API","hsa_signal_wait_scacquire",3140595,3140595,464,6201146312194095,6201146316194290
"HSA_CORE_API","hsa_signal_wait_scacquire",3140595,3140595,465,6201146316194770,6201146320194975
"HSA_CORE_API","hsa_signal_wait_scacquire",3140595,3140595,466,6201146320195445,6201146324195640
"HSA_CORE_API","hsa_signal_wait_scacquire",3140595,3140595,467,6201146324195940,6201146328196135
"HSA_CORE_API","hsa_signal_wait_scacquire",3140595,3140595,468,6201146328196435,6201146332196640
"HSA_CORE_API","hsa_signal_wait_scacquire",3140595,3140595,469,6201146332196930,6201146336197145
"HSA_CORE_API","hsa_signal_wait_scacquire",3140595,3140595,470,6201146336197615,6201146340197820
"HSA_CORE_API","hsa_signal_wait_scacquire",3140595,3140595,471,6201146340198300,6201146344198485
"HSA_CORE_API","hsa_signal_wait_scacquire",3140595,3140595,472,6201146344198965,6201146348199169
"HSA_CORE_API","hsa_signal_wait_scacquire",3140595,3140595,473,6201146348199639,6201146352199834
"HSA_CORE_API","hsa_signal_wait_scacquire",3140595,3140595,474,6201146352200304,6201146356200499
"HSA_CORE_API","hsa_signal_wait_scacquire",3140595,3140595,475,6201146356200979,6201146360201174
"HSA_CORE_API","hsa_signal_wait_scacquire",3140595,3140595,476,6201146360201744,6201146364201949
"HSA_CORE_API","hsa_signal_wait_scacquire",3140595,3140595,477,6201146364202429,6201146368202624
"HSA_CORE_API","hsa_signal_wait_scacquire",3140595,3140595,478,6201146368203114,6201146372203309
"HSA_CORE_API","hsa_signal_wait_scacquire",3140595,3140595,479,6201146372203789,6201146376203984
"HSA_CORE_API","hsa_signal_wait_scacquire",3140595,3140595,480,6201146376204464,6201146380309677
"HSA_CORE_API","hsa_signal_wait_scacquire",3140595,3140595,481,6201146380316777,6201146384317622
"HSA_CORE_API","hsa_signal_wait_scacquire",3140595,3140595,482,6201146384318112,6201146388318327
"HSA_CORE_API","hsa_signal_wait_scacquire",3140595,3140595,483,6201146388318807,6201146392319011
"HSA_CORE_API","hsa_signal_wait_scacquire",3140595,3140595,484,6201146392319491,6201146396319696
"HSA_CORE_API","hsa_signal_wait_scacquire",3140595,3140595,485,6201146396320166,6201146400320361
"HSA_CORE_API","hsa_signal_wait_scacquire",3140595,3140595,486,6201146400320841,6201146404321046
"HSA_CORE_API","hsa_signal_wait_scacquire",3140595,3140595,487,6201146404321526,6201146408321741
"HSA_CORE_API","hsa_signal_wait_scacquire",3140595,3140595,488,6201146408322221,6201146412322416
"HSA_CORE_API","hsa_signal_wait_scacquire",3140595,3140595,489,6201146412322896,6201146416323091
"HSA_CORE_API","hsa_signal_wait_scacquire",3140595,3140595,490,6201146416323561,6201146420323756
"HSA_CORE_API","hsa_signal_wait_scacquire",3140595,3140595,491,6201146420324226,6201146424324431
"HSA_CORE_API","hsa_signal_wait_scacquire",3140595,3140595,492,6201146424324901,6201146428325096
"HSA_CORE_API","hsa_signal_wait_scacquire",3140595,3140595,493,6201146428325576,6201146432325781
"HSA_CORE_API","hsa_signal_wait_scacquire",3140595,3140595,494,6201146432326441,6201146436326636
"HSA_CORE_API","hsa_signal_wait_scacquire",3140595,3140595,495,6201146436327116,6201146440327311
"HSA_CORE_API","hsa_signal_wait_scacquire",3140595,3140595,496,6201146440327781,6201146444327976
"HSA_CORE_API","hsa_signal_wait_scacquire",3140595,3140595,497,6201146444328456,6201146448328651
"HSA_CORE_API","hsa_signal_wait_scacquire",3140595,3140595,498,6201146448329131,6201146452329326
"HSA_CORE_API","hsa_signal_wait_scacquire",3140595,3140595,499,6201146452329616,6201146456329811
"HSA_CORE_API","hsa_signal_wait_scacquire",3140595,3140595,500,6201146456330110,6201146460330305
"HSA_CORE_API","hsa_signal_wait_scacquire",3140595,3140595,501,6201146460330785,6201146464330981
"HSA_CORE_API","hsa_signal_wait_scacquire",3140595,3140595,502,6201146464331460,6201146468331655
"HSA_CORE_API","hsa_signal_wait_scacquire",3140595,3140595,503,6201146468332135,6201146472332330
"HSA_CORE_API","hsa_signal_wait_scacquire",3140595,3140595,504,6201146472332810,6201146476333005
"HSA_CORE_API","hsa_signal_wait_scacquire",3140595,3140595,505,6201146476333475,6201146480333670
"HSA_CORE_API","hsa_signal_wait_scacquire",3140595,3140595,506,6201146480333970,6201146484334175
"HSA_CORE_API","hsa_signal_wait_scacquire",3140595,3140595,507,6201146484334475,6201146488334670
"HSA_CORE_API","hsa_signal_wait_scacquire",3140595,3140595,508,6201146488335140,6201146492335335
"HSA_CORE_API","hsa_signal_wait_scacquire",3140595,3140595,509,6201146492336055,6201146496336260
"HSA_CORE_API","hsa_signal_wait_scacquire",3140595,3140595,510,6201146496336820,6201146500337015
"HSA_CORE_API","hsa_signal_wait_scacquire",3140595,3140595,511,6201146500337495,6201146504337690
"HSA_CORE_API","hsa_signal_wait_scacquire",3140595,3140595,512,6201146504338160,6201146508338355
"HSA_CORE_API","hsa_signal_wait_scacquire",3140595,3140595,513,6201146508342715,6201146512342930
"HSA_CORE_API","hsa_signal_wait_scacquire",3140595,3140595,514,6201146512347570,6201146516347765
"HSA_CORE_API","hsa_signal_wait_scacquire",3140595,3140595,515,6201146516348065,6201146520348259
"HSA_CORE_API","hsa_signal_wait_scacquire",3140595,3140595,516,6201146520348739,6201146524348944
"HSA_CORE_API","hsa_signal_wait_scacquire",3140595,3140595,517,6201146524349424,6201146528349619
"HSA_CORE_API","hsa_signal_wait_scacquire",3140595,3140595,518,6201146528350099,6201146532350294
"HSA_CORE_API","hsa_signal_wait_scacquire",3140595,3140595,519,6201146532350784,6201146536350979
"HSA_CORE_API","hsa_signal_wait_scacquire",3140595,3140595,520,6201146536351459,6201146540351654
"HSA_CORE_API","hsa_signal_wait_scacquire",3140595,3140595,521,6201146540352194,6201146544352389
"HSA_CORE_API","hsa_signal_wait_scacquire",3140595,3140595,522,6201146544352869,6201146548353074
"HSA_CORE_API","hsa_signal_wait_scacquire",3140595,3140595,523,6201146548353554,6201146552353749
"HSA_CORE_API","hsa_signal_wait_scacquire",3140595,3140595,524,6201146552354229,6201146556354424
"HSA_CORE_API","hsa_signal_wait_scacquire",3140595,3140595,525,6201146556354904,6201146560355099
"HSA_CORE_API","hsa_signal_wait_scacquire",3140595,3140595,526,6201146560355589,6201146564355784
"HSA_CORE_API","hsa_signal_wait_scacquire",3140595,3140595,527,6201146564356274,6201146568356469
"HSA_CORE_API","hsa_signal_wait_scacquire",3140595,3140595,528,6201146568356939,6201146572357144
"HSA_CORE_API","hsa_signal_wait_scacquire",3140595,3140595,529,6201146572357624,6201146576357819
"HSA_CORE_API","hsa_signal_wait_scacquire",3140595,3140595,530,6201146576358309,6201146580358544
"HSA_CORE_API","hsa_signal_wait_scacquire",3140595,3140595,531,6201146580358854,6201146584359089
"HSA_CORE_API","hsa_signal_wait_scacquire",3140595,3140595,532,6201146584359399,6201146588359604
"HSA_CORE_API","hsa_signal_wait_scacquire",3140595,3140595,533,6201146588359894,6201146592360088
"HSA_CORE_API","hsa_signal_wait_scacquire",3140595,3140595,534,6201146592360578,6201146596360773
"HSA_CORE_API","hsa_signal_wait_scacquire",3140595,3140595,535,6201146596361253,6201146600361668
"HSA_CORE_API","hsa_signal_wait_scacquire",3140595,3140595,536,6201146600362148,6201146604362343
"HSA_CORE_API","hsa_signal_wait_scacquire",3140595,3140595,537,6201146604362823,6201146608363018
"HSA_CORE_API","hsa_signal_wait_scacquire",3140595,3140595,538,6201146608363498,6201146612363693
"HSA_CORE_API","hsa_signal_wait_scacquire",3140595,3140595,539,6201146612364173,6201146616364368
"HSA_CORE_API","hsa_signal_wait_scacquire",3140595,3140595,540,6201146616364838,6201146620365033
"HSA_CORE_API","hsa_signal_wait_scacquire",3140595,3140595,541,6201146620366113,6201146624366308
"HSA_CORE_API","hsa_signal_wait_scacquire",3140595,3140595,542,6201146624366788,6201146628367003
"HSA_CORE_API","hsa_signal_wait_scacquire",3140595,3140595,543,6201146628367493,6201146632367688
"HSA_CORE_API","hsa_signal_wait_scacquire",3140595,3140595,544,6201146632368168,6201146636368363
"HSA_CORE_API","hsa_signal_wait_scacquire",3140595,3140595,545,6201146636368663,6201146640368868
"HSA_CORE_API","hsa_signal_wait_scacquire",3140595,3140595,546,6201146640369168,6201146644369363
"HSA_CORE_API","hsa_signal_wait_scacquire",3140595,3140595,547,6201146644369843,6201146648370038
"HSA_CORE_API","hsa_signal_wait_scacquire",3140595,3140595,548,6201146648370738,6201146652370943
"HSA_CORE_API","hsa_signal_wait_scacquire",3140595,3140595,549,6201146652371243,6201146656371438
"HSA_CORE_API","hsa_signal_wait_scacquire",3140595,3140595,550,6201146656371918,6201146660372113
"HSA_CORE_API","hsa_signal_wait_scacquire",3140595,3140595,551,6201146660372983,6201146664373177
"HSA_CORE_API","hsa_signal_wait_scacquire",3140595,3140595,552,6201146664373667,6201146668373862
"HSA_CORE_API","hsa_signal_wait_scacquire",3140595,3140595,553,6201146668374342,6201146672374537
"HSA_CORE_API","hsa_signal_wait_scacquire",3140595,3140595,554,6201146672375017,6201146676375212
"HSA_CORE_API","hsa_signal_wait_scacquire",3140595,3140595,555,6201146676375692,6201146680375927
"HSA_CORE_API","hsa_signal_wait_scacquire",3140595,3140595,556,6201146680376227,6201146684376422
"HSA_CORE_API","hsa_signal_wait_scacquire",3140595,3140595,557,6201146684376712,6201146688376907
"HSA_CORE_API","hsa_signal_wait_scacquire",3140595,3140595,558,6201146688377387,6201146692377582
"HSA_CORE_API","hsa_signal_wait_scacquire",3140595,3140595,559,6201146692378062,6201146696378277
"HSA_CORE_API","hsa_signal_wait_scacquire",3140595,3140595,560,6201146696378767,6201146700378962
"HSA_CORE_API","hsa_signal_wait_scacquire",3140595,3140595,561,6201146700379722,6201146704379917
"HSA_CORE_API","hsa_signal_wait_scacquire",3140595,3140595,562,6201146704380307,6201146708380502
"HSA_CORE_API","hsa_signal_wait_scacquire",3140595,3140595,563,6201146708380992,6201146712381187
"HSA_CORE_API","hsa_signal_wait_scacquire",3140595,3140595,564,6201146712381667,6201146716381862
"HSA_CORE_API","hsa_signal_wait_scacquire",3140595,3140595,565,6201146716382342,6201146720382537
"HSA_CORE_API","hsa_signal_wait_scacquire",3140595,3140595,566,6201146720383017,6201146724383221
"HSA_CORE_API","hsa_signal_wait_scacquire",3140595,3140595,567,6201146724383691,6201146728383886
"HSA_CORE_API","hsa_signal_wait_scacquire",3140595,3140595,568,6201146728384366,6201146732384561
"HSA_CORE_API","hsa_signal_wait_scacquire",3140595,3140595,569,6201146732385041,6201146736385236
"HSA_CORE_API","hsa_signal_wait_scacquire",3140595,3140595,570,6201146736385716,6201146740385921
"HSA_CORE_API","hsa_signal_wait_scacquire",3140595,3140595,571,6201146740386391,6201146744386586
"HSA_CORE_API","hsa_signal_wait_scacquire",3140595,3140595,572,6201146744387066,6201146748387261
"HSA_CORE_API","hsa_signal_wait_scacquire",3140595,3140595,573,6201146748387741,6201146752387946
"HSA_CORE_API","hsa_signal_wait_scacquire",3140595,3140595,574,6201146752388416,6201146756388611
"HSA_CORE_API","hsa_signal_wait_scacquire",3140595,3140595,575,6201146756389091,6201146760389296
"HSA_CORE_API","hsa_signal_wait_scacquire",3140595,3140595,576,6201146760389766,6201146764389981
"HSA_CORE_API","hsa_signal_wait_scacquire",3140595,3140595,577,6201146764390491,6201146768390686
"HSA_CORE_API","hsa_signal_wait_scacquire",3140595,3140595,578,6201146768393926,6201146772394121
"HSA_CORE_API","hsa_signal_wait_scacquire",3140595,3140595,579,6201146772394421,6201146776394646
"HSA_CORE_API","hsa_signal_wait_scacquire",3140595,3140595,580,6201146776395136,6201146780395341
"HSA_CORE_API","hsa_signal_wait_scacquire",3140595,3140595,581,6201146780395641,6201146784395835
"HSA_CORE_API","hsa_signal_wait_scacquire",3140595,3140595,582,6201146784396315,6201146788396520
"HSA_CORE_API","hsa_signal_wait_scacquire",3140595,3140595,583,6201146788397000,6201146792397195
"HSA_CORE_API","hsa_signal_wait_scacquire",3140595,3140595,584,6201146792397675,6201146796397880
"HSA_CORE_API","hsa_signal_wait_scacquire",3140595,3140595,585,6201146796398360,6201146800398555
"HSA_CORE_API","hsa_signal_wait_scacquire",3140595,3140595,586,6201146800398855,6201146804399050
"HSA_CORE_API","hsa_signal_wait_scacquire",3140595,3140595,587,6201146804399530,6201146808399725
"HSA_CORE_API","hsa_signal_wait_scacquire",3140595,3140595,588,6201146808400205,6201146812400430
"HSA_CORE_API","hsa_signal_wait_scacquire",3140595,3140595,589,6201146812400910,6201146816401105
"HSA_CORE_API","hsa_signal_wait_scacquire",3140595,3140595,590,6201146816401585,6201146820401900
"HSA_CORE_API","hsa_signal_wait_scacquire",3140595,3140595,591,6201146820406240,6201146824406705
"HSA_CORE_API","hsa_signal_wait_scacquire",3140595,3140595,592,6201146824407135,6201146828407350
"HSA_CORE_API","hsa_signal_wait_scacquire",3140595,3140595,593,6201146828407640,6201146832407845
"HSA_CORE_API","hsa_signal_wait_scacquire",3140595,3140595,594,6201146832408315,6201146836408510
"HSA_CORE_API","hsa_signal_wait_scacquire",3140595,3140595,595,6201146836408990,6201146840409184
"HSA_CORE_API","hsa_signal_wait_scacquire",3140595,3140595,596,6201146840409664,6201146844409859
"HSA_CORE_API","hsa_signal_wait_scacquire",3140595,3140595,597,6201146844410339,6201146848410544
"HSA_CORE_API","hsa_signal_wait_scacquire",3140595,3140595,598,6201146848411014,6201146852411209
"HSA_CORE_API","hsa_signal_wait_scacquire",3140595,3140595,599,6201146852411679,6201146856411884
"HSA_CORE_API","hsa_signal_wait_scacquire",3140595,3140595,600,6201146856412364,6201146860412559
"HSA_CORE_API","hsa_signal_wait_scacquire",3140595,3140595,601,6201146860413109,6201146864413334
"HSA_CORE_API","hsa_signal_wait_scacquire",3140595,3140595,602,6201146864413814,6201146868414029
"HSA_CORE_API","hsa_signal_wait_scacquire",3140595,3140595,603,6201146868414509,6201146872414724
"HSA_CORE_API","hsa_signal_wait_scacquire",3140595,3140595,604,6201146872415214,6201146876415439
"HSA_CORE_API","hsa_signal_wait_scacquire",3140595,3140595,605,6201146876415919,6201146880416124
"HSA_CORE_API","hsa_signal_wait_scacquire",3140595,3140595,606,6201146880416454,6201146884416649
"HSA_CORE_API","hsa_signal_wait_scacquire",3140595,3140595,607,6201146884416949,6201146888417154
"HSA_CORE_API","hsa_signal_wait_scacquire",3140595,3140595,608,6201146888417624,6201146892417849
"HSA_CORE_API","hsa_signal_wait_scacquire",3140595,3140595,609,6201146892418329,6201146896418534
"HSA_CORE_API","hsa_signal_wait_scacquire",3140595,3140595,610,6201146896419004,6201146900419208
"HSA_CORE_API","hsa_signal_wait_scacquire",3140595,3140595,611,6201146900419688,6201146904419883
"HSA_CORE_API","hsa_signal_wait_scacquire",3140595,3140595,612,6201146904420373,6201146908420568
"HSA_CORE_API","hsa_signal_wait_scacquire",3140595,3140595,613,6201146908421058,6201146912421253
"HSA_CORE_API","hsa_signal_wait_scacquire",3140595,3140595,614,6201146912421733,6201146916421928
"HSA_CORE_API","hsa_signal_wait_scacquire",3140595,3140595,615,6201146916422398,6201146920422603
"HSA_CORE_API","hsa_signal_wait_scacquire",3140595,3140595,616,6201146920423083,6201146924423308
"HSA_CORE_API","hsa_signal_wait_scacquire",3140595,3140595,617,6201146924423608,6201146928423813
"HSA_CORE_API","hsa_signal_wait_scacquire",3140595,3140595,618,6201146928424293,6201146932424488
"HSA_CORE_API","hsa_signal_wait_scacquire",3140595,3140595,619,6201146932424968,6201146936425163
"HSA_CORE_API","hsa_signal_wait_scacquire",3140595,3140595,620,6201146936425643,6201146940425848
"HSA_CORE_API","hsa_signal_wait_scacquire",3140595,3140595,621,6201146940426328,6201146944426523
"HSA_CORE_API","hsa_signal_wait_scacquire",3140595,3140595,622,6201146944427003,6201146948427238
"HSA_CORE_API","hsa_signal_wait_scacquire",3140595,3140595,623,6201146948427718,6201146952427923
"HSA_CORE_API","hsa_signal_wait_scacquire",3140595,3140595,624,6201146952429153,6201146956429368
"HSA_CORE_API","hsa_signal_wait_scacquire",3140595,3140595,625,6201146956429658,6201146960429852
"HSA_CORE_API","hsa_signal_wait_scacquire",3140595,3140595,626,6201146960430332,6201146964430527
"HSA_CORE_API","hsa_signal_wait_scacquire",3140595,3140595,627,6201146964431007,6201146968431202
"HSA_CORE_API","hsa_signal_wait_scacquire",3140595,3140595,628,6201146968431682,6201146972431897
"HSA_CORE_API","hsa_signal_wait_scacquire",3140595,3140595,629,6201146972432387,6201146976432592
"HSA_CORE_API","hsa_signal_wait_scacquire",3140595,3140595,630,6201146976433082,6201146980433277
"HSA_CORE_API","hsa_signal_wait_scacquire",3140595,3140595,631,6201146980433587,6201146984433792
"HSA_CORE_API","hsa_signal_wait_scacquire",3140595,3140595,632,6201146984434272,6201146988434487
"HSA_CORE_API","hsa_signal_wait_scacquire",3140595,3140595,633,6201146988434977,6201146992435172
"HSA_CORE_API","hsa_signal_wait_scacquire",3140595,3140595,634,6201146992435462,6201146996435657
"HSA_CORE_API","hsa_signal_wait_scacquire",3140595,3140595,635,6201146996436137,6201147000436342
"HSA_CORE_API","hsa_signal_wait_scacquire",3140595,3140595,636,6201147000436852,6201147004437057
"HSA_CORE_API","hsa_signal_wait_scacquire",3140595,3140595,637,6201147004437537,6201147008437742
"HSA_CORE_API","hsa_signal_wait_scacquire",3140595,3140595,638,6201147008438222,6201147012438417
"HSA_CORE_API","hsa_signal_wait_scacquire",3140595,3140595,639,6201147012438897,6201147016439092
"HSA_CORE_API","hsa_signal_wait_scacquire",3140595,3140595,640,6201147016439582,6201147020439796
"HSA_CORE_API","hsa_signal_wait_scacquire",3140595,3140595,641,6201147020440336,6201147024440531
"HSA_CORE_API","hsa_signal_wait_scacquire",3140595,3140595,642,6201147024441941,6201147028442146
"HSA_CORE_API","hsa_signal_wait_scacquire",3140595,3140595,643,6201147028442436,6201147032442641
"HSA_CORE_API","hsa_signal_wait_scacquire",3140595,3140595,644,6201147032443111,6201147036443306
"HSA_CORE_API","hsa_signal_wait_scacquire",3140595,3140595,645,6201147036443786,6201147040443981
"HSA_CORE_API","hsa_signal_wait_scacquire",3140595,3140595,646,6201147040444461,6201147044444666
"HSA_CORE_API","hsa_signal_wait_scacquire",3140595,3140595,647,6201147044445146,6201147048445341
"HSA_CORE_API","hsa_signal_wait_scacquire",3140595,3140595,648,6201147048445821,6201147052446016
"HSA_CORE_API","hsa_signal_wait_scacquire",3140595,3140595,649,6201147052446496,6201147056446691
"HSA_CORE_API","hsa_signal_wait_scacquire",3140595,3140595,650,6201147056447171,6201147060447366
"HSA_CORE_API","hsa_signal_wait_scacquire",3140595,3140595,651,6201147060447846,6201147064448041
"HSA_CORE_API","hsa_signal_wait_scacquire",3140595,3140595,652,6201147064448511,6201147068448706
"HSA_CORE_API","hsa_signal_wait_scacquire",3140595,3140595,653,6201147068449186,6201147072449381
"HSA_CORE_API","hsa_signal_wait_scacquire",3140595,3140595,654,6201147072449861,6201147076450046
"HSA_CORE_API","hsa_signal_wait_scacquire",3140595,3140595,655,6201147076450526,6201147080450720
"HSA_CORE_API","hsa_signal_wait_scacquire",3140595,3140595,656,6201147080451020,6201147084451215
"HSA_CORE_API","hsa_signal_wait_scacquire",3140595,3140595,657,6201147084451505,6201147088451700
"HSA_CORE_API","hsa_signal_wait_scacquire",3140595,3140595,658,6201147088452180,6201147092452385
"HSA_CORE_API","hsa_signal_wait_scacquire",3140595,3140595,659,6201147092452865,6201147096453060
"HSA_CORE_API","hsa_signal_wait_scacquire",3140595,3140595,660,6201147096453540,6201147100453745
"HSA_CORE_API","hsa_signal_wait_scacquire",3140595,3140595,661,6201147100454225,6201147104454420
"HSA_CORE_API","hsa_signal_wait_scacquire",3140595,3140595,662,6201147104454890,6201147108455085
"HSA_CORE_API","hsa_signal_wait_scacquire",3140595,3140595,663,6201147108455565,6201147112455760
"HSA_CORE_API","hsa_signal_wait_scacquire",3140595,3140595,664,6201147112456240,6201147116456435
"HSA_CORE_API","hsa_signal_wait_scacquire",3140595,3140595,665,6201147116456915,6201147120457110
"HSA_CORE_API","hsa_signal_wait_scacquire",3140595,3140595,666,6201147120457590,6201147124457785
"HSA_CORE_API","hsa_signal_wait_scacquire",3140595,3140595,667,6201147124458265,6201147128458480
"HSA_CORE_API","hsa_signal_wait_scacquire",3140595,3140595,668,6201147128458960,6201147132459165
"HSA_CORE_API","hsa_signal_wait_scacquire",3140595,3140595,669,6201147132459645,6201147136459850
"HSA_CORE_API","hsa_signal_wait_scacquire",3140595,3140595,670,6201147136460330,6201147140460524
"HSA_CORE_API","hsa_signal_wait_scacquire",3140595,3140595,671,6201147140461014,6201147144461209
"HSA_CORE_API","hsa_signal_wait_scacquire",3140595,3140595,672,6201147144461509,6201147148461714
"HSA_CORE_API","hsa_signal_wait_scacquire",3140595,3140595,673,6201147148462184,6201147152462389
"HSA_CORE_API","hsa_signal_wait_scacquire",3140595,3140595,674,6201147152462869,6201147156463064
"HSA_CORE_API","hsa_signal_wait_scacquire",3140595,3140595,675,6201147156463544,6201147160463759
"HSA_CORE_API","hsa_signal_wait_scacquire",3140595,3140595,676,6201147160464249,6201147164464454
"HSA_CORE_API","hsa_signal_wait_scacquire",3140595,3140595,677,6201147164464924,6201147168465119
"HSA_CORE_API","hsa_signal_wait_scacquire",3140595,3140595,678,6201147168465589,6201147172465804
"HSA_CORE_API","hsa_signal_wait_scacquire",3140595,3140595,679,6201147172466284,6201147176466479
"HSA_CORE_API","hsa_signal_wait_scacquire",3140595,3140595,680,6201147176466959,6201147180467164
"HSA_CORE_API","hsa_signal_wait_scacquire",3140595,3140595,681,6201147180467464,6201147184467659
"HSA_CORE_API","hsa_signal_wait_scacquire",3140595,3140595,682,6201147184468139,6201147188468344
"HSA_CORE_API","hsa_signal_wait_scacquire",3140595,3140595,683,6201147188468824,6201147192469019
"HSA_CORE_API","hsa_signal_wait_scacquire",3140595,3140595,684,6201147192469489,6201147196469684
"HSA_CORE_API","hsa_signal_wait_scacquire",3140595,3140595,685,6201147196470164,6201147200470378
"HSA_CORE_API","hsa_signal_wait_scacquire",3140595,3140595,686,6201147200470868,6201147204471063
"HSA_CORE_API","hsa_signal_wait_scacquire",3140595,3140595,687,6201147204471353,6201147208471568
"HSA_CORE_API","hsa_signal_wait_scacquire",3140595,3140595,688,6201147208472068,6201147212472263
"HSA_CORE_API","hsa_signal_wait_scacquire",3140595,3140595,689,6201147212472743,6201147216472948
"HSA_CORE_API","hsa_signal_wait_scacquire",3140595,3140595,690,6201147216473418,6201147220473623
"HSA_CORE_API","hsa_signal_wait_scacquire",3140595,3140595,691,6201147220474103,6201147224474308
"HSA_CORE_API","hsa_signal_wait_scacquire",3140595,3140595,692,6201147224474788,6201147228474983
"HSA_CORE_API","hsa_signal_wait_scacquire",3140595,3140595,693,6201147228475463,6201147232475658
"HSA_CORE_API","hsa_signal_wait_scacquire",3140595,3140595,694,6201147232476138,6201147236476343
"HSA_CORE_API","hsa_signal_wait_scacquire",3140595,3140595,695,6201147236476813,6201147240477008
"HSA_CORE_API","hsa_signal_wait_scacquire",3140595,3140595,696,6201147240477298,6201147244477503
"HSA_CORE_API","hsa_signal_wait_scacquire",3140595,3140595,697,6201147244477973,6201147248478168
"HSA_CORE_API","hsa_signal_wait_scacquire",3140595,3140595,698,6201147248478658,6201147252478853
"HSA_CORE_API","hsa_signal_wait_scacquire",3140595,3140595,699,6201147252480283,6201147256480478
"HSA_CORE_API","hsa_signal_wait_scacquire",3140595,3140595,700,6201147256480968,6201147260481162
"HSA_CORE_API","hsa_signal_wait_scacquire",3140595,3140595,701,6201147260481552,6201147264481747
"HSA_CORE_API","hsa_signal_wait_scacquire",3140595,3140595,702,6201147264482237,6201147268482432
"HSA_CORE_API","hsa_signal_wait_scacquire",3140595,3140595,703,6201147268483012,6201147272483207
"HSA_CORE_API","hsa_signal_wait_scacquire",3140595,3140595,704,6201147272483507,6201147276483702
"HSA_CORE_API","hsa_signal_wait_scacquire",3140595,3140595,705,6201147276484372,6201147280484577
"HSA_CORE_API","hsa_signal_wait_scacquire",3140595,3140595,706,6201147280485997,6201147284486192
"HSA_CORE_API","hsa_signal_wait_scacquire",3140595,3140595,707,6201147284486482,6201147288486687
"HSA_CORE_API","hsa_signal_wait_scacquire",3140595,3140595,708,6201147288487187,6201147292487392
"HSA_CORE_API","hsa_signal_wait_scacquire",3140595,3140595,709,6201147292487882,6201147296488077
"HSA_CORE_API","hsa_signal_wait_scacquire",3140595,3140595,710,6201147296488567,6201147300488762
"HSA_CORE_API","hsa_signal_wait_scacquire",3140595,3140595,711,6201147300489252,6201147304489447
"HSA_CORE_API","hsa_signal_wait_scacquire",3140595,3140595,712,6201147304489937,6201147308490132
"HSA_CORE_API","hsa_signal_wait_scacquire",3140595,3140595,713,6201147308490622,6201147312490827
"HSA_CORE_API","hsa_signal_wait_scacquire",3140595,3140595,714,6201147312491307,6201147316491502
"HSA_CORE_API","hsa_signal_wait_scacquire",3140595,3140595,715,6201147316491982,6201147320492176
"HSA_CORE_API","hsa_signal_wait_scacquire",3140595,3140595,716,6201147320492666,6201147324492861
"HSA_CORE_API","hsa_signal_wait_scacquire",3140595,3140595,717,6201147324493351,6201147328493546
"HSA_CORE_API","hsa_signal_wait_scacquire",3140595,3140595,718,6201147328494026,6201147332494241
"HSA_CORE_API","hsa_signal_wait_scacquire",3140595,3140595,719,6201147332494531,6201147336494736
"HSA_CORE_API","hsa_signal_wait_scacquire",3140595,3140595,720,6201147336495226,6201147340495421
"HSA_CORE_API","hsa_signal_wait_scacquire",3140595,3140595,721,6201147340495911,6201147344496116
"HSA_CORE_API","hsa_signal_wait_scacquire",3140595,3140595,722,6201147344496606,6201147348496801
"HSA_CORE_API","hsa_signal_wait_scacquire",3140595,3140595,723,6201147348497291,6201147352497496
"HSA_CORE_API","hsa_signal_wait_scacquire",3140595,3140595,724,6201147352497986,6201147356498181
"HSA_CORE_API","hsa_signal_wait_scacquire",3140595,3140595,725,6201147356498661,6201147360498866
"HSA_CORE_API","hsa_signal_wait_scacquire",3140595,3140595,726,6201147360499356,6201147364499561
"HSA_CORE_API","hsa_signal_wait_scacquire",3140595,3140595,727,6201147364500051,6201147368500236
"HSA_CORE_API","hsa_signal_wait_scacquire",3140595,3140595,728,6201147368500726,6201147372500921
"HSA_CORE_API","hsa_signal_wait_scacquire",3140595,3140595,729,6201147372501411,6201147376501606
"HSA_CORE_API","hsa_signal_wait_scacquire",3140595,3140595,730,6201147376502086,6201147380502280
"HSA_CORE_API","hsa_signal_wait_scacquire",3140595,3140595,731,6201147380502580,6201147384502775
"HSA_CORE_API","hsa_signal_wait_scacquire",3140595,3140595,732,6201147384503065,6201147388503260
"HSA_CORE_API","hsa_signal_wait_scacquire",3140595,3140595,733,6201147388503760,6201147392504895
"HSA_CORE_API","hsa_signal_wait_scacquire",3140595,3140595,734,6201147392513835,6201147396514670
"HSA_CORE_API","hsa_signal_wait_scacquire",3140595,3140595,735,6201147396514960,6201147400515165
"HSA_CORE_API","hsa_signal_wait_scacquire",3140595,3140595,736,6201147400515655,6201147404515850
"HSA_CORE_API","hsa_signal_wait_scacquire",3140595,3140595,737,6201147404516330,6201147408516525
"HSA_CORE_API","hsa_signal_wait_scacquire",3140595,3140595,738,6201147408516825,6201147412517010
"HSA_CORE_API","hsa_signal_wait_scacquire",3140595,3140595,739,6201147412517490,6201147416517705
"HSA_CORE_API","hsa_signal_wait_scacquire",3140595,3140595,740,6201147416518205,6201147420518590
"HSA_CORE_API","hsa_signal_wait_scacquire",3140595,3140595,741,6201147420519080,6201147424519295
"HSA_CORE_API","hsa_signal_wait_scacquire",3140595,3140595,742,6201147424519795,6201147428519989
"HSA_CORE_API","hsa_signal_wait_scacquire",3140595,3140595,743,6201147428520479,6201147432520674
"HSA_CORE_API","hsa_signal_wait_scacquire",3140595,3140595,744,6201147432521164,6201147436521359
"HSA_CORE_API","hsa_signal_wait_scacquire",3140595,3140595,745,6201147436521849,6201147440522044
"HSA_CORE_API","hsa_signal_wait_scacquire",3140595,3140595,746,6201147440522534,6201147444522739
"HSA_CORE_API","hsa_signal_wait_scacquire",3140595,3140595,747,6201147444523229,6201147448523424
"HSA_CORE_API","hsa_signal_wait_scacquire",3140595,3140595,748,6201147448523914,6201147452524109
"HSA_CORE_API","hsa_signal_wait_scacquire",3140595,3140595,749,6201147452524599,6201147456524794
"HSA_CORE_API","hsa_signal_wait_scacquire",3140595,3140595,750,6201147456525274,6201147460525489
"HSA_CORE_API","hsa_signal_wait_scacquire",3140595,3140595,751,6201147460525779,6201147464525974
"HSA_CORE_API","hsa_signal_wait_scacquire",3140595,3140595,752,6201147464526454,6201147468526659
"HSA_CORE_API","hsa_signal_wait_scacquire",3140595,3140595,753,6201147468527149,6201147472527344
"HSA_CORE_API","hsa_signal_wait_scacquire",3140595,3140595,754,6201147472527834,6201147476528029
"HSA_CORE_API","hsa_signal_wait_scacquire",3140595,3140595,755,6201147476528519,6201147480528714
"HSA_CORE_API","hsa_signal_wait_scacquire",3140595,3140595,756,6201147480529014,6201147484529209
"HSA_CORE_API","hsa_signal_wait_scacquire",3140595,3140595,757,6201147484529499,6201147488529694
"HSA_CORE_API","hsa_signal_wait_scacquire",3140595,3140595,758,6201147488530184,6201147492530369
"HSA_CORE_API","hsa_signal_wait_scacquire",3140595,3140595,759,6201147492530859,6201147496531053
"HSA_CORE_API","hsa_signal_wait_scacquire",3140595,3140595,760,6201147496531543,6201147500531738
"HSA_CORE_API","hsa_signal_wait_scacquire",3140595,3140595,761,6201147500532218,6201147504532423
"HSA_CORE_API","hsa_signal_wait_scacquire",3140595,3140595,762,6201147504532913,6201147508533108
"HSA_CORE_API","hsa_signal_wait_scacquire",3140595,3140595,763,6201147508533598,6201147512533793
"HSA_CORE_API","hsa_signal_wait_scacquire",3140595,3140595,764,6201147512534283,6201147516534488
"HSA_CORE_API","hsa_signal_wait_scacquire",3140595,3140595,765,6201147516534978,6201147520535173
"HSA_CORE_API","hsa_signal_wait_scacquire",3140595,3140595,766,6201147520535663,6201147524535858
"HSA_CORE_API","hsa_signal_wait_scacquire",3140595,3140595,767,6201147524536158,6201147528536353
"HSA_CORE_API","hsa_signal_wait_scacquire",3140595,3140595,768,6201147528536833,6201147532537028
"HSA_CORE_API","hsa_signal_wait_scacquire",3140595,3140595,769,6201147532538598,6201147536538793
"HSA_CORE_API","hsa_signal_wait_scacquire",3140595,3140595,770,6201147536540283,6201147540540488
"HSA_CORE_API","hsa_signal_wait_scacquire",3140595,3140595,771,6201147540540788,6201147544540983
"HSA_CORE_API","hsa_signal_wait_scacquire",3140595,3140595,772,6201147544541473,6201147548541668
"HSA_CORE_API","hsa_signal_wait_scacquire",3140595,3140595,773,6201147548542148,6201147552542363
"HSA_CORE_API","hsa_signal_wait_scacquire",3140595,3140595,774,6201147552542853,6201147556543047
"HSA_CORE_API","hsa_signal_wait_scacquire",3140595,3140595,775,6201147556543537,6201147560543732
"HSA_CORE_API","hsa_signal_wait_scacquire",3140595,3140595,776,6201147560544212,6201147564544407
"HSA_CORE_API","hsa_signal_wait_scacquire",3140595,3140595,777,6201147564544957,6201147568545162
"HSA_CORE_API","hsa_signal_wait_scacquire",3140595,3140595,778,6201147568545452,6201147572545647
"HSA_CORE_API","hsa_signal_wait_scacquire",3140595,3140595,779,6201147572546127,6201147576546332
"HSA_CORE_API","hsa_signal_wait_scacquire",3140595,3140595,780,6201147576546812,6201147580547017
"HSA_CORE_API","hsa_signal_wait_scacquire",3140595,3140595,781,6201147580547317,6201147584547522
"HSA_CORE_API","hsa_signal_wait_scacquire",3140595,3140595,782,6201147584547812,6201147588548027
"HSA_CORE_API","hsa_signal_wait_scacquire",3140595,3140595,783,6201147588548517,6201147592548712
"HSA_CORE_API","hsa_signal_wait_scacquire",3140595,3140595,784,6201147592549202,6201147596549397
"HSA_CORE_API","hsa_signal_wait_scacquire",3140595,3140595,785,6201147596549877,6201147600550072
"HSA_CORE_API","hsa_signal_wait_scacquire",3140595,3140595,786,6201147600550552,6201147604550757
"HSA_CORE_API","hsa_signal_wait_scacquire",3140595,3140595,787,6201147604551257,6201147608551462
"HSA_CORE_API","hsa_signal_wait_scacquire",3140595,3140595,788,6201147608551752,6201147612551947
"HSA_CORE_API","hsa_signal_wait_scacquire",3140595,3140595,789,6201147612552437,6201147616552651
"HSA_CORE_API","hsa_signal_wait_scacquire",3140595,3140595,790,6201147616553151,6201147620553346
"HSA_CORE_API","hsa_signal_wait_scacquire",3140595,3140595,791,6201147620553836,6201147624554031
"HSA_CORE_API","hsa_signal_wait_scacquire",3140595,3140595,792,6201147624554321,6201147628554516
"HSA_CORE_API","hsa_signal_wait_scacquire",3140595,3140595,793,6201147628554996,6201147632555191
"HSA_CORE_API","hsa_signal_wait_scacquire",3140595,3140595,794,6201147632555681,6201147636555876
"HSA_CORE_API","hsa_signal_wait_scacquire",3140595,3140595,795,6201147636556366,6201147640556571
"HSA_CORE_API","hsa_signal_wait_scacquire",3140595,3140595,796,6201147640557061,6201147644557256
"HSA_CORE_API","hsa_signal_wait_scacquire",3140595,3140595,797,6201147644557746,6201147648557941
"HSA_CORE_API","hsa_signal_wait_scacquire",3140595,3140595,798,6201147648558431,6201147652558636
"HSA_CORE_API","hsa_signal_wait_scacquire",3140595,3140595,799,6201147652559126,6201147656559321
"HSA_CORE_API","hsa_signal_wait_scacquire",3140595,3140595,800,6201147656559811,6201147660560006
"HSA_CORE_API","hsa_signal_wait_scacquire",3140595,3140595,801,6201147660560496,6201147664560691
"HSA_CORE_API","hsa_signal_wait_scacquire",3140595,3140595,802,6201147664561181,6201147668561376
"HSA_CORE_API","hsa_signal_wait_scacquire",3140595,3140595,803,6201147668561866,6201147672562061
"HSA_CORE_API","hsa_signal_wait_scacquire",3140595,3140595,804,6201147672562551,6201147676562745
"HSA_CORE_API","hsa_signal_wait_scacquire",3140595,3140595,805,6201147676563225,6201147680563430
"HSA_CORE_API","hsa_signal_wait_scacquire",3140595,3140595,806,6201147680563730,6201147684563935
"HSA_CORE_API","hsa_signal_wait_scacquire",3140595,3140595,807,6201147684564235,6201147688564430
"HSA_CORE_API","hsa_signal_wait_scacquire",3140595,3140595,808,6201147688564920,6201147692565115
"HSA_CORE_API","hsa_signal_wait_scacquire",3140595,3140595,809,6201147692565605,6201147696565800
"HSA_CORE_API","hsa_signal_wait_scacquire",3140595,3140595,810,6201147696566380,6201147700566575
"HSA_CORE_API","hsa_signal_wait_scacquire",3140595,3140595,811,6201147700567065,6201147704567260
"HSA_CORE_API","hsa_signal_wait_scacquire",3140595,3140595,812,6201147704567850,6201147708568045
"HSA_CORE_API","hsa_signal_wait_scacquire",3140595,3140595,813,6201147708568535,6201147712568750
"HSA_CORE_API","hsa_signal_wait_scacquire",3140595,3140595,814,6201147712569250,6201147716569445
"HSA_CORE_API","hsa_signal_wait_scacquire",3140595,3140595,815,6201147716569935,6201147720570130
"HSA_CORE_API","hsa_signal_wait_scacquire",3140595,3140595,816,6201147720570620,6201147724570815
"HSA_CORE_API","hsa_signal_wait_scacquire",3140595,3140595,817,6201147724571315,6201147728571510
"HSA_CORE_API","hsa_signal_wait_scacquire",3140595,3140595,818,6201147728571990,6201147732572184
"HSA_CORE_API","hsa_signal_wait_scacquire",3140595,3140595,819,6201147732572884,6201147736573079
"HSA_CORE_API","hsa_signal_wait_scacquire",3140595,3140595,820,6201147736573569,6201147740573784
"HSA_CORE_API","hsa_signal_wait_scacquire",3140595,3140595,821,6201147740574464,6201147744574679
"HSA_CORE_API","hsa_signal_wait_scacquire",3140595,3140595,822,6201147744575179,6201147748575364
"HSA_CORE_API","hsa_signal_wait_scacquire",3140595,3140595,823,6201147748575854,6201147752576059
"HSA_CORE_API","hsa_signal_wait_scacquire",3140595,3140595,824,6201147752576539,6201147756576744
"HSA_CORE_API","hsa_signal_wait_scacquire",3140595,3140595,825,6201147756577224,6201147760577419
"HSA_CORE_API","hsa_signal_wait_scacquire",3140595,3140595,826,6201147760577899,6201147764578094
"HSA_CORE_API","hsa_signal_wait_scacquire",3140595,3140595,827,6201147764578584,6201147768578779
"HSA_CORE_API","hsa_signal_wait_scacquire",3140595,3140595,828,6201147768579269,6201147772579464
"HSA_CORE_API","hsa_signal_wait_scacquire",3140595,3140595,829,6201147772579984,6201147776580179
"HSA_CORE_API","hsa_signal_wait_scacquire",3140595,3140595,830,6201147776582198,6201147780582403
"HSA_CORE_API","hsa_signal_wait_scacquire",3140595,3140595,831,6201147780582703,6201147784582898
"HSA_CORE_API","hsa_signal_wait_scacquire",3140595,3140595,832,6201147784583188,6201147788583393
"HSA_CORE_API","hsa_signal_wait_scacquire",3140595,3140595,833,6201147788585393,6201147792585598
"HSA_CORE_API","hsa_signal_wait_scacquire",3140595,3140595,834,6201147792587428,6201147796587623
"HSA_CORE_API","hsa_signal_wait_scacquire",3140595,3140595,835,6201147796587913,6201147800588108
"HSA_CORE_API","hsa_signal_wait_scacquire",3140595,3140595,836,6201147800588598,6201147804588803
"HSA_CORE_API","hsa_signal_wait_scacquire",3140595,3140595,837,6201147804589283,6201147808589498
"HSA_CORE_API","hsa_signal_wait_scacquire",3140595,3140595,838,6201147808589998,6201147812590193
"HSA_CORE_API","hsa_signal_wait_scacquire",3140595,3140595,839,6201147812590673,6201147816590868
"HSA_CORE_API","hsa_signal_wait_scacquire",3140595,3140595,840,6201147816591358,6201147820591553
"HSA_CORE_API","hsa_signal_wait_scacquire",3140595,3140595,841,6201147820592043,6201147824592238
"HSA_CORE_API","hsa_signal_wait_scacquire",3140595,3140595,842,6201147824592728,6201147828592923
"HSA_CORE_API","hsa_signal_wait_scacquire",3140595,3140595,843,6201147828593413,6201147832593608
"HSA_CORE_API","hsa_signal_wait_scacquire",3140595,3140595,844,6201147832594098,6201147836594302
"HSA_CORE_API","hsa_signal_wait_scacquire",3140595,3140595,845,6201147836594792,6201147840594987
"HSA_CORE_API","hsa_signal_wait_scacquire",3140595,3140595,846,6201147840595277,6201147844595472
"HSA_CORE_API","hsa_signal_wait_scacquire",3140595,3140595,847,6201147844595962,6201147848596157
"HSA_CORE_API","hsa_signal_wait_scacquire",3140595,3140595,848,6201147848596647,6201147852596842
"HSA_CORE_API","hsa_signal_wait_scacquire",3140595,3140595,849,6201147852597332,6201147856597527
"HSA_CORE_API","hsa_signal_wait_scacquire",3140595,3140595,850,6201147856598017,6201147860598212
"HSA_CORE_API","hsa_signal_wait_scacquire",3140595,3140595,851,6201147860598692,6201147864598887
"HSA_CORE_API","hsa_signal_wait_scacquire",3140595,3140595,852,6201147864599377,6201147868599572
"HSA_CORE_API","hsa_signal_wait_scacquire",3140595,3140595,853,6201147868600062,6201147872600257
"HSA_CORE_API","hsa_signal_wait_scacquire",3140595,3140595,854,6201147872600737,6201147876600932
"HSA_CORE_API","hsa_signal_wait_scacquire",3140595,3140595,855,6201147876601412,6201147880601617
"HSA_CORE_API","hsa_signal_wait_scacquire",3140595,3140595,856,6201147880601917,6201147884602111
"HSA_CORE_API","hsa_signal_wait_scacquire",3140595,3140595,857,6201147884602601,6201147888602796
"HSA_CORE_API","hsa_signal_wait_scacquire",3140595,3140595,858,6201147888603276,6201147892603471
"HSA_CORE_API","hsa_signal_wait_scacquire",3140595,3140595,859,6201147892603961,6201147896604166
"HSA_CORE_API","hsa_signal_wait_scacquire",3140595,3140595,860,6201147896604646,6201147900604861
"HSA_CORE_API","hsa_signal_wait_scacquire",3140595,3140595,861,6201147900605141,6201147904605356
"HSA_CORE_API","hsa_signal_wait_scacquire",3140595,3140595,862,6201147904605836,6201147908606031
"HSA_CORE_API","hsa_signal_wait_scacquire",3140595,3140595,863,6201147908606511,6201147912606716
"HSA_CORE_API","hsa_signal_wait_scacquire",3140595,3140595,864,6201147912607216,6201147916607451
"HSA_CORE_API","hsa_signal_wait_scacquire",3140595,3140595,865,6201147916607941,6201147920608136
"HSA_CORE_API","hsa_signal_wait_scacquire",3140595,3140595,866,6201147920608616,6201147924608821
"HSA_CORE_API","hsa_signal_wait_scacquire",3140595,3140595,867,6201147924609301,6201147928609496
"HSA_CORE_API","hsa_signal_wait_scacquire",3140595,3140595,868,6201147928609976,6201147932610191
"HSA_CORE_API","hsa_signal_wait_scacquire",3140595,3140595,869,6201147932610881,6201147936611076
"HSA_CORE_API","hsa_signal_wait_scacquire",3140595,3140595,870,6201147936611566,6201147940611761
"HSA_CORE_API","hsa_signal_wait_scacquire",3140595,3140595,871,6201147940612251,6201147944612445
"HSA_CORE_API","hsa_signal_wait_scacquire",3140595,3140595,872,6201147944612935,6201147948613140
"HSA_CORE_API","hsa_signal_wait_scacquire",3140595,3140595,873,6201147948613630,6201147952613825
"HSA_CORE_API","hsa_signal_wait_scacquire",3140595,3140595,874,6201147952614305,6201147956614510
"HSA_CORE_API","hsa_signal_wait_scacquire",3140595,3140595,875,6201147956615000,6201147960615205
"HSA_CORE_API","hsa_signal_wait_scacquire",3140595,3140595,876,6201147960615505,6201147964615710
"HSA_CORE_API","hsa_signal_wait_scacquire",3140595,3140595,877,6201147964616000,6201147968616195
"HSA_CORE_API","hsa_signal_wait_scacquire",3140595,3140595,878,6201147968616685,6201147972616880
"HSA_CORE_API","hsa_signal_wait_scacquire",3140595,3140595,879,6201147972617370,6201147976617565
"HSA_CORE_API","hsa_signal_wait_scacquire",3140595,3140595,880,6201147976618065,6201147980618260
"HSA_CORE_API","hsa_signal_wait_scacquire",3140595,3140595,881,6201147980618560,6201147984618755
"HSA_CORE_API","hsa_signal_wait_scacquire",3140595,3140595,882,6201147984619045,6201147988619250
"HSA_CORE_API","hsa_signal_wait_scacquire",3140595,3140595,883,6201147988619730,6201147992619925
"HSA_CORE_API","hsa_signal_wait_scacquire",3140595,3140595,884,6201147992620404,6201147996620619
"HSA_CORE_API","hsa_signal_wait_scacquire",3140595,3140595,885,6201147996621099,6201148000621294
"HSA_CORE_API","hsa_signal_wait_scacquire",3140595,3140595,886,6201148000621814,6201148004622029
"HSA_CORE_API","hsa_signal_wait_scacquire",3140595,3140595,887,6201148004622519,6201148008622714
"HSA_CORE_API","hsa_signal_wait_scacquire",3140595,3140595,888,6201148008623194,6201148012623389
"HSA_CORE_API","hsa_signal_wait_scacquire",3140595,3140595,889,6201148012623879,6201148016624074
"HSA_CORE_API","hsa_signal_wait_scacquire",3140595,3140595,890,6201148016624554,6201148020624749
"HSA_CORE_API","hsa_signal_wait_scacquire",3140595,3140595,891,6201148020625239,6201148024625444
"HSA_CORE_API","hsa_signal_wait_scacquire",3140595,3140595,892,6201148024625924,6201148028626139
"HSA_CORE_API","hsa_signal_wait_scacquire",3140595,3140595,893,6201148028626429,6201148032626634
"HSA_CORE_API","hsa_signal_wait_scacquire",3140595,3140595,894,6201148032627114,6201148036627309
"HSA_CORE_API","hsa_signal_wait_scacquire",3140595,3140595,895,6201148036627799,6201148040627994
"HSA_CORE_API","hsa_signal_wait_scacquire",3140595,3140595,896,6201148040628554,6201148044628759
"HSA_CORE_API","hsa_signal_wait_scacquire",3140595,3140595,897,6201148044629399,6201148048629603
"HSA_CORE_API","hsa_signal_wait_scacquire",3140595,3140595,898,6201148048632363,6201148052632568
"HSA_CORE_API","hsa_signal_wait_scacquire",3140595,3140595,899,6201148052632858,6201148056633053
"HSA_CORE_API","hsa_signal_wait_scacquire",3140595,3140595,900,6201148056633533,6201148060633748
"HSA_CORE_API","hsa_signal_wait_scacquire",3140595,3140595,901,6201148060634238,6201148064634433
"HSA_CORE_API","hsa_signal_wait_scacquire",3140595,3140595,902,6201148064634913,6201148068635108
"HSA_CORE_API","hsa_signal_wait_scacquire",3140595,3140595,903,6201148068635588,6201148072635783
"HSA_CORE_API","hsa_signal_wait_scacquire",3140595,3140595,904,6201148072636253,6201148076636448
"HSA_CORE_API","hsa_signal_wait_scacquire",3140595,3140595,905,6201148076636918,6201148080637113
"HSA_CORE_API","hsa_signal_wait_scacquire",3140595,3140595,906,6201148080638243,6201148084638448
"HSA_CORE_API","hsa_signal_wait_scacquire",3140595,3140595,907,6201148084638738,6201148088638933
"HSA_CORE_API","hsa_signal_wait_scacquire",3140595,3140595,908,6201148088639413,6201148092639598
"HSA_CORE_API","hsa_signal_wait_scacquire",3140595,3140595,909,6201148092640078,6201148096640283
"HSA_CORE_API","hsa_signal_wait_scacquire",3140595,3140595,910,6201148096640753,6201148100640967
"HSA_CORE_API","hsa_signal_wait_scacquire",3140595,3140595,911,6201148100641457,6201148104641662
"HSA_CORE_API","hsa_signal_wait_scacquire",3140595,3140595,912,6201148104641952,6201148108642177
"HSA_CORE_API","hsa_signal_wait_scacquire",3140595,3140595,913,6201148108642667,6201148112642862
"HSA_CORE_API","hsa_signal_wait_scacquire",3140595,3140595,914,6201148112643342,6201148116643537
"HSA_CORE_API","hsa_signal_wait_scacquire",3140595,3140595,915,6201148116644017,6201148120644212
"HSA_CORE_API","hsa_signal_wait_scacquire",3140595,3140595,916,6201148120644692,6201148124644887
"HSA_CORE_API","hsa_signal_wait_scacquire",3140595,3140595,917,6201148124645367,6201148128645562
"HSA_CORE_API","hsa_signal_wait_scacquire",3140595,3140595,918,6201148128646042,6201148132646237
"HSA_CORE_API","hsa_signal_wait_scacquire",3140595,3140595,919,6201148132646717,6201148136646912
"HSA_CORE_API","hsa_signal_wait_scacquire",3140595,3140595,920,6201148136647382,6201148140647587
"HSA_CORE_API","hsa_signal_wait_scacquire",3140595,3140595,921,6201148140648057,6201148144648252
"HSA_CORE_API","hsa_signal_wait_scacquire",3140595,3140595,922,6201148144649282,6201148148649477
"HSA_CORE_API","hsa_signal_wait_scacquire",3140595,3140595,923,6201148148650137,6201148152650331
"HSA_CORE_API","hsa_signal_wait_scacquire",3140595,3140595,924,6201148152650811,6201148156651006
"HSA_CORE_API","hsa_signal_wait_scacquire",3140595,3140595,925,6201148156651476,6201148160651671
"HSA_CORE_API","hsa_signal_wait_scacquire",3140595,3140595,926,6201148160652141,6201148164652336
"HSA_CORE_API","hsa_signal_wait_scacquire",3140595,3140595,927,6201148164652816,6201148168653021
"HSA_CORE_API","hsa_signal_wait_scacquire",3140595,3140595,928,6201148168653501,6201148172653696
"HSA_CORE_API","hsa_signal_wait_scacquire",3140595,3140595,929,6201148172654176,6201148176654371
"HSA_CORE_API","hsa_signal_wait_scacquire",3140595,3140595,930,6201148176654851,6201148180655046
"HSA_CORE_API","hsa_signal_wait_scacquire",3140595,3140595,931,6201148180655346,6201148184655551
"HSA_CORE_API","hsa_signal_wait_scacquire",3140595,3140595,932,6201148184655851,6201148188656046
"HSA_CORE_API","hsa_signal_wait_scacquire",3140595,3140595,933,6201148188656336,6201148192656541
"HSA_CORE_API","hsa_signal_wait_scacquire",3140595,3140595,934,6201148192657021,6201148196657226
"HSA_CORE_API","hsa_signal_wait_scacquire",3140595,3140595,935,6201148196657706,6201148200657901
"HSA_CORE_API","hsa_signal_wait_scacquire",3140595,3140595,936,6201148200658381,6201148204658576
"HSA_CORE_API","hsa_signal_wait_scacquire",3140595,3140595,937,6201148204659056,6201148208659250
"HSA_CORE_API","hsa_signal_wait_scacquire",3140595,3140595,938,6201148208659720,6201148212659915
"HSA_CORE_API","hsa_signal_wait_scacquire",3140595,3140595,939,6201148212660395,6201148216660590
"HSA_CORE_API","hsa_signal_wait_scacquire",3140595,3140595,940,6201148216660880,6201148220661075
"HSA_CORE_API","hsa_signal_wait_scacquire",3140595,3140595,941,6201148220661555,6201148224661750
"HSA_CORE_API","hsa_signal_wait_scacquire",3140595,3140595,942,6201148224662230,6201148228662425
"HSA_CORE_API","hsa_signal_wait_scacquire",3140595,3140595,943,6201148228662905,6201148232663100
"HSA_CORE_API","hsa_signal_wait_scacquire",3140595,3140595,944,6201148232663580,6201148236663775
"HSA_CORE_API","hsa_signal_wait_scacquire",3140595,3140595,945,6201148236664255,6201148240664450
"HSA_CORE_API","hsa_signal_wait_scacquire",3140595,3140595,946,6201148240664920,6201148244665115
"HSA_CORE_API","hsa_signal_wait_scacquire",3140595,3140595,947,6201148244665415,6201148248665630
"HSA_CORE_API","hsa_signal_wait_scacquire",3140595,3140595,948,6201148248666110,6201148252666305
"HSA_CORE_API","hsa_signal_wait_scacquire",3140595,3140595,949,6201148252666785,6201148256666990
"HSA_CORE_API","hsa_signal_wait_scacquire",3140595,3140595,950,6201148256667470,6201148260667665
"HSA_CORE_API","hsa_signal_wait_scacquire",3140595,3140595,951,6201148260668144,6201148264668339
"HSA_CORE_API","hsa_signal_wait_scacquire",3140595,3140595,952,6201148264668819,6201148268669014
"HSA_CORE_API","hsa_signal_wait_scacquire",3140595,3140595,953,6201148268669494,6201148272669689
"HSA_CORE_API","hsa_signal_wait_scacquire",3140595,3140595,954,6201148272670169,6201148276670364
"HSA_CORE_API","hsa_signal_wait_scacquire",3140595,3140595,955,6201148276670844,6201148280671049
"HSA_CORE_API","hsa_signal_wait_scacquire",3140595,3140595,956,6201148280671349,6201148284671544
"HSA_CORE_API","hsa_signal_wait_scacquire",3140595,3140595,957,6201148284671844,6201148288672039
"HSA_CORE_API","hsa_signal_wait_scacquire",3140595,3140595,958,6201148288672519,6201148292672714
"HSA_CORE_API","hsa_signal_wait_scacquire",3140595,3140595,959,6201148292673194,6201148296673209
"HSA_CORE_API","hsa_signal_wait_scacquire",3140595,3140595,960,6201148296673689,6201148300673714
"HSA_CORE_API","hsa_signal_wait_scacquire",3140595,3140595,961,6201148300697543,6201148304697558
"HSA_CORE_API","hsa_signal_wait_scacquire",3140595,3140595,962,6201148304699228,6201148308699243
"HSA_CORE_API","hsa_signal_wait_scacquire",3140595,3140595,963,6201148308699703,6201148312699728
"HSA_CORE_API","hsa_signal_wait_scacquire",3140595,3140595,964,6201148312700198,6201148316700213
"HSA_CORE_API","hsa_signal_wait_scacquire",3140595,3140595,965,6201148316700693,6201148320700888
"HSA_CORE_API","hsa_signal_wait_scacquire",3140595,3140595,966,6201148320701468,6201148324701663
"HSA_CORE_API","hsa_signal_wait_scacquire",3140595,3140595,967,6201148324702143,6201148328702168
"HSA_CORE_API","hsa_signal_wait_scacquire",3140595,3140595,968,6201148328702558,6201148332702613
"HSA_CORE_API","hsa_signal_wait_scacquire",3140595,3140595,969,6201148332703863,6201148336703878
"HSA_CORE_API","hsa_signal_wait_scacquire",3140595,3140595,970,6201148336704338,6201148340704352
"HSA_CORE_API","hsa_signal_wait_scacquire",3140595,3140595,971,6201148340704832,6201148344704937
"HSA_CORE_API","hsa_signal_wait_scacquire",3140595,3140595,972,6201148344705417,6201148348705612
"HSA_CORE_API","hsa_signal_wait_scacquire",3140595,3140595,973,6201148348706092,6201148352706287
"HSA_CORE_API","hsa_signal_wait_scacquire",3140595,3140595,974,6201148352706847,6201148356707052
"HSA_CORE_API","hsa_signal_wait_scacquire",3140595,3140595,975,6201148356707532,6201148360707547
"HSA_CORE_API","hsa_signal_wait_scacquire",3140595,3140595,976,6201148360708027,6201148364708042
"HSA_CORE_API","hsa_signal_wait_scacquire",3140595,3140595,977,6201148364708522,6201148368708567
"HSA_CORE_API","hsa_signal_wait_scacquire",3140595,3140595,978,6201148368708867,6201148372708902
"HSA_CORE_API","hsa_signal_wait_scacquire",3140595,3140595,979,6201148372709212,6201148376709407
"HSA_CORE_API","hsa_signal_wait_scacquire",3140595,3140595,980,6201148376709887,6201148380710082
"HSA_CORE_API","hsa_signal_wait_scacquire",3140595,3140595,981,6201148380710382,6201148384710577
"HSA_CORE_API","hsa_signal_wait_scacquire",3140595,3140595,982,6201148384710877,6201148388711082
"HSA_CORE_API","hsa_signal_wait_scacquire",3140595,3140595,983,6201148388711562,6201148392711757
"HSA_CORE_API","hsa_signal_wait_scacquire",3140595,3140595,984,6201148392712237,6201148396712442
"HSA_CORE_API","hsa_signal_wait_scacquire",3140595,3140595,985,6201148396712922,6201148400713126
"HSA_CORE_API","hsa_signal_wait_scacquire",3140595,3140595,986,6201148400713596,6201148404713791
"HSA_CORE_API","hsa_signal_wait_scacquire",3140595,3140595,987,6201148404714081,6201148408714276
"HSA_CORE_API","hsa_signal_wait_scacquire",3140595,3140595,988,6201148408714766,6201148412714991
"HSA_CORE_API","hsa_signal_wait_scacquire",3140595,3140595,989,6201148412715481,6201148416715686
"HSA_CORE_API","hsa_signal_wait_scacquire",3140595,3140595,990,6201148416716166,6201148420716361
"HSA_CORE_API","hsa_signal_wait_scacquire",3140595,3140595,991,6201148420716841,6201148424717046
"HSA_CORE_API","hsa_signal_wait_scacquire",3140595,3140595,992,6201148424717796,6201148428717991
"HSA_CORE_API","hsa_signal_wait_scacquire",3140595,3140595,993,6201148428718461,6201148432718676
"HSA_CORE_API","hsa_signal_wait_scacquire",3140595,3140595,994,6201148432719166,6201148436719371
"HSA_CORE_API","hsa_signal_wait_scacquire",3140595,3140595,995,6201148436719841,6201148440720036
"HSA_CORE_API","hsa_signal_wait_scacquire",3140595,3140595,996,6201148440720516,6201148444720711
"HSA_CORE_API","hsa_signal_wait_scacquire",3140595,3140595,997,6201148444721191,6201148448721386
"HSA_CORE_API","hsa_signal_wait_scacquire",3140595,3140595,998,6201148448721866,6201148452722060
"HSA_CORE_API","hsa_signal_wait_scacquire",3140595,3140595,999,6201148452722540,6201148456722735
"HSA_CORE_API","hsa_signal_wait_scacquire",3140595,3140595,1000,6201148456723215,6201148460723420
"HSA_CORE_API","hsa_signal_wait_scacquire",3140595,3140595,1001,6201148460723890,6201148464724085
"HSA_CORE_API","hsa_signal_wait_scacquire",3140595,3140595,1002,6201148464724565,6201148468724760
"HSA_CORE_API","hsa_signal_wait_scacquire",3140595,3140595,1003,6201148468725050,6201148472725255
"HSA_CORE_API","hsa_signal_wait_scacquire",3140595,3140595,1004,6201148472725835,6201148476726030
"HSA_CORE_API","hsa_signal_wait_scacquire",3140595,3140595,1005,6201148476726510,6201148480726705
"HSA_CORE_API","hsa_signal_wait_scacquire",3140595,3140595,1006,6201148480727005,6201148484727210
"HSA_CORE_API","hsa_signal_wait_scacquire",3140595,3140595,1007,6201148484727500,6201148488727705
"HSA_CORE_API","hsa_signal_wait_scacquire",3140595,3140595,1008,6201148488728185,6201148492728380
"HSA_CORE_API","hsa_signal_wait_scacquire",3140595,3140595,1009,6201148492728870,6201148496729075
"HSA_CORE_API","hsa_signal_wait_scacquire",3140595,3140595,1010,6201148496729555,6201148500729750
"HSA_CORE_API","hsa_signal_wait_scacquire",3140595,3140595,1011,6201148500730220,6201148504730415
"HSA_CORE_API","hsa_signal_wait_scacquire",3140595,3140595,1012,6201148504730725,6201148508730919
"HSA_CORE_API","hsa_signal_wait_scacquire",3140595,3140595,1013,6201148508731399,6201148512731594
"HSA_CORE_API","hsa_signal_wait_scacquire",3140595,3140595,1014,6201148512732074,6201148516732269
"HSA_CORE_API","hsa_signal_wait_scacquire",3140595,3140595,1015,6201148516732759,6201148520732954
"HSA_CORE_API","hsa_signal_wait_scacquire",3140595,3140595,1016,6201148520733434,6201148524733639
"HSA_CORE_API","hsa_signal_wait_scacquire",3140595,3140595,1017,6201148524733919,6201148528734124
"HSA_CORE_API","hsa_signal_wait_scacquire",3140595,3140595,1018,6201148528734604,6201148532734799
"HSA_CORE_API","hsa_signal_wait_scacquire",3140595,3140595,1019,6201148532735279,6201148533043143
"HSA_CORE_API","hsa_signal_load_relaxed",3140595,3140595,1020,6201148533063592,6201148533064262
"HSA_CORE_API","hsa_signal_load_relaxed",3140595,3140595,1021,6201148533064942,6201148533064972
"HSA_CORE_API","hsa_signal_load_relaxed",3140595,3140595,1022,6201148533066262,6201148533066282
"HSA_CORE_API","hsa_signal_load_relaxed",3140595,3140595,1023,6201148533066592,6201148533066622
"HSA_CORE_API","hsa_queue_add_write_index_screlease",3140595,3140595,1024,6201148533114311,6201148533115541
"HSA_CORE_API","hsa_signal_load_relaxed",3140595,3140595,1025,6201148533117971,6201148533118091
"HSA_CORE_API","hsa_signal_load_relaxed",3140595,3140595,1026,6201148533119391,6201148533119521
"HSA_CORE_API","hsa_signal_load_relaxed",3140595,3140595,1027,6201148533120291,6201148533120321
"HSA_CORE_API","hsa_signal_silent_store_relaxed",3140595,3140595,1028,6201148533121271,6201148533121561
"HSA_CORE_API","hsa_queue_load_read_index_scacquire",3140595,3140595,1029,6201148533122761,6201148533123351
"HSA_CORE_API","hsa_signal_store_screlease",3140595,3140595,1030,6201148533123921,6201148533124551
"HSA_CORE_API","hsa_signal_load_relaxed",3140595,3140595,1031,6201148533125021,6201148533125041
"HSA_CORE_API","hsa_signal_load_relaxed",3140595,3140595,1032,6201148533125351,6201148533125381
"HSA_CORE_API","hsa_signal_wait_scacquire",3140595,3140595,1033,6201148533125671,6201148533134531
"HSA_CORE_API","hsa_signal_load_relaxed",3140595,3140595,1034,6201148533135731,6201148533135761
"HSA_CORE_API","hsa_queue_add_write_index_screlease",3140595,3140595,1035,6201148533186859,6201148533186899
"HSA_CORE_API","hsa_queue_load_read_index_relaxed",3140595,3140595,1036,6201148533187389,6201148533187689
"HSA_CORE_API","hsa_signal_load_relaxed",3140595,3140595,1037,6201148533188929,6201148533189159
"HSA_CORE_API","hsa_signal_load_relaxed",3140595,3140595,1038,6201148533189419,6201148533189449
"HSA_CORE_API","hsa_signal_load_relaxed",3140595,3140595,1039,6201148533189729,6201148533189759
"HSA_CORE_API","hsa_signal_silent_store_relaxed",3140595,3140595,1040,6201148533191049,6201148533191909
"HSA_CORE_API","hsa_queue_load_read_index_scacquire",3140595,3140595,1041,6201148533201239,6201148533201269
"HSA_CORE_API","hsa_signal_store_screlease",3140595,3140595,1042,6201148533202129,6201148533202159
"HSA_CORE_API","hsa_signal_load_relaxed",3140595,3140683,1043,6201148533248228,6201148533248668
"HSA_CORE_API","hsa_signal_load_relaxed",3140595,3140683,1044,6201148533257338,6201148533257408
"HSA_CORE_API","hsa_signal_load_relaxed",3140595,3140683,1045,6201148533258358,6201148533258908
