"Domain","Function","Process_Id","Thread_Id","Correlation_Id","Start_Timestamp","End_Timestamp"
"HSA_CORE_API","hsa_system_get_major_extension_table",2839356,2839356,1,6197212399692104,6197212399692854
"HSA_CORE_API","hsa_agent_get_info",2839356,2839356,3,6197212399703983,6197212399704123
"HSA_CORE_API","hsa_agent_get_info",2839356,2839356,4,6197212399711583,6197212399711623
"HSA_CORE_API","hsa_agent_get_info",2839356,2839356,5,6197212399712453,6197212399712543
"HSA_CORE_API","hsa_iterate_agents",2839356,2839356,2,6197212399701683,6197212399712783
"HSA_CORE_API","hsa_agent_get_info",2839356,2839356,6,6197212399714623,6197212399714973
"HSA_CORE_API","hsa_agent_get_info",2839356,2839356,7,6197212399715273,6197212399715323
"HSA_CORE_API","hsa_agent_iterate_isas",2839356,2839356,8,6197212399717273,6197212399717843
"HSA_CORE_API","hsa_isa_get_info_alt",2839356,2839356,9,6197212399719183,6197212399729893
"HSA_CORE_API","hsa_isa_get_info_alt",2839356,2839356,10,6197212399730673,6197212399731843
"HSA_CORE_API","hsa_agent_get_info",2839356,2839356,11,6197212399738123,6197212399738173
"HSA_CORE_API","hsa_agent_get_info",2839356,2839356,12,6197212399738463,6197212399738693
"HSA_CORE_API","hsa_agent_get_info",2839356,2839356,13,6197212399741312,6197212399741352
"HSA_CORE_API","hsa_agent_get_info",2839356,2839356,14,6197212399784071,6197212399784111
"HSA_CORE_API","hsa_agent_get_info",2839356,2839356,15,6197212399784401,6197212399784431
"HSA_CORE_API","hsa_agent_get_info",2839356,2839356,16,6197212399786311,6197212399786381
"HSA_CORE_API","hsa_agent_get_info",2839356,2839356,17,6197212399786681,6197212399791841
"HSA_CORE_API","hsa_agent_get_info",2839356,2839356,18,6197212399792131,6197212399792181
"HSA_CORE_API","hsa_agent_get_info",2839356,2839356,19,6197212399792441,6197212399792471
"HSA_CORE_API","hsa_agent_get_info",2839356,2839356,20,6197212399792731,6197212399793361
"HSA_CORE_API","hsa_agent_get_info",2839356,2839356,21,6197212399793631,6197212399793941
"HSA_CORE_API","hsa_agent_get_info",2839356,2839356,22,6197212399799981,6197212399800021
"HSA_CORE_API","hsa_agent_get_info",2839356,2839356,23,6197212399800321,6197212399800351
"HSA_CORE_API","hsa_agent_get_info",2839356,2839356,24,6197212399800621,6197212399800651
"HSA_CORE_API","hsa_agent_get_info",2839356,2839356,25,6197212399800921,6197212399800951
"HSA_CORE_API","hsa_agent_get_info",2839356,2839356,26,6197212399801221,6197212399801251
"HSA_CORE_API","hsa_agent_get_info",2839356,2839356,27,6197212399801521,6197212399801551
"HSA_CORE_API","hsa_agent_get_info",2839356,2839356,28,6197212399805131,6197212399805181
"HSA_CORE_API","hsa_agent_get_info",2839356,2839356,29,6197212399813731,6197212399813781
"HSA_CORE_API","hsa_agent_get_info",2839356,2839356,30,6197212399814041,6197212399814081
"HSA_CORE_API","hsa_agent_get_info",2839356,2839356,31,6197212399814451,6197212399814491
"HSA_CORE_API","hsa_agent_get_info",2839356,2839356,32,6197212399814751,6197212399814781
"HSA_CORE_API","hsa_agent_get_info",2839356,2839356,33,6197212399822700,6197212399848750
"HSA_CORE_API","hsa_agent_get_info",2839356,2839356,34,6197212399849210,6197212399849250
"HSA_CORE_API","hsa_agent_get_info",2839356,2839356,35,6197212399849510,6197212399849550
"HSA_CORE_API","hsa_agent_get_info",2839356,2839356,36,6197212399849820,6197212399849850
"HSA_CORE_API","hsa_agent_get_info",2839356,2839356,37,6197212399850110,6197212399850140
"HSA_CORE_API","hsa_agent_get_info",2839356,2839356,38,6197212399850400,6197212399850430
"HSA_CORE_API","hsa_agent_get_info",2839356,2839356,39,6197212399850690,6197212399850720
"HSA_CORE_API","hsa_agent_get_info",2839356,2839356,40,6197212399850980,6197212399851010
"HSA_CORE_API","hsa_agent_get_info",2839356,2839356,41,6197212399851270,6197212399851300
"HSA_CORE_API","hsa_agent_get_info",2839356,2839356,42,6197212399851560,6197212399851590
"HSA_CORE_API","hsa_agent_get_info",2839356,2839356,43,6197212399851850,6197212399851880
"HSA_CORE_API","hsa_agent_get_info",2839356,2839356,44,6197212399852160,6197212399852200
"HSA_CORE_API","hsa_agent_get_info",2839356,2839356,45,6197212399852460,6197212399852500
"HSA_CORE_API","hsa_agent_get_info",2839356,2839356,46,6197212399852760,6197212399852800
"HSA_CORE_API","hsa_agent_get_info",2839356,2839356,47,6197212399853060,6197212399853100
"HSA_CORE_API","hsa_agent_get_info",2839356,2839356,48,6197212399853370,6197212399853740
"HSA_CORE_API","hsa_agent_get_info",2839356,2839356,49,6197212399854010,6197212399854050
"HSA_CORE_API","hsa_system_get_info",2839356,2839356,50,6197212399911238,6197212399911698
"HSA_CORE_API","hsa_system_get_info",2839356,2839356,51,6197212399912098,6197212399912368
"HSA_CORE_API","hsa_agent_get_info",2839356,2839356,52,6197212399912658,6197212399912708
"HSA_CORE_API","hsa_agent_get_info",2839356,2839356,53,6197212399912988,6197212399913028
"HSA_CORE_API","hsa_system_get_info",2839356,2839356,54,6197212399913568,6197212399913608
"HSA_CORE_API","hsa_signal_create",2839356,2839356,55,6197212399922278,6197212399924228
"HSA_CORE_API","hsa_agent_get_info",2839356,2839356,56,6197212400318588,6197212400319368
"HSA_CORE_API","hsa_queue_create",2839356,2839356,57,6197212400322607,6197212410870075
"HSA_CORE_API","hsa_executable_create_alt",2839356,2839356,58,6197212417688719,6197212417699198
"HSA_CORE_API","hsa_code_object_reader_create_from_memory",2839356,2839356,59,6197212417701778,6197212417725558
"HSA_CORE_API","hsa_executable_load_agent_code_object",2839356,2839356,60,6197212417727078,6197212417881084
"HSA_CORE_API","hsa_signal_create",2839356,2839356,62,6197212417895643,6197212417897263
"HSA_CORE_API","hsa_signal_wait_scacquire",2839356,2839356,63,6197212417899453,6197212417913623
"HSA_CORE_API","hsa_signal_destroy",2839356,2839356,64,6197212417914993,6197212417915673
"HSA_CORE_API","hsa_executable_freeze",2839356,2839356,61,6197212417883364,6197212418128427
"HSA_CORE_API","hsa_executable_get_symbol_by_name",2839356,2839356,65,6197212418131017,6197212418132037
"HSA_CORE_API","hsa_executable_symbol_get_info",2839356,2839356,66,6197212418134677,6197212418134777
"HSA_CORE_API","hsa_executable_symbol_get_info",2839356,2839356,67,6197212418135147,6197212418135187
"HSA_CORE_API","hsa_agent_get_info",2839356,2839356,68,6197212418135747,6197212418135867
"HSA_CORE_API","hsa_executable_get_symbol_by_name",2839356,2839356,69,6197212418136957,6197212418137097
"HSA_CORE_API","hsa_executable_symbol_get_info",2839356,2839356,70,6197212418137367,6197212418137397
"HSA_CORE_API","hsa_executable_symbol_get_info",2839356,2839356,71,6197212418137667,6197212418137697
"HSA_CORE_API","hsa_agent_get_info",2839356,2839356,72,6197212418137997,6197212418138027
"HSA_CORE_API","hsa_executable_get_symbol_by_name",2839356,2839356,73,6197212418138557,6197212418138717
"HSA_CORE_API","hsa_executable_symbol_get_info",2839356,2839356,74,6197212418138967,6197212418138997
"HSA_CORE_API","hsa_executable_symbol_get_info",2839356,2839356,75,6197212418139257,6197212418139277
"HSA_CORE_API","hsa_agent_get_info",2839356,2839356,76,6197212418139547,6197212418139577
"HSA_CORE_API","hsa_executable_get_symbol_by_name",2839356,2839356,77,6197212418140167,6197212418140257
"HSA_CORE_API","hsa_executable_symbol_get_info",2839356,2839356,78,6197212418140517,6197212418140547
"HSA_CORE_API","hsa_executable_symbol_get_info",2839356,2839356,79,6197212418140797,6197212418140827
"HSA_CORE_API","hsa_agent_get_info",2839356,2839356,80,6197212418141117,6197212418141147
"HSA_CORE_API","hsa_executable_get_symbol_by_name",2839356,2839356,81,6197212418141557,6197212418141687
"HSA_CORE_API","hsa_executable_symbol_get_info",2839356,2839356,82,6197212418141947,6197212418141977
"HSA_CORE_API","hsa_executable_symbol_get_info",2839356,2839356,83,6197212418142237,6197212418142267
"HSA_CORE_API","hsa_agent_get_info",2839356,2839356,84,6197212418142527,6197212418142557
"HSA_CORE_API","hsa_executable_get_symbol_by_name",2839356,2839356,85,6197212418142987,6197212418143137
"HSA_CORE_API","hsa_executable_symbol_get_info",2839356,2839356,86,6197212418143387,6197212418143417
"HSA_CORE_API","hsa_executable_symbol_get_info",2839356,2839356,87,6197212418143677,6197212418143697
"HSA_CORE_API","hsa_agent_get_info",2839356,2839356,88,6197212418143997,6197212418144027
"HSA_CORE_API","hsa_executable_get_symbol_by_name",2839356,2839356,89,6197212418144437,6197212418144547
"HSA_CORE_API","hsa_executable_symbol_get_info",2839356,2839356,90,6197212418144807,6197212418144837
"HSA_CORE_API","hsa_executable_symbol_get_info",2839356,2839356,91,6197212418145087,6197212418145117
"HSA_CORE_API","hsa_agent_get_info",2839356,2839356,92,6197212418145367,6197212418145397
"HSA_CORE_API","hsa_executable_get_symbol_by_name",2839356,2839356,93,6197212418145817,6197212418145947
"HSA_CORE_API","hsa_executable_symbol_get_info",2839356,2839356,94,6197212418146207,6197212418146237
"HSA_CORE_API","hsa_executable_symbol_get_info",2839356,2839356,95,6197212418146487,6197212418146517
"HSA_CORE_API","hsa_agent_get_info",2839356,2839356,96,6197212418146787,6197212418146807
"HSA_CORE_API","hsa_executable_get_symbol_by_name",2839356,2839356,97,6197212418147247,6197212418147487
"HSA_CORE_API","hsa_executable_symbol_get_info",2839356,2839356,98,6197212418147747,6197212418147777
"HSA_CORE_API","hsa_executable_symbol_get_info",2839356,2839356,99,6197212418148027,6197212418148057
"HSA_CORE_API","hsa_agent_get_info",2839356,2839356,100,6197212418148317,6197212418148347
"HSA_CORE_API","hsa_executable_get_symbol_by_name",2839356,2839356,101,6197212418148787,6197212418148917
"HSA_CORE_API","hsa_executable_symbol_get_info",2839356,2839356,102,6197212418149177,6197212418149197
"HSA_CORE_API","hsa_executable_symbol_get_info",2839356,2839356,103,6197212418149457,6197212418149487
"HSA_CORE_API","hsa_agent_get_info",2839356,2839356,104,6197212418149747,6197212418149777
"HSA_CORE_API","hsa_system_get_info",2839356,2839356,105,6197212418155857,6197212418156117
"HSA_CORE_API","hsa_signal_create",2839356,2839356,106,6197212418165986,6197212418166116
"HSA_CORE_API","hsa_signal_create",2839356,2839356,107,6197212418166586,6197212418167766
"HSA_CORE_API","hsa_signal_create",2839356,2839356,108,6197212418168076,6197212418168706
"HSA_CORE_API","hsa_signal_create",2839356,2839356,109,6197212418169006,6197212418169666
"HSA_CORE_API","hsa_signal_create",2839356,2839356,110,6197212418169976,6197212418170336
"HSA_CORE_API","hsa_signal_load_relaxed",2839356,2839356,111,6197212418439379,6197212418439849
"HSA_CORE_API","hsa_queue_add_write_index_screlease",2839356,2839356,112,6197212418447339,6197212418447659
"HSA_CORE_API","hsa_signal_load_relaxed",2839356,2839356,113,6197212418448249,6197212418448289
"HSA_CORE_API","hsa_signal_load_relaxed",2839356,2839356,114,6197212418448709,6197212418448749
"HSA_CORE_API","hsa_signal_load_relaxed",2839356,2839356,115,6197212418449539,6197212418449559
"HSA_CORE_API","hsa_signal_silent_store_relaxed",2839356,2839356,116,6197212418450919,6197212418451009
"HSA_CORE_API","hsa_queue_load_read_index_scacquire",2839356,2839356,117,6197212418452639,6197212418452759
"HSA_CORE_API","hsa_signal_store_screlease",2839356,2839356,118,6197212418453899,6197212418454119
"HSA_CORE_API","hsa_signal_load_relaxed",2839356,2839356,119,6197212418455769,6197212418455799
"HSA_CORE_API","hsa_signal_wait_scacquire",2839356,2839356,120,6197212418456569,6197212418472798
"HSA_CORE_API","hsa_queue_add_write_index_screlease",2839356,2839356,121,6197212418486558,6197212418486588
"HSA_CORE_API","hsa_signal_load_relaxed",2839356,2839356,122,6197212418486888,6197212418486928
"HSA_CORE_API","hsa_signal_load_relaxed",2839356,2839356,123,6197212418487248,6197212418487278
"HSA_CORE_API","hsa_signal_load_relaxed",2839356,2839356,124,6197212418487568,6197212418487588
"HSA_CORE_API","hsa_signal_silent_store_relaxed",2839356,2839356,125,6197212418487898,6197212418487918
"HSA_CORE_API","hsa_queue_load_read_index_scacquire",2839356,2839356,126,6197212418488218,6197212418488438
"HSA_CORE_API","hsa_signal_store_screlease",2839356,2839356,127,6197212418488718,6197212418488748
"HSA_CORE_API","hsa_signal_load_relaxed",2839356,2839356,128,6197212418489188,6197212418489218
"HSA_CORE_API","hsa_signal_wait_scacquire",2839356,2839356,129,6197212418489598,6197212418497108
"HSA_CORE_API","hsa_queue_add_write_index_screlease",2839356,2839356,130,6197212418501378,6197212418501408
"HSA_CORE_API","hsa_signal_load_relaxed",2839356,2839356,131,6197212418501698,6197212418501728
"HSA_CORE_API","hsa_signal_load_relaxed",2839356,2839356,132,6197212418501988,6197212418502008
"HSA_CORE_API","hsa_signal_load_relaxed",2839356,2839356,133,6197212418502278,6197212418502308
"HSA_CORE_API","hsa_signal_silent_store_relaxed",2839356,2839356,134,6197212418502578,6197212418502608
"HSA_CORE_API","hsa_queue_load_read_index_scacquire",2839356,2839356,135,6197212418502878,6197212418503278
"HSA_CORE_API","hsa_signal_store_screlease",2839356,2839356,136,6197212418503548,6197212418503568
"HSA_CORE_API","hsa_signal_load_relaxed",2839356,2839356,137,6197212418503988,6197212418504018
"HSA_CORE_API","hsa_signal_wait_scacquire",2839356,2839356,138,6197212418504288,6197212418511767
"HSA_CORE_API","hsa_queue_add_write_index_screlease",2839356,2839356,139,6197212418514317,6197212418514357
"HSA_CORE_API","hsa_queue_load_read_index_relaxed",2839356,2839356,140,6197212418515587,6197212418515827
"HSA_CORE_API","hsa_signal_load_relaxed",2839356,2839356,141,6197212418516407,6197212418516427
"HSA_CORE_API","hsa_signal_load_relaxed",2839356,2839356,142,6197212418516687,6197212418516717
"HSA_CORE_API","hsa_signal_load_relaxed",2839356,2839356,143,6197212418516997,6197212418517017
"HSA_CORE_API","hsa_signal_silent_store_relaxed",2839356,2839356,144,6197212418517287,6197212418517317
"HSA_CORE_API","hsa_queue_load_read_index_scacquire",2839356,2839356,145,6197212418517697,6197212418517727
"HSA_CORE_API","hsa_signal_store_screlease",2839356,2839356,146,6197212418518037,6197212418518057
"HSA_CORE_API","hsa_signal_load_relaxed",2839356,2839356,147,6197212418519767,6197212418519797
"HSA_CORE_API","hsa_signal_load_relaxed",2839356,2839356,148,6197212418520347,6197212418520377
"HSA_CORE_API","hsa_signal_load_relaxed",2839356,2839356,149,6197212418520637,6197212418520667
"HSA_CORE_API","hsa_signal_load_relaxed",2839356,2839356,150,6197212418520937,6197212418520967
"HSA_CORE_API","hsa_signal_silent_store_relaxed",2839356,2839356,151,6197212418521227,6197212418521257
"HSA_CORE_API","hsa_signal_load_relaxed",2839356,2839356,152,6197212425702562,6197212425702782
"HSA_CORE_API","hsa_signal_wait_scacquire",2839356,2839356,153,6197212425703881,6197212425760260
"HSA_CORE_API","hsa_signal_load_relaxed",2839356,2839356,154,6197212425774410,6197212425774430
"HSA_CORE_API","hsa_signal_load_relaxed",2839356,2839356,155,6197212425774770,6197212425774910
"HSA_CORE_API","hsa_signal_load_relaxed",2839356,2839356,156,6197212425775210,6197212425775240
"HSA_CORE_API","hsa_signal_load_relaxed",2839356,2839356,157,6197212425775550,6197212425775570
"HSA_CORE_API","hsa_signal_silent_store_relaxed",2839356,2839356,158,6197212425775930,6197212425775960
"HSA_CORE_API","hsa_signal_load_relaxed",2839356,2839356,159,6197212425777270,6197212425777300
"HSA_CORE_API","hsa_signal_wait_scacquire",2839356,2839356,160,6197212425777580,6197212425785749
"HSA_CORE_API","hsa_signal_load_relaxed",2839356,2839356,161,6197212426342065,6197212426342285
"HSA_CORE_API","hsa_signal_load_relaxed",2839356,2839356,162,6197212426342925,6197212426342965
"HSA_CORE_API","hsa_signal_load_relaxed",2839356,2839356,163,6197212426343225,6197212426343265
"HSA_CORE_API","hsa_signal_load_relaxed",2839356,2839356,164,6197212426343555,6197212426343585
"HSA_CORE_API","hsa_signal_silent_store_relaxed",2839356,2839356,165,6197212426343975,6197212426344005
"HSA_CORE_API","hsa_queue_add_write_index_screlease",2839356,2839356,166,6197212426345185,6197212426345655
"HSA_CORE_API","hsa_queue_load_read_index_relaxed",2839356,2839356,167,6197212426346335,6197212426346555
"HSA_CORE_API","hsa_queue_load_read_index_scacquire",2839356,2839356,168,6197212426347125,6197212426347365
"HSA_CORE_API","hsa_signal_store_screlease",2839356,2839356,169,6197212426348185,6197212426348365
"HSA_CORE_API","hsa_queue_add_write_index_screlease",2839356,2839356,170,6197212426367764,6197212426367794
"HSA_CORE_API","hsa_queue_load_read_index_scacquire",2839356,2839356,171,6197212426368524,6197212426368764
"HSA_CORE_API","hsa_signal_store_screlease",2839356,2839356,172,6197212426369124,6197212426369154
"HSA_CORE_API","hsa_queue_add_write_index_screlease",2839356,2839356,173,6197212426371424,6197212426371454
"HSA_CORE_API","hsa_queue_load_read_index_scacquire",2839356,2839356,174,6197212426371724,6197212426371764
"HSA_CORE_API","hsa_signal_store_screlease",2839356,2839356,175,6197212426372024,6197212426372054
"HSA_CORE_API","hsa_queue_add_write_index_screlease",2839356,2839356,176,6197212426375284,6197212426375314
"HSA_CORE_API","hsa_queue_load_read_index_scacquire",2839356,2839356,177,6197212426375594,6197212426375624
"HSA_CORE_API","hsa_signal_store_screlease",2839356,2839356,178,6197212426375964,6197212426375994
"HSA_CORE_API","hsa_executable_create_alt",2839356,2839356,179,6197212426669257,6197212426671847
"HSA_CORE_API","hsa_code_object_reader_create_from_memory",2839356,2839356,180,6197212426672566,6197212426687306
"HSA_CORE_API","hsa_executable_load_agent_code_object",2839356,2839356,181,6197212426688016,6197212426797833
"HSA_CORE_API","hsa_signal_create",2839356,2839356,183,6197212426817553,6197212426818753
"HSA_CORE_API","hsa_signal_wait_scacquire",2839356,2839356,184,6197212426819373,6197212426834902
"HSA_CORE_API","hsa_signal_destroy",2839356,2839356,185,6197212426835472,6197212426835902
"HSA_CORE_API","hsa_executable_freeze",2839356,2839356,182,6197212426798873,6197212426929150
"HSA_CORE_API","hsa_executable_get_symbol_by_name",2839356,2839356,186,6197212426930090,6197212426931120
"HSA_CORE_API","hsa_executable_symbol_get_info",2839356,2839356,187,6197212426931840,6197212426931920
"HSA_CORE_API","hsa_executable_symbol_get_info",2839356,2839356,188,6197212426932270,6197212426932300
"HSA_CORE_API","hsa_agent_get_info",2839356,2839356,189,6197212426933160,6197212426933270
"HSA_CORE_API","hsa_executable_get_symbol_by_name",2839356,2839356,190,6197212426934280,6197212426934410
"HSA_CORE_API","hsa_executable_symbol_get_info",2839356,2839356,191,6197212426934670,6197212426934700
"HSA_CORE_API","hsa_executable_symbol_get_info",2839356,2839356,192,6197212426934950,6197212426934980
"HSA_CORE_API","hsa_agent_get_info",2839356,2839356,193,6197212426935360,6197212426935390
"HSA_CORE_API","hsa_executable_get_symbol_by_name",2839356,2839356,194,6197212426936910,6197212426937020
"HSA_CORE_API","hsa_executable_symbol_get_info",2839356,2839356,195,6197212426937280,6197212426937310
"HSA_CORE_API","hsa_executable_symbol_get_info",2839356,2839356,196,6197212426937560,6197212426937590
"HSA_CORE_API","hsa_agent_get_info",2839356,2839356,197,6197212426937840,6197212426937860
"HSA_CORE_API","hsa_queue_add_write_index_screlease",2839356,2839356,198,6197212426946619,6197212426946739
"HSA_CORE_API","hsa_queue_load_read_index_scacquire",2839356,2839356,199,6197212426947149,6197212426947449
"HSA_CORE_API","hsa_signal_store_screlease",2839356,2839356,200,6197212426947849,6197212426947919
"HSA_CORE_API","hsa_signal_load_relaxed",2839356,2839356,201,6197212426951719,6197212426952039
"HSA_CORE_API","hsa_signal_load_relaxed",2839356,2839356,202,6197212426952439,6197212426952479
"HSA_CORE_API","hsa_signal_load_relaxed",2839356,2839356,203,6197212426952859,6197212426952889
"HSA_CORE_API","hsa_signal_silent_store_relaxed",2839356,2839356,204,6197212426953259,6197212426953309
"HSA_CORE_API","hsa_queue_add_write_index_screlease",2839356,2839356,205,6197212426953809,6197212426953839
"HSA_CORE_API","hsa_queue_load_read_index_relaxed",2839356,2839356,206,6197212426954139,6197212426954199
"HSA_CORE_API","hsa_queue_load_read_index_scacquire",2839356,2839356,207,6197212426954489,6197212426954519
"HSA_CORE_API","hsa_signal_store_screlease",2839356,2839356,208,6197212426954779,6197212426954809
"HSA_CORE_API","hsa_signal_load_relaxed",2839356,2839356,209,6197212426956579,6197212426956609
"HSA_CORE_API","hsa_signal_wait_scacquire",2839356,2839356,210,6197212426956909,6197212430957116
"HSA_CORE_API","hsa_signal_wait_scacquire",2839356,2839356,211,6197212430957626,6197212434957772
"HSA_CORE_API","hsa_signal_wait_scacquire",2839356,2839356,212,6197212434958242,6197212438958389
"HSA_CORE_API","hsa_signal_wait_scacquire",2839356,2839356,213,6197212438958729,6197212442958686
"HSA_CORE_API","hsa_signal_wait_scacquire",2839356,2839356,214,6197212442959146,6197212446959292
"HSA_CORE_API","hsa_signal_wait_scacquire",2839356,2839356,215,6197212446959592,6197212450959739
"HSA_CORE_API","hsa_signal_wait_scacquire",2839356,2839356,216,6197212450960219,6197212454960365
"HSA_CORE_API","hsa_signal_wait_scacquire",2839356,2839356,217,6197212454961085,6197212458961232
"HSA_CORE_API","hsa_signal_wait_scacquire",2839356,2839356,218,6197212458961522,6197212462961679
"HSA_CORE_API","hsa_signal_wait_scacquire",2839356,2839356,219,6197212462962149,6197212466962285
"HSA_CORE_API","hsa_signal_wait_scacquire",2839356,2839356,220,6197212466962755,6197212470962912
"HSA_CORE_API","hsa_signal_wait_scacquire",2839356,2839356,221,6197212470963442,6197212474963598
"HSA_CORE_API","hsa_signal_wait_scacquire",2839356,2839356,222,6197212474964068,6197212478964225
"HSA_CORE_API","hsa_signal_wait_scacquire",2839356,2839356,223,6197212478964705,6197212482964852
"HSA_CORE_API","hsa_signal_wait_scacquire",2839356,2839356,224,6197212482965132,6197212486965278
"HSA_CORE_API","hsa_signal_wait_scacquire",2839356,2839356,225,6197212486965808,6197212490965955
"HSA_CORE_API","hsa_signal_wait_scacquire",2839356,2839356,226,6197212490966425,6197212494966572
"HSA_CORE_API","hsa_signal_wait_scacquire",2839356,2839356,227,6197212494967222,6197212498967388
"HSA_CORE_API","hsa_signal_wait_scacquire",2839356,2839356,228,6197212498967858,6197212502968025
"HSA_CORE_API","hsa_signal_wait_scacquire",2839356,2839356,229,6197212502968525,6197212506968691
"HSA_CORE_API","hsa_signal_wait_scacquire",2839356,2839356,230,6197212506969151,6197212510969308
"HSA_CORE_API","hsa_signal_wait_scacquire",2839356,2839356,231,6197212510969788,6197212514969935
"HSA_CORE_API","hsa_signal_wait_scacquire",2839356,2839356,232,6197212514970395,6197212518970541
"HSA_CORE_API","hsa_signal_wait_scacquire",2839356,2839356,233,6197212518970961,6197212522971098
"HSA_CORE_API","hsa_signal_wait_scacquire",2839356,2839356,234,6197212522971578,6197212526971724
"HSA_CORE_API","hsa_signal_wait_scacquire",2839356,2839356,235,6197212526972194,6197212530972331
"HSA_CORE_API","hsa_signal_wait_scacquire",2839356,2839356,236,6197212530972791,6197212534972948
"HSA_CORE_API","hsa_signal_wait_scacquire",2839356,2839356,237,6197212534973238,6197212538973384
"HSA_CORE_API","hsa_signal_wait_scacquire",2839356,2839356,238,6197212538973844,6197212542974001
"HSA_CORE_API","hsa_signal_wait_scacquire",2839356,2839356,239,6197212542974281,6197212546974418
"HSA_CORE_API","hsa_signal_wait_scacquire",2839356,2839356,240,6197212546974888,6197212550975034
"HSA_CORE_API","hsa_signal_wait_scacquire",2839356,2839356,241,6197212550975654,6197212554975801
"HSA_CORE_API","hsa_signal_wait_scacquire",2839356,2839356,242,6197212554976271,6197212558976427
"HSA_CORE_API","hsa_signal_wait_scacquire",2839356,2839356,243,6197212558976897,6197212562977044
"HSA_CORE_API","hsa_signal_wait_scacquire",2839356,2839356,244,6197212562977324,6197212566977471
"HSA_CORE_API","hsa_signal_wait_scacquire",2839356,2839356,245,6197212566977951,6197212570978087
"HSA_CORE_API","hsa_signal_wait_scacquire",2839356,2839356,246,6197212570978557,6197212574978694
"HSA_CORE_API","hsa_signal_wait_scacquire",2839356,2839356,247,6197212574979174,6197212578979340
"HSA_CORE_API","hsa_signal_wait_scacquire",2839356,2839356,248,6197212578979810,6197212582979957
"HSA_CORE_API","hsa_signal_wait_scacquire",2839356,2839356,249,6197212582980477,6197212586980624
"HSA_CORE_API","hsa_signal_wait_scacquire",2839356,2839356,250,6197212586981084,6197212590982140
"HSA_CORE_API","hsa_signal_wait_scacquire",2839356,2839356,251,6197212590989200,6197212594990047
"HSA_CORE_API","hsa_signal_wait_scacquire",2839356,2839356,252,6197212594990347,6197212598990493
"HSA_CORE_API","hsa_signal_wait_scacquire",2839356,2839356,253,6197212598990963,6197212602991130
"HSA_CORE_API","hsa_signal_wait_scacquire",2839356,2839356,254,6197212602991610,6197212606991757
"HSA_CORE_API","hsa_signal_wait_scacquire",2839356,2839356,255,6197212606992037,6197212610992193
"HSA_CORE_API","hsa_signal_wait_scacquire",2839356,2839356,256,6197212610992663,6197212614992810
"HSA_CORE_API","hsa_signal_wait_scacquire",2839356,2839356,257,6197212614995360,6197212618995506
"HSA_CORE_API","hsa_signal_wait_scacquire",2839356,2839356,258,6197212618998246,6197212622998393
"HSA_CORE_API","hsa_signal_wait_scacquire",2839356,2839356,259,6197212622998873,6197212626999019
"HSA_CORE_API","hsa_signal_wait_scacquire",2839356,2839356,260,6197212626999489,6197212630999626
"HSA_CORE_API","hsa_signal_wait_scacquire",2839356,2839356,261,6197212631011176,6197212635011332
"HSA_CORE_API","hsa_signal_wait_scacquire",2839356,2839356,262,6197212635011612,6197212639011769
"HSA_CORE_API","hsa_signal_wait_scacquire",2839356,2839356,263,6197212639012239,6197212643012386
"HSA_CORE_API","hsa_signal_wait_scacquire",2839356,2839356,264,6197212643012856,6197212647013002
"HSA_CORE_API","hsa_signal_wait_scacquire",2839356,2839356,265,6197212647013532,6197212651013679
"HSA_CORE_API","hsa_signal_wait_scacquire",2839356,2839356,266,6197212651014209,6197212655014355
"HSA_CORE_API","hsa_signal_wait_scacquire",2839356,2839356,267,6197212655015025,6197212659015172
"HSA_CORE_API","hsa_signal_wait_scacquire",2839356,2839356,268,6197212659015642,6197212663015789
"HSA_CORE_API","hsa_signal_wait_scacquire",2839356,2839356,269,6197212663016259,6197212667016405
"HSA_CORE_API","hsa_signal_wait_scacquire",2839356,2839356,270,6197212667016875,6197212671017022
"HSA_CORE_API","hsa_signal_wait_scacquire",2839356,2839356,271,6197212671017302,6197212675017449
"HSA_CORE_API","hsa_signal_wait_scacquire",2839356,2839356,272,6197212675017919,6197212679018075
"HSA_CORE_API","hsa_signal_wait_scacquire",2839356,2839356,273,6197212679018535,6197212683018692
"HSA_CORE_API","hsa_signal_wait_scacquire",2839356,2839356,274,6197212683019252,6197212687019398
"HSA_CORE_API","hsa_signal_wait_scacquire",2839356,2839356,275,6197212687019868,6197212691020015
"HSA_CORE_API","hsa_signal_wait_scacquire",2839356,2839356,276,6197212691020675,6197212695020812
"HSA_CORE_API","hsa_signal_wait_scacquire",2839356,2839356,277,6197212695021282,6197212699021428
"HSA_CORE_API","hsa_signal_wait_scacquire",2839356,2839356,278,6197212699021898,6197212703022045
"HSA_CORE_API","hsa_signal_wait_scacquire",2839356,2839356,279,6197212703022515,6197212707022662
"HSA_CORE_API","hsa_signal_wait_scacquire",2839356,2839356,280,6197212707023122,6197212711023268
"HSA_CORE_API","hsa_signal_wait_scacquire",2839356,2839356,281,6197212711023738,6197212715023875
"HSA_CORE_API","hsa_signal_wait_scacquire",2839356,2839356,282,6197212715025285,6197212719025431
"HSA_CORE_API","hsa_signal_wait_scacquire",2839356,2839356,283,6197212719025711,6197212723025848
"HSA_CORE_API","hsa_signal_wait_scacquire",2839356,2839356,284,6197212723026318,6197212727026465
"HSA_CORE_API","hsa_signal_wait_scacquire",2839356,2839356,285,6197212727026755,6197212731026891
"HSA_CORE_API","hsa_signal_wait_scacquire",2839356,2839356,286,6197212731027361,6197212735027498
"HSA_CORE_API","hsa_signal_wait_scacquire",2839356,2839356,287,6197212735027788,6197212739027924
"HSA_CORE_API","hsa_signal_wait_scacquire",2839356,2839356,288,6197212739028394,6197212743028531
"HSA_CORE_API","hsa_signal_wait_scacquire",2839356,2839356,289,6197212743029001,6197212747029138
"HSA_CORE_API","hsa_signal_wait_scacquire",2839356,2839356,290,6197212747030188,6197212751030344
"HSA_CORE_API","hsa_signal_wait_scacquire",2839356,2839356,291,6197212751031004,6197212755031151
"HSA_CORE_API","hsa_signal_wait_scacquire",2839356,2839356,292,6197212755031811,6197212759031957
"HSA_CORE_API","hsa_signal_wait_scacquire",2839356,2839356,293,6197212759032247,6197212763032394
"HSA_CORE_API","hsa_signal_wait_scacquire",2839356,2839356,294,6197212763032854,6197212767033011
"HSA_CORE_API","hsa_signal_wait_scacquire",2839356,2839356,295,6197212767033301,6197212771033447
"HSA_CORE_API","hsa_signal_wait_scacquire",2839356,2839356,296,6197212771033907,6197212775034054
"HSA_CORE_API","hsa_signal_wait_scacquire",2839356,2839356,297,6197212775034584,6197212779034741
"HSA_CORE_API","hsa_signal_wait_scacquire",2839356,2839356,298,6197212779035741,6197212783035887
"HSA_CORE_API","hsa_signal_wait_scacquire",2839356,2839356,299,6197212783036347,6197212787036494
"HSA_CORE_API","hsa_signal_wait_scacquire",2839356,2839356,300,6197212787036784,6197212791036921
"HSA_CORE_API","hsa_signal_wait_scacquire",2839356,2839356,301,6197212791037601,6197212795037737
"HSA_CORE_API","hsa_signal_wait_scacquire",2839356,2839356,302,6197212795038207,6197212799038354
"HSA_CORE_API","hsa_signal_wait_scacquire",2839356,2839356,303,6197212799038634,6197212803038790
"HSA_CORE_API","hsa_signal_wait_scacquire",2839356,2839356,304,6197212803039250,6197212807039397
"HSA_CORE_API","hsa_signal_wait_scacquire",2839356,2839356,305,6197212807039857,6197212811040004
"HSA_CORE_API","hsa_signal_wait_scacquire",2839356,2839356,306,6197212811040534,6197212815040670
"HSA_CORE_API","hsa_signal_wait_scacquire",2839356,2839356,307,6197212815041140,6197212819041287
"HSA_CORE_API","hsa_signal_wait_scacquire",2839356,2839356,308,6197212819041747,6197212823041903
"HSA_CORE_API","hsa_signal_wait_scacquire",2839356,2839356,309,6197212823042183,6197212827042340
"HSA_CORE_API","hsa_signal_wait_scacquire",2839356,2839356,310,6197212827042810,6197212831042957
"HSA_CORE_API","hsa_signal_wait_scacquire",2839356,2839356,311,6197212831043247,6197212835043393
"HSA_CORE_API","hsa_signal_wait_scacquire",2839356,2839356,312,6197212835043673,6197212839043820
"HSA_CORE_API","hsa_signal_wait_scacquire",2839356,2839356,313,6197212839044360,6197212843044506
"HSA_CORE_API","hsa_signal_wait_scacquire",2839356,2839356,314,6197212843045036,6197212847045193
"HSA_CORE_API","hsa_signal_wait_scacquire",2839356,2839356,315,6197212847045663,6197212851045810
"HSA_CORE_API","hsa_signal_wait_scacquire",2839356,2839356,316,6197212851046280,6197212855046426
"HSA_CORE_API","hsa_signal_wait_scacquire",2839356,2839356,317,6197212855046886,6197212859047033
"HSA_CORE_API","hsa_signal_wait_scacquire",2839356,2839356,318,6197212859047313,6197212863047460
"HSA_CORE_API","hsa_signal_wait_scacquire",2839356,2839356,319,6197212863047930,6197212867048076
"HSA_CORE_API","hsa_signal_wait_scacquire",2839356,2839356,320,6197212867048546,6197212871048693
"HSA_CORE_API","hsa_signal_wait_scacquire",2839356,2839356,321,6197212871049283,6197212875049429
"HSA_CORE_API","hsa_signal_wait_scacquire",2839356,2839356,322,6197212875051829,6197212879051976
"HSA_CORE_API","hsa_signal_wait_scacquire",2839356,2839356,323,6197212879052256,6197212883052403
"HSA_CORE_API","hsa_signal_wait_scacquire",2839356,2839356,324,6197212883052873,6197212887053009
"HSA_CORE_API","hsa_signal_wait_scacquire",2839356,2839356,325,6197212887053479,6197212891053626
"HSA_CORE_API","hsa_signal_wait_scacquire",2839356,2839356,326,6197212891054096,6197212895054253
"HSA_CORE_API","hsa_signal_wait_scacquire",2839356,2839356,327,6197212895054722,6197212899054879
"HSA_CORE_API","hsa_signal_wait_scacquire",2839356,2839356,328,6197212899055349,6197212903055496
"HSA_CORE_API","hsa_signal_wait_scacquire",2839356,2839356,329,6197212903055976,6197212907056122
"HSA_CORE_API","hsa_signal_wait_scacquire",2839356,2839356,330,6197212907057362,6197212911057509
"HSA_CORE_API","hsa_signal_wait_scacquire",2839356,2839356,331,6197212911057789,6197212915057926
"HSA_CORE_API","hsa_signal_wait_scacquire",2839356,2839356,332,6197212915058395,6197212919058532
"HSA_CORE_API","hsa_signal_wait_scacquire",2839356,2839356,333,6197212919059002,6197212923059149
"HSA_CORE_API","hsa_signal_wait_scacquire",2839356,2839356,334,6197212923059629,6197212927059765
"HSA_CORE_API","hsa_signal_wait_scacquire",2839356,2839356,335,6197212927060245,6197212931060392
"HSA_CORE_API","hsa_signal_wait_scacquire",2839356,2839356,336,6197212931060722,6197212935060869
"HSA_CORE_API","hsa_signal_wait_scacquire",2839356,2839356,337,6197212935061179,6197212939061315
"HSA_CORE_API","hsa_signal_wait_scacquire",2839356,2839356,338,6197212939061795,6197212943061942
"HSA_CORE_API","hsa_signal_wait_scacquire",2839356,2839356,339,6197212943062432,6197212947062568
"HSA_CORE_API","hsa_signal_wait_scacquire",2839356,2839356,340,6197212947063048,6197212951063195
"HSA_CORE_API","hsa_signal_wait_scacquire",2839356,2839356,341,6197212951063675,6197212955063822
"HSA_CORE_API","hsa_signal_wait_scacquire",2839356,2839356,342,6197212955064302,6197212959064478
"HSA_CORE_API","hsa_signal_wait_scacquire",2839356,2839356,343,6197212959064988,6197212963065155
"HSA_CORE_API","hsa_signal_wait_scacquire",2839356,2839356,344,6197212963065515,6197212967065662
"HSA_CORE_API","hsa_signal_wait_scacquire",2839356,2839356,345,6197212967066152,6197212971066298
"HSA_CORE_API","hsa_signal_wait_scacquire",2839356,2839356,346,6197212971066778,6197212975066925
"HSA_CORE_API","hsa_signal_wait_scacquire",2839356,2839356,347,6197212975067445,6197212979067592
"HSA_CORE_API","hsa_signal_wait_scacquire",2839356,2839356,348,6197212979068162,6197212983068308
"HSA_CORE_API","hsa_signal_wait_scacquire",2839356,2839356,349,6197212983068618,6197212987068765
"HSA_CORE_API","hsa_signal_wait_scacquire",2839356,2839356,350,6197212987069055,6197212991069201
"HSA_CORE_API","hsa_signal_wait_scacquire",2839356,2839356,351,6197212991069681,6197212995069828
"HSA_CORE_API","hsa_signal_wait_scacquire",2839356,2839356,352,6197212995070308,6197212999070455
"HSA_CORE_API","hsa_signal_wait_scacquire",2839356,2839356,353,6197212999070925,6197213003071071
"HSA_CORE_API","hsa_signal_wait_scacquire",2839356,2839356,354,6197213003071541,6197213007071698
"HSA_CORE_API","hsa_signal_wait_scacquire",2839356,2839356,355,6197213007072178,6197213011072324
"HSA_CORE_API","hsa_signal_wait_scacquire",2839356,2839356,356,6197213011072804,6197213015072951
"HSA_CORE_API","hsa_signal_wait_scacquire",2839356,2839356,357,6197213015073241,6197213019073398
"HSA_CORE_API","hsa_signal_wait_scacquire",2839356,2839356,358,6197213019073878,6197213023074024
"HSA_CORE_API","hsa_signal_wait_scacquire",2839356,2839356,359,6197213023074504,6197213027074651
"HSA_CORE_API","hsa_signal_wait_scacquire",2839356,2839356,360,6197213027075131,6197213031075277
"HSA_CORE_API","hsa_signal_wait_scacquire",2839356,2839356,361,6197213031075577,6197213035075724
"HSA_CORE_API","hsa_signal_wait_scacquire",2839356,2839356,362,6197213035076024,6197213039076171
"HSA_CORE_API","hsa_signal_wait_scacquire",2839356,2839356,363,6197213039076471,6197213043076617
"HSA_CORE_API","hsa_signal_wait_scacquire",2839356,2839356,364,6197213043077097,6197213047077244
"HSA_CORE_API","hsa_signal_wait_scacquire",2839356,2839356,365,6197213047077544,6197213051077681
"HSA_CORE_API","hsa_signal_wait_scacquire",2839356,2839356,366,6197213051078161,6197213055078307
"HSA_CORE_API","hsa_signal_wait_scacquire",2839356,2839356,367,6197213055078787,6197213059078934
"HSA_CORE_API","hsa_signal_wait_scacquire",2839356,2839356,368,6197213059079414,6197213063079560
"HSA_CORE_API","hsa_signal_wait_scacquire",2839356,2839356,369,6197213063080040,6197213067080187
"HSA_CORE_API","hsa_signal_wait_scacquire",2839356,2839356,370,6197213067080667,6197213071080804
"HSA_CORE_API","hsa_signal_wait_scacquire",2839356,2839356,371,6197213071081284,6197213075081430
"HSA_CORE_API","hsa_signal_wait_scacquire",2839356,2839356,372,6197213075081900,6197213079082047
"HSA_CORE_API","hsa_signal_wait_scacquire",2839356,2839356,373,6197213079082527,6197213083082674
"HSA_CORE_API","hsa_signal_wait_scacquire",2839356,2839356,374,6197213083083144,6197213087083300
"HSA_CORE_API","hsa_signal_wait_scacquire",2839356,2839356,375,6197213087083790,6197213091083927
"HSA_CORE_API","hsa_signal_wait_scacquire",2839356,2839356,376,6197213091084407,6197213095084563
"HSA_CORE_API","hsa_signal_wait_scacquire",2839356,2839356,377,6197213095085043,6197213099085190
"HSA_CORE_API","hsa_signal_wait_scacquire",2839356,2839356,378,6197213099085670,6197213103085817
"HSA_CORE_API","hsa_signal_wait_scacquire",2839356,2839356,379,6197213103086297,6197213107086443
"HSA_CORE_API","hsa_signal_wait_scacquire",2839356,2839356,380,6197213107086913,6197213111087060
"HSA_CORE_API","hsa_signal_wait_scacquire",2839356,2839356,381,6197213111087550,6197213115087696
"HSA_CORE_API","hsa_signal_wait_scacquire",2839356,2839356,382,6197213115088176,6197213119088313
"HSA_CORE_API","hsa_signal_wait_scacquire",2839356,2839356,383,6197213119088803,6197213123088940
"HSA_CORE_API","hsa_signal_wait_scacquire",2839356,2839356,384,6197213123089420,6197213127089566
"HSA_CORE_API","hsa_signal_wait_scacquire",2839356,2839356,385,6197213127090196,6197213131090343
"HSA_CORE_API","hsa_signal_wait_scacquire",2839356,2839356,386,6197213131095093,6197213135095239
"HSA_CORE_API","hsa_signal_wait_scacquire",2839356,2839356,387,6197213135095529,6197213139095676
"HSA_CORE_API","hsa_signal_wait_scacquire",2839356,2839356,388,6197213139096146,6197213143096303
"HSA_CORE_API","hsa_signal_wait_scacquire",2839356,2839356,389,6197213143096783,6197213147096919
"HSA_CORE_API","hsa_signal_wait_scacquire",2839356,2839356,390,6197213147097409,6197213151097546
"HSA_CORE_API","hsa_signal_wait_scacquire",2839356,2839356,391,6197213151098026,6197213155098183
"HSA_CORE_API","hsa_signal_wait_scacquire",2839356,2839356,392,6197213155098663,6197213159098809
"HSA_CORE_API","hsa_signal_wait_scacquire",2839356,2839356,393,6197213159099289,6197213163099426
"HSA_CORE_API","hsa_signal_wait_scacquire",2839356,2839356,394,6197213163099906,6197213167100042
"HSA_CORE_API","hsa_signal_wait_scacquire",2839356,2839356,395,6197213167100532,6197213171100679
"HSA_CORE_API","hsa_signal_wait_scacquire",2839356,2839356,396,6197213171101159,6197213175101306
"HSA_CORE_API","hsa_signal_wait_scacquire",2839356,2839356,397,6197213175101786,6197213179101932
"HSA_CORE_API","hsa_signal_wait_scacquire",2839356,2839356,398,6197213179102222,6197213183102369
"HSA_CORE_API","hsa_signal_wait_scacquire",2839356,2839356,399,6197213183102849,6197213187102985
"HSA_CORE_API","hsa_signal_wait_scacquire",2839356,2839356,400,6197213187103465,6197213191103622
"HSA_CORE_API","hsa_signal_wait_scacquire",2839356,2839356,401,6197213191104092,6197213195104249
"HSA_CORE_API","hsa_signal_wait_scacquire",2839356,2839356,402,6197213195104729,6197213199104875
"HSA_CORE_API","hsa_signal_wait_scacquire",2839356,2839356,403,6197213199105355,6197213203105502
"HSA_CORE_API","hsa_signal_wait_scacquire",2839356,2839356,404,6197213203105982,6197213207106148
"HSA_CORE_API","hsa_signal_wait_scacquire",2839356,2839356,405,6197213207106628,6197213211106775
"HSA_CORE_API","hsa_signal_wait_scacquire",2839356,2839356,406,6197213211107245,6197213215107392
"HSA_CORE_API","hsa_signal_wait_scacquire",2839356,2839356,407,6197213215107872,6197213219108028
"HSA_CORE_API","hsa_signal_wait_scacquire",2839356,2839356,408,6197213219108528,6197213223108665
"HSA_CORE_API","hsa_signal_wait_scacquire",2839356,2839356,409,6197213223109145,6197213227109282
"HSA_CORE_API","hsa_signal_wait_scacquire",2839356,2839356,410,6197213227109762,6197213231109908
"HSA_CORE_API","hsa_signal_wait_scacquire",2839356,2839356,411,6197213231110208,6197213235110355
"HSA_CORE_API","hsa_signal_wait_scacquire",2839356,2839356,412,6197213235110645,6197213239110812
"HSA_CORE_API","hsa_signal_wait_scacquire",2839356,2839356,413,6197213239111302,6197213243111438
"HSA_CORE_API","hsa_signal_wait_scacquire",2839356,2839356,414,6197213243111928,6197213247112075
"HSA_CORE_API","hsa_signal_wait_scacquire",2839356,2839356,415,6197213247112545,6197213251112701
"HSA_CORE_API","hsa_signal_wait_scacquire",2839356,2839356,416,6197213251113181,6197213255113328
"HSA_CORE_API","hsa_signal_wait_scacquire",2839356,2839356,417,6197213255113808,6197213259113955
"HSA_CORE_API","hsa_signal_wait_scacquire",2839356,2839356,418,6197213259114425,6197213263114571
"HSA_CORE_API","hsa_signal_wait_scacquire",2839356,2839356,419,6197213263115061,6197213267115208
"HSA_CORE_API","hsa_signal_wait_scacquire",2839356,2839356,420,6197213267115688,6197213271115834
"HSA_CORE_API","hsa_signal_wait_scacquire",2839356,2839356,421,6197213271116134,6197213275116281
"HSA_CORE_API","hsa_signal_wait_scacquire",2839356,2839356,422,6197213275116771,6197213279116918
"HSA_CORE_API","hsa_signal_wait_scacquire",2839356,2839356,423,6197213279117418,6197213283117584
"HSA_CORE_API","hsa_signal_wait_scacquire",2839356,2839356,424,6197213283118074,6197213287118211
"HSA_CORE_API","hsa_signal_wait_scacquire",2839356,2839356,425,6197213287118511,6197213291118658
"HSA_CORE_API","hsa_signal_wait_scacquire",2839356,2839356,426,6197213291119138,6197213295119284
"HSA_CORE_API","hsa_signal_wait_scacquire",2839356,2839356,427,6197213295119764,6197213299119911
"HSA_CORE_API","hsa_signal_wait_scacquire",2839356,2839356,428,6197213299120401,6197213303120547
"HSA_CORE_API","hsa_signal_wait_scacquire",2839356,2839356,429,6197213303120837,6197213307120974
"HSA_CORE_API","hsa_signal_wait_scacquire",2839356,2839356,430,6197213307121454,6197213311121621
"HSA_CORE_API","hsa_signal_wait_scacquire",2839356,2839356,431,6197213311122111,6197213315122257
"HSA_CORE_API","hsa_signal_wait_scacquire",2839356,2839356,432,6197213315122737,6197213319122884
"HSA_CORE_API","hsa_signal_wait_scacquire",2839356,2839356,433,6197213319124434,6197213323124580
"HSA_CORE_API","hsa_signal_wait_scacquire",2839356,2839356,434,6197213323124870,6197213327125017
"HSA_CORE_API","hsa_signal_wait_scacquire",2839356,2839356,435,6197213327125497,6197213331125644
"HSA_CORE_API","hsa_signal_wait_scacquire",2839356,2839356,436,6197213331125954,6197213335126100
"HSA_CORE_API","hsa_signal_wait_scacquire",2839356,2839356,437,6197213335126410,6197213339126557
"HSA_CORE_API","hsa_signal_wait_scacquire",2839356,2839356,438,6197213339126847,6197213343127004
"HSA_CORE_API","hsa_signal_wait_scacquire",2839356,2839356,439,6197213343127484,6197213347127630
"HSA_CORE_API","hsa_signal_wait_scacquire",2839356,2839356,440,6197213347128110,6197213351128257
"HSA_CORE_API","hsa_signal_wait_scacquire",2839356,2839356,441,6197213351128737,6197213355128883
"HSA_CORE_API","hsa_signal_wait_scacquire",2839356,2839356,442,6197213355129373,6197213359129520
"HSA_CORE_API","hsa_signal_wait_scacquire",2839356,2839356,443,6197213359130000,6197213363130147
"HSA_CORE_API","hsa_signal_wait_scacquire",2839356,2839356,444,6197213363130787,6197213367130923
"HSA_CORE_API","hsa_signal_wait_scacquire",2839356,2839356,445,6197213367131403,6197213371131550
"HSA_CORE_API","hsa_signal_wait_scacquire",2839356,2839356,446,6197213371132000,6197213375132147
"HSA_CORE_API","hsa_signal_wait_scacquire",2839356,2839356,447,6197213375132626,6197213379132773
"HSA_CORE_API","hsa_signal_wait_scacquire",2839356,2839356,448,6197213379133813,6197213383133960
"HSA_CORE_API","hsa_signal_wait_scacquire",2839356,2839356,449,6197213383134580,6197213387134726
"HSA_CORE_API","hsa_signal_wait_scacquire",2839356,2839356,450,6197213387136136,6197213391136283
"HSA_CORE_API","hsa_signal_wait_scacquire",2839356,2839356,451,6197213391136583,6197213395136719
"HSA_CORE_API","hsa_signal_wait_scacquire",2839356,2839356,452,6197213395137209,6197213399137346
"HSA_CORE_API","hsa_signal_wait_scacquire",2839356,2839356,453,6197213399137906,6197213403138063
"HSA_CORE_API","hsa_signal_wait_scacquire",2839356,2839356,454,6197213403138543,6197213407138689
"HSA_CORE_API","hsa_signal_wait_scacquire",2839356,2839356,455,6197213407139159,6197213411139306
"HSA_CORE_API","hsa_signal_wait_scacquire",2839356,2839356,456,6197213411139786,6197213415139933
"HSA_CORE_API","hsa_signal_wait_scacquire",2839356,2839356,457,6197213415140403,6197213419140559
"HSA_CORE_API","hsa_signal_wait_scacquire",2839356,2839356,458,6197213419141029,6197213423141176
"HSA_CORE_API","hsa_signal_wait_scacquire",2839356,2839356,459,6197213423141656,6197213427141802
"HSA_CORE_API","hsa_signal_wait_scacquire",2839356,2839356,460,6197213427142282,6197213431142429
"HSA_CORE_API","hsa_signal_wait_scacquire",2839356,2839356,461,6197213431142789,6197213435142926
"HSA_CORE_API","hsa_signal_wait_scacquire",2839356,2839356,462,6197213435143226,6197213439143982
"HSA_CORE_API","hsa_signal_wait_scacquire",2839356,2839356,463,6197213439151322,6197213443152109
"HSA_CORE_API","hsa_signal_wait_scacquire",2839356,2839356,464,6197213443152399,6197213447152545
"HSA_CORE_API","hsa_signal_wait_scacquire",2839356,2839356,465,6197213447153025,6197213451153172
"HSA_CORE_API","hsa_signal_wait_scacquire",2839356,2839356,466,6197213451153652,6197213455153799
"HSA_CORE_API","hsa_signal_wait_scacquire",2839356,2839356,467,6197213455154279,6197213459154415
"HSA_CORE_API","hsa_signal_wait_scacquire",2839356,2839356,468,6197213459154905,6197213463155052
"HSA_CORE_API","hsa_signal_wait_scacquire",2839356,2839356,469,6197213463155532,6197213467155668
"HSA_CORE_API","hsa_signal_wait_scacquire",2839356,2839356,470,6197213467156158,6197213471156305
"HSA_CORE_API","hsa_signal_wait_scacquire",2839356,2839356,471,6197213471156785,6197213475156932
"HSA_CORE_API","hsa_signal_wait_scacquire",2839356,2839356,472,6197213475157412,6197213479157548
"HSA_CORE_API","hsa_signal_wait_scacquire",2839356,2839356,473,6197213479158028,6197213483158175
"HSA_CORE_API","hsa_signal_wait_scacquire",2839356,2839356,474,6197213483158655,6197213487158792
"HSA_CORE_API","hsa_signal_wait_scacquire",2839356,2839356,475,6197213487159272,6197213491159418
"HSA_CORE_API","hsa_signal_wait_scacquire",2839356,2839356,476,6197213491159718,6197213495159865
"HSA_CORE_API","hsa_signal_wait_scacquire",2839356,2839356,477,6197213495160345,6197213499160491
"HSA_CORE_API","hsa_signal_wait_scacquire",2839356,2839356,478,6197213499160971,6197213503161118
"HSA_CORE_API","hsa_signal_wait_scacquire",2839356,2839356,479,6197213503161598,6197213507161745
"HSA_CORE_API","hsa_signal_wait_scacquire",2839356,2839356,480,6197213507162215,6197213511162351
"HSA_CORE_API","hsa_signal_wait_scacquire",2839356,2839356,481,6197213511162831,6197213515162978
"HSA_CORE_API","hsa_signal_wait_scacquire",2839356,2839356,482,6197213515163458,6197213519163604
"HSA_CORE_API","hsa_signal_wait_scacquire",2839356,2839356,483,6197213519164084,6197213523164241
"HSA_CORE_API","hsa_signal_wait_scacquire",2839356,2839356,484,6197213523164731,6197213527164888
"HSA_CORE_API","hsa_signal_wait_scacquire",2839356,2839356,485,6197213527165428,6197213531165564
"HSA_CORE_API","hsa_signal_wait_scacquire",2839356,2839356,486,6197213531165864,6197213535166011
"HSA_CORE_API","hsa_signal_wait_scacquire",2839356,2839356,487,6197213535166681,6197213539166828
"HSA_CORE_API","hsa_signal_wait_scacquire",2839356,2839356,488,6197213539167307,6197213543167454
"HSA_CORE_API","hsa_signal_wait_scacquire",2839356,2839356,489,6197213543167934,6197213547168081
"HSA_CORE_API","hsa_signal_wait_scacquire",2839356,2839356,490,6197213547168561,6197213551168707
"HSA_CORE_API","hsa_signal_wait_scacquire",2839356,2839356,491,6197213551169187,6197213555169334
"HSA_CORE_API","hsa_signal_wait_scacquire",2839356,2839356,492,6197213555169634,6197213559169781
"HSA_CORE_API","hsa_signal_wait_scacquire",2839356,2839356,493,6197213559170261,6197213563170407
"HSA_CORE_API","hsa_signal_wait_scacquire",2839356,2839356,494,6197213563170887,6197213567171024
"HSA_CORE_API","hsa_signal_wait_scacquire",2839356,2839356,495,6197213567171514,6197213571171661
"HSA_CORE_API","hsa_signal_wait_scacquire",2839356,2839356,496,6197213571172141,6197213575172277
"HSA_CORE_API","hsa_signal_wait_scacquire",2839356,2839356,497,6197213575172757,6197213579172904
"HSA_CORE_API","hsa_signal_wait_scacquire",2839356,2839356,498,6197213579173384,6197213583173530
"HSA_CORE_API","hsa_signal_wait_scacquire",2839356,2839356,499,6197213583174010,6197213587174157
"HSA_CORE_API","hsa_signal_wait_scacquire",2839356,2839356,500,6197213587174627,6197213591174774
"HSA_CORE_API","hsa_signal_wait_scacquire",2839356,2839356,501,6197213591175254,6197213595175400
"HSA_CORE_API","hsa_signal_wait_scacquire",2839356,2839356,502,6197213595175880,6197213599176027
"HSA_CORE_API","hsa_signal_wait_scacquire",2839356,2839356,503,6197213599176497,6197213603176643
"HSA_CORE_API","hsa_signal_wait_scacquire",2839356,2839356,504,6197213603177123,6197213607177270
"HSA_CORE_API","hsa_signal_wait_scacquire",2839356,2839356,505,6197213607177750,6197213611177897
"HSA_CORE_API","hsa_signal_wait_scacquire",2839356,2839356,506,6197213611178377,6197213615178513
"HSA_CORE_API","hsa_signal_wait_scacquire",2839356,2839356,507,6197213615178993,6197213619179130
"HSA_CORE_API","hsa_signal_wait_scacquire",2839356,2839356,508,6197213619179610,6197213623179757
"HSA_CORE_API","hsa_signal_wait_scacquire",2839356,2839356,509,6197213623180237,6197213627180383
"HSA_CORE_API","hsa_signal_wait_scacquire",2839356,2839356,510,6197213627180863,6197213631181020
"HSA_CORE_API","hsa_signal_wait_scacquire",2839356,2839356,511,6197213631181320,6197213635181466
"HSA_CORE_API","hsa_signal_wait_scacquire",2839356,2839356,512,6197213635181756,6197213639181893
"HSA_CORE_API","hsa_signal_wait_scacquire",2839356,2839356,513,6197213639183913,6197213643184060
"HSA_CORE_API","hsa_signal_wait_scacquire",2839356,2839356,514,6197213643185310,6197213647185446
"HSA_CORE_API","hsa_signal_wait_scacquire",2839356,2839356,515,6197213647185746,6197213651185893
"HSA_CORE_API","hsa_signal_wait_scacquire",2839356,2839356,516,6197213651186373,6197213655186519
"HSA_CORE_API","hsa_signal_wait_scacquire",2839356,2839356,517,6197213655186809,6197213659186966
"HSA_CORE_API","hsa_signal_wait_scacquire",2839356,2839356,518,6197213659187446,6197213663187593
"HSA_CORE_API","hsa_signal_wait_scacquire",2839356,2839356,519,6197213663188073,6197213667188219
"HSA_CORE_API","hsa_signal_wait_scacquire",2839356,2839356,520,6197213667188699,6197213671188846
"HSA_CORE_API","hsa_signal_wait_scacquire",2839356,2839356,521,6197213671189146,6197213675189293
"HSA_CORE_API","hsa_signal_wait_scacquire",2839356,2839356,522,6197213675189773,6197213679189919
"HSA_CORE_API","hsa_signal_wait_scacquire",2839356,2839356,523,6197213679190399,6197213683190546
"HSA_CORE_API","hsa_signal_wait_scacquire",2839356,2839356,524,6197213683191026,6197213687191172
"HSA_CORE_API","hsa_signal_wait_scacquire",2839356,2839356,525,6197213687191652,6197213691191799
"HSA_CORE_API","hsa_signal_wait_scacquire",2839356,2839356,526,6197213691192099,6197213695192246
"HSA_CORE_API","hsa_signal_wait_scacquire",2839356,2839356,527,6197213695192726,6197213699192872
"HSA_CORE_API","hsa_signal_wait_scacquire",2839356,2839356,528,6197213699193352,6197213703193489
"HSA_CORE_API","hsa_signal_wait_scacquire",2839356,2839356,529,6197213703193969,6197213707194116
"HSA_CORE_API","hsa_signal_wait_scacquire",2839356,2839356,530,6197213707194596,6197213711194742
"HSA_CORE_API","hsa_signal_wait_scacquire",2839356,2839356,531,6197213711195222,6197213715195369
"HSA_CORE_API","hsa_signal_wait_scacquire",2839356,2839356,532,6197213715195849,6197213719195995
"HSA_CORE_API","hsa_signal_wait_scacquire",2839356,2839356,533,6197213719196475,6197213723196622
"HSA_CORE_API","hsa_signal_wait_scacquire",2839356,2839356,534,6197213723197102,6197213727197249
"HSA_CORE_API","hsa_signal_wait_scacquire",2839356,2839356,535,6197213727197729,6197213731197875
"HSA_CORE_API","hsa_signal_wait_scacquire",2839356,2839356,536,6197213731198175,6197213735198322
"HSA_CORE_API","hsa_signal_wait_scacquire",2839356,2839356,537,6197213735198622,6197213739198769
"HSA_CORE_API","hsa_signal_wait_scacquire",2839356,2839356,538,6197213739199249,6197213743199395
"HSA_CORE_API","hsa_signal_wait_scacquire",2839356,2839356,539,6197213743199885,6197213747200032
"HSA_CORE_API","hsa_signal_wait_scacquire",2839356,2839356,540,6197213747200512,6197213751200658
"HSA_CORE_API","hsa_signal_wait_scacquire",2839356,2839356,541,6197213751201138,6197213755201285
"HSA_CORE_API","hsa_signal_wait_scacquire",2839356,2839356,542,6197213755201765,6197213759201912
"HSA_CORE_API","hsa_signal_wait_scacquire",2839356,2839356,543,6197213759202392,6197213763202528
"HSA_CORE_API","hsa_signal_wait_scacquire",2839356,2839356,544,6197213763203018,6197213767203165
"HSA_CORE_API","hsa_signal_wait_scacquire",2839356,2839356,545,6197213767203645,6197213771203792
"HSA_CORE_API","hsa_signal_wait_scacquire",2839356,2839356,546,6197213771204271,6197213775204418
"HSA_CORE_API","hsa_signal_wait_scacquire",2839356,2839356,547,6197213775204888,6197213779205045
"HSA_CORE_API","hsa_signal_wait_scacquire",2839356,2839356,548,6197213779205525,6197213783205671
"HSA_CORE_API","hsa_signal_wait_scacquire",2839356,2839356,549,6197213783206151,6197213787206298
"HSA_CORE_API","hsa_signal_wait_scacquire",2839356,2839356,550,6197213787206768,6197213791206915
"HSA_CORE_API","hsa_signal_wait_scacquire",2839356,2839356,551,6197213791207395,6197213795207541
"HSA_CORE_API","hsa_signal_wait_scacquire",2839356,2839356,552,6197213795208021,6197213799208158
"HSA_CORE_API","hsa_signal_wait_scacquire",2839356,2839356,553,6197213799208648,6197213803208794
"HSA_CORE_API","hsa_signal_wait_scacquire",2839356,2839356,554,6197213803209274,6197213807209431
"HSA_CORE_API","hsa_signal_wait_scacquire",2839356,2839356,555,6197213807209721,6197213811209868
"HSA_CORE_API","hsa_signal_wait_scacquire",2839356,2839356,556,6197213811210348,6197213815210494
"HSA_CORE_API","hsa_signal_wait_scacquire",2839356,2839356,557,6197213815210974,6197213819211121
"HSA_CORE_API","hsa_signal_wait_scacquire",2839356,2839356,558,6197213819211601,6197213823211748
"HSA_CORE_API","hsa_signal_wait_scacquire",2839356,2839356,559,6197213823212228,6197213827212374
"HSA_CORE_API","hsa_signal_wait_scacquire",2839356,2839356,560,6197213827212844,6197213831213001
"HSA_CORE_API","hsa_signal_wait_scacquire",2839356,2839356,561,6197213831213301,6197213835213448
"HSA_CORE_API","hsa_signal_wait_scacquire",2839356,2839356,562,6197213835213738,6197213839213884
"HSA_CORE_API","hsa_signal_wait_scacquire",2839356,2839356,563,6197213839214354,6197213843214501
"HSA_CORE_API","hsa_signal_wait_scacquire",2839356,2839356,564,6197213843214981,6197213847215127
"HSA_CORE_API","hsa_signal_wait_scacquire",2839356,2839356,565,6197213847215607,6197213851215744
"HSA_CORE_API","hsa_signal_wait_scacquire",2839356,2839356,566,6197213851216224,6197213855216371
"HSA_CORE_API","hsa_signal_wait_scacquire",2839356,2839356,567,6197213855216851,6197213859216997
"HSA_CORE_API","hsa_signal_wait_scacquire",2839356,2839356,568,6197213859217477,6197213863217624
"HSA_CORE_API","hsa_signal_wait_scacquire",2839356,2839356,569,6197213863218104,6197213867218240
"HSA_CORE_API","hsa_signal_wait_scacquire",2839356,2839356,570,6197213867218540,6197213871218687
"HSA_CORE_API","hsa_signal_wait_scacquire",2839356,2839356,571,6197213871219247,6197213875219394
"HSA_CORE_API","hsa_signal_wait_scacquire",2839356,2839356,572,6197213875219874,6197213879220010
"HSA_CORE_API","hsa_signal_wait_scacquire",2839356,2839356,573,6197213879220490,6197213883220627
"HSA_CORE_API","hsa_signal_wait_scacquire",2839356,2839356,574,6197213883221107,6197213887221274
"HSA_CORE_API","hsa_signal_wait_scacquire",2839356,2839356,575,6197213887221764,6197213891221910
"HSA_CORE_API","hsa_signal_wait_scacquire",2839356,2839356,576,6197213891222390,6197213895222547
"HSA_CORE_API","hsa_signal_wait_scacquire",2839356,2839356,577,6197213895223067,6197213899223213
"HSA_CORE_API","hsa_signal_wait_scacquire",2839356,2839356,578,6197213899225753,6197213903225900
"HSA_CORE_API","hsa_signal_wait_scacquire",2839356,2839356,579,6197213903226190,6197213907226327
"HSA_CORE_API","hsa_signal_wait_scacquire",2839356,2839356,580,6197213907226807,6197213911226943
"HSA_CORE_API","hsa_signal_wait_scacquire",2839356,2839356,581,6197213911227423,6197213915227580
"HSA_CORE_API","hsa_signal_wait_scacquire",2839356,2839356,582,6197213915228060,6197213919228207
"HSA_CORE_API","hsa_signal_wait_scacquire",2839356,2839356,583,6197213919228676,6197213923228823
"HSA_CORE_API","hsa_signal_wait_scacquire",2839356,2839356,584,6197213923229303,6197213927229450
"HSA_CORE_API","hsa_signal_wait_scacquire",2839356,2839356,585,6197213927230200,6197213931230346
"HSA_CORE_API","hsa_signal_wait_scacquire",2839356,2839356,586,6197213931230646,6197213935230793
"HSA_CORE_API","hsa_signal_wait_scacquire",2839356,2839356,587,6197213935231083,6197213939231230
"HSA_CORE_API","hsa_signal_wait_scacquire",2839356,2839356,588,6197213939231710,6197213943231856
"HSA_CORE_API","hsa_signal_wait_scacquire",2839356,2839356,589,6197213943232336,6197213947232503
"HSA_CORE_API","hsa_signal_wait_scacquire",2839356,2839356,590,6197213947232983,6197213951233129
"HSA_CORE_API","hsa_signal_wait_scacquire",2839356,2839356,591,6197213951233609,6197213955233756
"HSA_CORE_API","hsa_signal_wait_scacquire",2839356,2839356,592,6197213955234236,6197213959234373
"HSA_CORE_API","hsa_signal_wait_scacquire",2839356,2839356,593,6197213959235033,6197213963235179
"HSA_CORE_API","hsa_signal_wait_scacquire",2839356,2839356,594,6197213963235659,6197213967235806
"HSA_CORE_API","hsa_signal_wait_scacquire",2839356,2839356,595,6197213967236286,6197213971236433
"HSA_CORE_API","hsa_signal_wait_scacquire",2839356,2839356,596,6197213971236913,6197213975237059
"HSA_CORE_API","hsa_signal_wait_scacquire",2839356,2839356,597,6197213975237539,6197213979237686
"HSA_CORE_API","hsa_signal_wait_scacquire",2839356,2839356,598,6197213979238166,6197213983238313
"HSA_CORE_API","hsa_signal_wait_scacquire",2839356,2839356,599,6197213983238793,6197213987238929
"HSA_CORE_API","hsa_signal_wait_scacquire",2839356,2839356,600,6197213987239419,6197213991239556
"HSA_CORE_API","hsa_signal_wait_scacquire",2839356,2839356,601,6197213991240036,6197213995240182
"HSA_CORE_API","hsa_signal_wait_scacquire",2839356,2839356,602,6197213995240662,6197213999240809
"HSA_CORE_API","hsa_signal_wait_scacquire",2839356,2839356,603,6197213999241289,6197214003241436
"HSA_CORE_API","hsa_signal_wait_scacquire",2839356,2839356,604,6197214003241916,6197214007242062
"HSA_CORE_API","hsa_signal_wait_scacquire",2839356,2839356,605,6197214007242542,6197214011242689
"HSA_CORE_API","hsa_signal_wait_scacquire",2839356,2839356,606,6197214011243159,6197214015243315
"HSA_CORE_API","hsa_signal_wait_scacquire",2839356,2839356,607,6197214015243605,6197214019243742
"HSA_CORE_API","hsa_signal_wait_scacquire",2839356,2839356,608,6197214019244232,6197214023244379
"HSA_CORE_API","hsa_signal_wait_scacquire",2839356,2839356,609,6197214023244859,6197214027245005
"HSA_CORE_API","hsa_signal_wait_scacquire",2839356,2839356,610,6197214027245485,6197214031245632
"HSA_CORE_API","hsa_signal_wait_scacquire",2839356,2839356,611,6197214031245932,6197214035246078
"HSA_CORE_API","hsa_signal_wait_scacquire",2839356,2839356,612,6197214035246368,6197214039246515
"HSA_CORE_API","hsa_signal_wait_scacquire",2839356,2839356,613,6197214039246805,6197214043246952
"HSA_CORE_API","hsa_signal_wait_scacquire",2839356,2839356,614,6197214043247432,6197214047247578
"HSA_CORE_API","hsa_signal_wait_scacquire",2839356,2839356,615,6197214047248058,6197214051248225
"HSA_CORE_API","hsa_signal_wait_scacquire",2839356,2839356,616,6197214051248715,6197214055248862
"HSA_CORE_API","hsa_signal_wait_scacquire",2839356,2839356,617,6197214055249152,6197214059249298
"HSA_CORE_API","hsa_signal_wait_scacquire",2839356,2839356,618,6197214059249778,6197214063249915
"HSA_CORE_API","hsa_signal_wait_scacquire",2839356,2839356,619,6197214063250405,6197214067250552
"HSA_CORE_API","hsa_signal_wait_scacquire",2839356,2839356,620,6197214067251032,6197214071251168
"HSA_CORE_API","hsa_signal_wait_scacquire",2839356,2839356,621,6197214071251648,6197214075251795
"HSA_CORE_API","hsa_signal_wait_scacquire",2839356,2839356,622,6197214075252265,6197214079252421
"HSA_CORE_API","hsa_signal_wait_scacquire",2839356,2839356,623,6197214079252901,6197214083253048
"HSA_CORE_API","hsa_signal_wait_scacquire",2839356,2839356,624,6197214083253528,6197214087253675
"HSA_CORE_API","hsa_signal_wait_scacquire",2839356,2839356,625,6197214087254155,6197214091254301
"HSA_CORE_API","hsa_signal_wait_scacquire",2839356,2839356,626,6197214091254771,6197214095254928
"HSA_CORE_API","hsa_signal_wait_scacquire",2839356,2839356,627,6197214095255408,6197214099255555
"HSA_CORE_API","hsa_signal_wait_scacquire",2839356,2839356,628,6197214099256035,6197214103256171
"HSA_CORE_API","hsa_signal_wait_scacquire",2839356,2839356,629,6197214103256661,6197214107256808
"HSA_CORE_API","hsa_signal_wait_scacquire",2839356,2839356,630,6197214107257288,6197214111257434
"HSA_CORE_API","hsa_signal_wait_scacquire",2839356,2839356,631,6197214111257914,6197214115258061
"HSA_CORE_API","hsa_signal_wait_scacquire",2839356,2839356,632,6197214115258551,6197214119258698
"HSA_CORE_API","hsa_signal_wait_scacquire",2839356,2839356,633,6197214119259168,6197214123259324
"HSA_CORE_API","hsa_signal_wait_scacquire",2839356,2839356,634,6197214123259804,6197214127259951
"HSA_CORE_API","hsa_signal_wait_scacquire",2839356,2839356,635,6197214127260431,6197214131260577
"HSA_CORE_API","hsa_signal_wait_scacquire",2839356,2839356,636,6197214131260877,6197214135261034
"HSA_CORE_API","hsa_signal_wait_scacquire",2839356,2839356,637,6197214135261344,6197214139261481
"HSA_CORE_API","hsa_signal_wait_scacquire",2839356,2839356,638,6197214139261971,6197214143262117
"HSA_CORE_API","hsa_signal_wait_scacquire",2839356,2839356,639,6197214143262587,6197214147262734
"HSA_CORE_API","hsa_signal_wait_scacquire",2839356,2839356,640,6197214147263224,6197214151263371
"HSA_CORE_API","hsa_signal_wait_scacquire",2839356,2839356,641,6197214151264011,6197214155264157
"HSA_CORE_API","hsa_signal_wait_scacquire",2839356,2839356,642,6197214155266657,6197214159266804
"HSA_CORE_API","hsa_signal_wait_scacquire",2839356,2839356,643,6197214159267094,6197214163267250
"HSA_CORE_API","hsa_signal_wait_scacquire",2839356,2839356,644,6197214163267730,6197214167267877
"HSA_CORE_API","hsa_signal_wait_scacquire",2839356,2839356,645,6197214167268357,6197214171268494
"HSA_CORE_API","hsa_signal_wait_scacquire",2839356,2839356,646,6197214171269194,6197214175269340
"HSA_CORE_API","hsa_signal_wait_scacquire",2839356,2839356,647,6197214175270520,6197214179270657
"HSA_CORE_API","hsa_signal_wait_scacquire",2839356,2839356,648,6197214179271137,6197214183271293
"HSA_CORE_API","hsa_signal_wait_scacquire",2839356,2839356,649,6197214183271593,6197214187271730
"HSA_CORE_API","hsa_signal_wait_scacquire",2839356,2839356,650,6197214187272220,6197214191272367
"HSA_CORE_API","hsa_signal_wait_scacquire",2839356,2839356,651,6197214191272847,6197214195272993
"HSA_CORE_API","hsa_signal_wait_scacquire",2839356,2839356,652,6197214195273473,6197214199273610
"HSA_CORE_API","hsa_signal_wait_scacquire",2839356,2839356,653,6197214199274090,6197214203274237
"HSA_CORE_API","hsa_signal_wait_scacquire",2839356,2839356,654,6197214203274717,6197214207274863
"HSA_CORE_API","hsa_signal_wait_scacquire",2839356,2839356,655,6197214207275333,6197214211275490
"HSA_CORE_API","hsa_signal_wait_scacquire",2839356,2839356,656,6197214211275970,6197214215276117
"HSA_CORE_API","hsa_signal_wait_scacquire",2839356,2839356,657,6197214215276587,6197214219276743
"HSA_CORE_API","hsa_signal_wait_scacquire",2839356,2839356,658,6197214219277223,6197214223277360
"HSA_CORE_API","hsa_signal_wait_scacquire",2839356,2839356,659,6197214223277840,6197214227277986
"HSA_CORE_API","hsa_signal_wait_scacquire",2839356,2839356,660,6197214227278466,6197214231278613
"HSA_CORE_API","hsa_signal_wait_scacquire",2839356,2839356,661,6197214231278913,6197214235279070
"HSA_CORE_API","hsa_signal_wait_scacquire",2839356,2839356,662,6197214235279360,6197214239279506
"HSA_CORE_API","hsa_signal_wait_scacquire",2839356,2839356,663,6197214239279986,6197214243280133
"HSA_CORE_API","hsa_signal_wait_scacquire",2839356,2839356,664,6197214243280613,6197214247280760
"HSA_CORE_API","hsa_signal_wait_scacquire",2839356,2839356,665,6197214247281240,6197214251281386
"HSA_CORE_API","hsa_signal_wait_scacquire",2839356,2839356,666,6197214251281676,6197214255281813
"HSA_CORE_API","hsa_signal_wait_scacquire",2839356,2839356,667,6197214255282303,6197214259282459
"HSA_CORE_API","hsa_signal_wait_scacquire",2839356,2839356,668,6197214259282949,6197214263283096
"HSA_CORE_API","hsa_signal_wait_scacquire",2839356,2839356,669,6197214263283576,6197214267283723
"HSA_CORE_API","hsa_signal_wait_scacquire",2839356,2839356,670,6197214267284203,6197214271284349
"HSA_CORE_API","hsa_signal_wait_scacquire",2839356,2839356,671,6197214271284819,6197214275284976
"HSA_CORE_API","hsa_signal_wait_scacquire",2839356,2839356,672,6197214275285466,6197214279285612
"HSA_CORE_API","hsa_signal_wait_scacquire",2839356,2839356,673,6197214279286082,6197214283286229
"HSA_CORE_API","hsa_signal_wait_scacquire",2839356,2839356,674,6197214283286709,6197214287286926
"HSA_CORE_API","hsa_signal_wait_scacquire",2839356,2839356,675,6197214287287396,6197214291287552
"HSA_CORE_API","hsa_signal_wait_scacquire",2839356,2839356,676,6197214291287842,6197214295287989
"HSA_CORE_API","hsa_signal_wait_scacquire",2839356,2839356,677,6197214295288289,6197214299288456
"HSA_CORE_API","hsa_signal_wait_scacquire",2839356,2839356,678,6197214299288936,6197214303289082
"HSA_CORE_API","hsa_signal_wait_scacquire",2839356,2839356,679,6197214303289552,6197214307289709
"HSA_CORE_API","hsa_signal_wait_scacquire",2839356,2839356,680,6197214307290009,6197214311290156
"HSA_CORE_API","hsa_signal_wait_scacquire",2839356,2839356,681,6197214311290635,6197214315290772
"HSA_CORE_API","hsa_signal_wait_scacquire",2839356,2839356,682,6197214315291262,6197214319291409
"HSA_CORE_API","hsa_signal_wait_scacquire",2839356,2839356,683,6197214319291889,6197214323292035
"HSA_CORE_API","hsa_signal_wait_scacquire",2839356,2839356,684,6197214323292515,6197214327292662
"HSA_CORE_API","hsa_signal_wait_scacquire",2839356,2839356,685,6197214327293132,6197214331293289
"HSA_CORE_API","hsa_signal_wait_scacquire",2839356,2839356,686,6197214331293589,6197214335293735
"HSA_CORE_API","hsa_signal_wait_scacquire",2839356,2839356,687,6197214335294025,6197214339294172
"HSA_CORE_API","hsa_signal_wait_scacquire",2839356,2839356,688,6197214339294652,6197214343294798
"HSA_CORE_API","hsa_signal_wait_scacquire",2839356,2839356,689,6197214343295278,6197214347295425
"HSA_CORE_API","hsa_signal_wait_scacquire",2839356,2839356,690,6197214347295905,6197214351296052
"HSA_CORE_API","hsa_signal_wait_scacquire",2839356,2839356,691,6197214351296532,6197214355296668
"HSA_CORE_API","hsa_signal_wait_scacquire",2839356,2839356,692,6197214355297148,6197214359297295
"HSA_CORE_API","hsa_signal_wait_scacquire",2839356,2839356,693,6197214359297775,6197214363297922
"HSA_CORE_API","hsa_signal_wait_scacquire",2839356,2839356,694,6197214363298402,6197214367298548
"HSA_CORE_API","hsa_signal_wait_scacquire",2839356,2839356,695,6197214367299018,6197214371299165
"HSA_CORE_API","hsa_signal_wait_scacquire",2839356,2839356,696,6197214371299645,6197214375299801
"HSA_CORE_API","hsa_signal_wait_scacquire",2839356,2839356,697,6197214375300081,6197214379300238
"HSA_CORE_API","hsa_signal_wait_scacquire",2839356,2839356,698,6197214379302048,6197214383302195
"HSA_CORE_API","hsa_signal_wait_scacquire",2839356,2839356,699,6197214383302485,6197214387302631
"HSA_CORE_API","hsa_signal_wait_scacquire",2839356,2839356,700,6197214387303201,6197214391303348
"HSA_CORE_API","hsa_signal_wait_scacquire",2839356,2839356,701,6197214391303828,6197214395303975
"HSA_CORE_API","hsa_signal_wait_scacquire",2839356,2839356,702,6197214395304445,6197214399304591
"HSA_CORE_API","hsa_signal_wait_scacquire",2839356,2839356,703,6197214399305081,6197214403305228
"HSA_CORE_API","hsa_signal_wait_scacquire",2839356,2839356,704,6197214403305708,6197214407305854
"HSA_CORE_API","hsa_signal_wait_scacquire",2839356,2839356,705,6197214407306484,6197214411306631
"HSA_CORE_API","hsa_signal_wait_scacquire",2839356,2839356,706,6197214411308211,6197214415308368
"HSA_CORE_API","hsa_signal_wait_scacquire",2839356,2839356,707,6197214415308678,6197214419308824
"HSA_CORE_API","hsa_signal_wait_scacquire",2839356,2839356,708,6197214419309304,6197214423309481
"HSA_CORE_API","hsa_signal_wait_scacquire",2839356,2839356,709,6197214423309811,6197214427309957
"HSA_CORE_API","hsa_signal_wait_scacquire",2839356,2839356,710,6197214427310257,6197214431310404
"HSA_CORE_API","hsa_signal_wait_scacquire",2839356,2839356,711,6197214431310704,6197214435310851
"HSA_CORE_API","hsa_signal_wait_scacquire",2839356,2839356,712,6197214435311141,6197214439311277
"HSA_CORE_API","hsa_signal_wait_scacquire",2839356,2839356,713,6197214439311767,6197214443311914
"HSA_CORE_API","hsa_signal_wait_scacquire",2839356,2839356,714,6197214443312394,6197214447312541
"HSA_CORE_API","hsa_signal_wait_scacquire",2839356,2839356,715,6197214447313021,6197214451313177
"HSA_CORE_API","hsa_signal_wait_scacquire",2839356,2839356,716,6197214451313657,6197214455313794
"HSA_CORE_API","hsa_signal_wait_scacquire",2839356,2839356,717,6197214455314274,6197214459314421
"HSA_CORE_API","hsa_signal_wait_scacquire",2839356,2839356,718,6197214459314900,6197214463315047
"HSA_CORE_API","hsa_signal_wait_scacquire",2839356,2839356,719,6197214463315527,6197214467315674
"HSA_CORE_API","hsa_signal_wait_scacquire",2839356,2839356,720,6197214467316154,6197214471316310
"HSA_CORE_API","hsa_signal_wait_scacquire",2839356,2839356,721,6197214471316790,6197214475316937
"HSA_CORE_API","hsa_signal_wait_scacquire",2839356,2839356,722,6197214475317417,6197214479317564
"HSA_CORE_API","hsa_signal_wait_scacquire",2839356,2839356,723,6197214479318044,6197214483318190
"HSA_CORE_API","hsa_signal_wait_scacquire",2839356,2839356,724,6197214483318670,6197214487318817
"HSA_CORE_API","hsa_signal_wait_scacquire",2839356,2839356,725,6197214487319297,6197214491319443
"HSA_CORE_API","hsa_signal_wait_scacquire",2839356,2839356,726,6197214491319923,6197214495320070
"HSA_CORE_API","hsa_signal_wait_scacquire",2839356,2839356,727,6197214495320550,6197214499320707
"HSA_CORE_API","hsa_signal_wait_scacquire",2839356,2839356,728,6197214499321187,6197214503321343
"HSA_CORE_API","hsa_signal_wait_scacquire",2839356,2839356,729,6197214503321823,6197214507321970
"HSA_CORE_API","hsa_signal_wait_scacquire",2839356,2839356,730,6197214507322450,6197214511322587
"HSA_CORE_API","hsa_signal_wait_scacquire",2839356,2839356,731,6197214511323067,6197214515323203
"HSA_CORE_API","hsa_signal_wait_scacquire",2839356,2839356,732,6197214515323693,6197214519323840
"HSA_CORE_API","hsa_signal_wait_scacquire",2839356,2839356,733,6197214519324320,6197214523324476
"HSA_CORE_API","hsa_signal_wait_scacquire",2839356,2839356,734,6197214523324946,6197214527325093
"HSA_CORE_API","hsa_signal_wait_scacquire",2839356,2839356,735,6197214527325573,6197214531325720
"HSA_CORE_API","hsa_signal_wait_scacquire",2839356,2839356,736,6197214531326020,6197214535326166
"HSA_CORE_API","hsa_signal_wait_scacquire",2839356,2839356,737,6197214535326456,6197214539326593
"HSA_CORE_API","hsa_signal_wait_scacquire",2839356,2839356,738,6197214539327073,6197214543327220
"HSA_CORE_API","hsa_signal_wait_scacquire",2839356,2839356,739,6197214543327700,6197214547327846
"HSA_CORE_API","hsa_signal_wait_scacquire",2839356,2839356,740,6197214547328316,6197214551328473
"HSA_CORE_API","hsa_signal_wait_scacquire",2839356,2839356,741,6197214551328953,6197214555329099
"HSA_CORE_API","hsa_signal_wait_scacquire",2839356,2839356,742,6197214555329579,6197214559329726
"HSA_CORE_API","hsa_signal_wait_scacquire",2839356,2839356,743,6197214559330206,6197214563330353
"HSA_CORE_API","hsa_signal_wait_scacquire",2839356,2839356,744,6197214563330823,6197214567330969
"HSA_CORE_API","hsa_signal_wait_scacquire",2839356,2839356,745,6197214567331269,6197214571331416
"HSA_CORE_API","hsa_signal_wait_scacquire",2839356,2839356,746,6197214571331896,6197214575332043
"HSA_CORE_API","hsa_signal_wait_scacquire",2839356,2839356,747,6197214575332523,6197214579332669
"HSA_CORE_API","hsa_signal_wait_scacquire",2839356,2839356,748,6197214579333149,6197214583333286
"HSA_CORE_API","hsa_signal_wait_scacquire",2839356,2839356,749,6197214583333776,6197214587333922
"HSA_CORE_API","hsa_signal_wait_scacquire",2839356,2839356,750,6197214587334712,6197214591334859
"HSA_CORE_API","hsa_signal_wait_scacquire",2839356,2839356,751,6197214591335339,6197214595335486
"HSA_CORE_API","hsa_signal_wait_scacquire",2839356,2839356,752,6197214595335966,6197214599336112
"HSA_CORE_API","hsa_signal_wait_scacquire",2839356,2839356,753,6197214599336682,6197214603336829
"HSA_CORE_API","hsa_signal_wait_scacquire",2839356,2839356,754,6197214603337309,6197214607337456
"HSA_CORE_API","hsa_signal_wait_scacquire",2839356,2839356,755,6197214607337936,6197214611338082
"HSA_CORE_API","hsa_signal_wait_scacquire",2839356,2839356,756,6197214611338562,6197214615338709
"HSA_CORE_API","hsa_signal_wait_scacquire",2839356,2839356,757,6197214615338999,6197214619339155
"HSA_CORE_API","hsa_signal_wait_scacquire",2839356,2839356,758,6197214619339625,6197214623339772
"HSA_CORE_API","hsa_signal_wait_scacquire",2839356,2839356,759,6197214623340072,6197214627340229
"HSA_CORE_API","hsa_signal_wait_scacquire",2839356,2839356,760,6197214627340699,6197214631340845
"HSA_CORE_API","hsa_signal_wait_scacquire",2839356,2839356,761,6197214631341145,6197214635341292
"HSA_CORE_API","hsa_signal_wait_scacquire",2839356,2839356,762,6197214635341582,6197214639341718
"HSA_CORE_API","hsa_signal_wait_scacquire",2839356,2839356,763,6197214639342208,6197214643342345
"HSA_CORE_API","hsa_signal_wait_scacquire",2839356,2839356,764,6197214643342825,6197214647342972
"HSA_CORE_API","hsa_signal_wait_scacquire",2839356,2839356,765,6197214647343452,6197214651343598
"HSA_CORE_API","hsa_signal_wait_scacquire",2839356,2839356,766,6197214651344078,6197214655344225
"HSA_CORE_API","hsa_signal_wait_scacquire",2839356,2839356,767,6197214655344705,6197214659344852
"HSA_CORE_API","hsa_signal_wait_scacquire",2839356,2839356,768,6197214659345332,6197214663345478
"HSA_CORE_API","hsa_signal_wait_scacquire",2839356,2839356,769,6197214663346908,6197214667347065
"HSA_CORE_API","hsa_signal_wait_scacquire",2839356,2839356,770,6197214667347945,6197214671348091
"HSA_CORE_API","hsa_signal_wait_scacquire",2839356,2839356,771,6197214671348481,6197214675348628
"HSA_CORE_API","hsa_signal_wait_scacquire",2839356,2839356,772,6197214675349108,6197214679349245
"HSA_CORE_API","hsa_signal_wait_scacquire",2839356,2839356,773,6197214679349735,6197214683349881
"HSA_CORE_API","hsa_signal_wait_scacquire",2839356,2839356,774,6197214683350361,6197214687350518
"HSA_CORE_API","hsa_signal_wait_scacquire",2839356,2839356,775,6197214687350808,6197214691350955
"HSA_CORE_API","hsa_signal_wait_scacquire",2839356,2839356,776,6197214691351435,6197214695351581
"HSA_CORE_API","hsa_signal_wait_scacquire",2839356,2839356,777,6197214695352101,6197214699352268
"HSA_CORE_API","hsa_signal_wait_scacquire",2839356,2839356,778,6197214699352758,6197214703352904
"HSA_CORE_API","hsa_signal_wait_scacquire",2839356,2839356,779,6197214703353394,6197214707353541
"HSA_CORE_API","hsa_signal_wait_scacquire",2839356,2839356,780,6197214707354021,6197214711354168
"HSA_CORE_API","hsa_signal_wait_scacquire",2839356,2839356,781,6197214711354638,6197214715354804
"HSA_CORE_API","hsa_signal_wait_scacquire",2839356,2839356,782,6197214715355284,6197214719355441
"HSA_CORE_API","hsa_signal_wait_scacquire",2839356,2839356,783,6197214719355931,6197214723356078
"HSA_CORE_API","hsa_signal_wait_scacquire",2839356,2839356,784,6197214723356568,6197214727356734
"HSA_CORE_API","hsa_signal_wait_scacquire",2839356,2839356,785,6197214727357234,6197214731357391
"HSA_CORE_API","hsa_signal_wait_scacquire",2839356,2839356,786,6197214731357691,6197214735357838
"HSA_CORE_API","hsa_signal_wait_scacquire",2839356,2839356,787,6197214735358128,6197214739358284
"HSA_CORE_API","hsa_signal_wait_scacquire",2839356,2839356,788,6197214739358754,6197214743358901
"HSA_CORE_API","hsa_signal_wait_scacquire",2839356,2839356,789,6197214743359381,6197214747359527
"HSA_CORE_API","hsa_signal_wait_scacquire",2839356,2839356,790,6197214747360007,6197214751360154
"HSA_CORE_API","hsa_signal_wait_scacquire",2839356,2839356,791,6197214751360634,6197214755360801
"HSA_CORE_API","hsa_signal_wait_scacquire",2839356,2839356,792,6197214755361291,6197214759361437
"HSA_CORE_API","hsa_signal_wait_scacquire",2839356,2839356,793,6197214759361917,6197214763362064
"HSA_CORE_API","hsa_signal_wait_scacquire",2839356,2839356,794,6197214763362544,6197214767362681
"HSA_CORE_API","hsa_signal_wait_scacquire",2839356,2839356,795,6197214767363171,6197214771363307
"HSA_CORE_API","hsa_signal_wait_scacquire",2839356,2839356,796,6197214771363787,6197214775363924
"HSA_CORE_API","hsa_signal_wait_scacquire",2839356,2839356,797,6197214775364404,6197214779364550
"HSA_CORE_API","hsa_signal_wait_scacquire",2839356,2839356,798,6197214779365030,6197214783365177
"HSA_CORE_API","hsa_signal_wait_scacquire",2839356,2839356,799,6197214783365657,6197214787365804
"HSA_CORE_API","hsa_signal_wait_scacquire",2839356,2839356,800,6197214787366274,6197214791366420
"HSA_CORE_API","hsa_signal_wait_scacquire",2839356,2839356,801,6197214791366900,6197214795367047
"HSA_CORE_API","hsa_signal_wait_scacquire",2839356,2839356,802,6197214795367527,6197214799367664
"HSA_CORE_API","hsa_signal_wait_scacquire",2839356,2839356,803,6197214799368144,6197214803368300
"HSA_CORE_API","hsa_signal_wait_scacquire",2839356,2839356,804,6197214803368780,6197214807368927
"HSA_CORE_API","hsa_signal_wait_scacquire",2839356,2839356,805,6197214807369227,6197214811369363
"HSA_CORE_API","hsa_signal_wait_scacquire",2839356,2839356,806,6197214811369873,6197214815370020
"HSA_CORE_API","hsa_signal_wait_scacquire",2839356,2839356,807,6197214815370490,6197214819370647
"HSA_CORE_API","hsa_signal_wait_scacquire",2839356,2839356,808,6197214819371117,6197214823371263
"HSA_CORE_API","hsa_signal_wait_scacquire",2839356,2839356,809,6197214823371743,6197214827371890
"HSA_CORE_API","hsa_signal_wait_scacquire",2839356,2839356,810,6197214827372360,6197214831372507
"HSA_CORE_API","hsa_signal_wait_scacquire",2839356,2839356,811,6197214831372807,6197214835372953
"HSA_CORE_API","hsa_signal_wait_scacquire",2839356,2839356,812,6197214835373243,6197214839373380
"HSA_CORE_API","hsa_signal_wait_scacquire",2839356,2839356,813,6197214839373860,6197214843374006
"HSA_CORE_API","hsa_signal_wait_scacquire",2839356,2839356,814,6197214843374486,6197214847374623
"HSA_CORE_API","hsa_signal_wait_scacquire",2839356,2839356,815,6197214847375103,6197214851375240
"HSA_CORE_API","hsa_signal_wait_scacquire",2839356,2839356,816,6197214851375710,6197214855375856
"HSA_CORE_API","hsa_signal_wait_scacquire",2839356,2839356,817,6197214855376336,6197214859376483
"HSA_CORE_API","hsa_signal_wait_scacquire",2839356,2839356,818,6197214859376963,6197214863377110
"HSA_CORE_API","hsa_signal_wait_scacquire",2839356,2839356,819,6197214863377580,6197214867377716
"HSA_CORE_API","hsa_signal_wait_scacquire",2839356,2839356,820,6197214867378196,6197214871378343
"HSA_CORE_API","hsa_signal_wait_scacquire",2839356,2839356,821,6197214871378823,6197214875378970
"HSA_CORE_API","hsa_signal_wait_scacquire",2839356,2839356,822,6197214875379450,6197214879379596
"HSA_CORE_API","hsa_signal_wait_scacquire",2839356,2839356,823,6197214879379886,6197214883380033
"HSA_CORE_API","hsa_signal_wait_scacquire",2839356,2839356,824,6197214883380513,6197214887380659
"HSA_CORE_API","hsa_signal_wait_scacquire",2839356,2839356,825,6197214887381139,6197214891381296
"HSA_CORE_API","hsa_signal_wait_scacquire",2839356,2839356,826,6197214891381766,6197214895381913
"HSA_CORE_API","hsa_signal_wait_scacquire",2839356,2839356,827,6197214895382393,6197214899382539
"HSA_CORE_API","hsa_signal_wait_scacquire",2839356,2839356,828,6197214899383019,6197214903383166
"HSA_CORE_API","hsa_signal_wait_scacquire",2839356,2839356,829,6197214903383646,6197214907383793
"HSA_CORE_API","hsa_signal_wait_scacquire",2839356,2839356,830,6197214907384263,6197214911384409
"HSA_CORE_API","hsa_signal_wait_scacquire",2839356,2839356,831,6197214911384889,6197214915385036
"HSA_CORE_API","hsa_signal_wait_scacquire",2839356,2839356,832,6197214915385516,6197214919385662
"HSA_CORE_API","hsa_signal_wait_scacquire",2839356,2839356,833,6197214919386302,6197214923386449
"HSA_CORE_API","hsa_signal_wait_scacquire",2839356,2839356,834,6197214923388499,6197214927388636
"HSA_CORE_API","hsa_signal_wait_scacquire",2839356,2839356,835,6197214927388936,6197214931389082
"HSA_CORE_API","hsa_signal_wait_scacquire",2839356,2839356,836,6197214931390002,6197214935390149
"HSA_CORE_API","hsa_signal_wait_scacquire",2839356,2839356,837,6197214935390439,6197214939390586
"HSA_CORE_API","hsa_signal_wait_scacquire",2839356,2839356,838,6197214939391066,6197214943391212
"HSA_CORE_API","hsa_signal_wait_scacquire",2839356,2839356,839,6197214943391772,6197214947391919
"HSA_CORE_API","hsa_signal_wait_scacquire",2839356,2839356,840,6197214947392209,6197214951392365
"HSA_CORE_API","hsa_signal_wait_scacquire",2839356,2839356,841,6197214951392845,6197214955392982
"HSA_CORE_API","hsa_signal_wait_scacquire",2839356,2839356,842,6197214955393462,6197214959393609
"HSA_CORE_API","hsa_signal_wait_scacquire",2839356,2839356,843,6197214959394079,6197214963394225
"HSA_CORE_API","hsa_signal_wait_scacquire",2839356,2839356,844,6197214963394695,6197214967394842
"HSA_CORE_API","hsa_signal_wait_scacquire",2839356,2839356,845,6197214967395322,6197214971395469
"HSA_CORE_API","hsa_signal_wait_scacquire",2839356,2839356,846,6197214971395939,6197214975396085
"HSA_CORE_API","hsa_signal_wait_scacquire",2839356,2839356,847,6197214975396755,6197214979396902
"HSA_CORE_API","hsa_signal_wait_scacquire",2839356,2839356,848,6197214979397372,6197214983397518
"HSA_CORE_API","hsa_signal_wait_scacquire",2839356,2839356,849,6197214983397988,6197214987398145
"HSA_CORE_API","hsa_signal_wait_scacquire",2839356,2839356,850,6197214987398625,6197214991398782
"HSA_CORE_API","hsa_signal_wait_scacquire",2839356,2839356,851,6197214991399272,6197214995399418
"HSA_CORE_API","hsa_signal_wait_scacquire",2839356,2839356,852,6197214995399898,6197214999400045
"HSA_CORE_API","hsa_signal_wait_scacquire",2839356,2839356,853,6197214999400365,6197215003400532
"HSA_CORE_API","hsa_signal_wait_scacquire",2839356,2839356,854,6197215003400842,6197215007400988
"HSA_CORE_API","hsa_signal_wait_scacquire",2839356,2839356,855,6197215007401468,6197215011401615
"HSA_CORE_API","hsa_signal_wait_scacquire",2839356,2839356,856,6197215011402105,6197215015402241
"HSA_CORE_API","hsa_signal_wait_scacquire",2839356,2839356,857,6197215015402721,6197215019402878
"HSA_CORE_API","hsa_signal_wait_scacquire",2839356,2839356,858,6197215019403358,6197215023403505
"HSA_CORE_API","hsa_signal_wait_scacquire",2839356,2839356,859,6197215023403985,6197215027404121
"HSA_CORE_API","hsa_signal_wait_scacquire",2839356,2839356,860,6197215027404601,6197215031404758
"HSA_CORE_API","hsa_signal_wait_scacquire",2839356,2839356,861,6197215031405058,6197215035405205
"HSA_CORE_API","hsa_signal_wait_scacquire",2839356,2839356,862,6197215035405695,6197215039405841
"HSA_CORE_API","hsa_signal_wait_scacquire",2839356,2839356,863,6197215039406131,6197215043406268
"HSA_CORE_API","hsa_signal_wait_scacquire",2839356,2839356,864,6197215043406748,6197215047406894
"HSA_CORE_API","hsa_signal_wait_scacquire",2839356,2839356,865,6197215047407374,6197215051407521
"HSA_CORE_API","hsa_signal_wait_scacquire",2839356,2839356,866,6197215051407991,6197215055408148
"HSA_CORE_API","hsa_signal_wait_scacquire",2839356,2839356,867,6197215055408638,6197215059408784
"HSA_CORE_API","hsa_signal_wait_scacquire",2839356,2839356,868,6197215059409264,6197215063409411
"HSA_CORE_API","hsa_signal_wait_scacquire",2839356,2839356,869,6197215063409901,6197215067410048
"HSA_CORE_API","hsa_signal_wait_scacquire",2839356,2839356,870,6197215067410348,6197215071410484
"HSA_CORE_API","hsa_signal_wait_scacquire",2839356,2839356,871,6197215071410974,6197215075411121
"HSA_CORE_API","hsa_signal_wait_scacquire",2839356,2839356,872,6197215075411601,6197215079411748
"HSA_CORE_API","hsa_signal_wait_scacquire",2839356,2839356,873,6197215079412227,6197215083412364
"HSA_CORE_API","hsa_signal_wait_scacquire",2839356,2839356,874,6197215083412854,6197215087413001
"HSA_CORE_API","hsa_signal_wait_scacquire",2839356,2839356,875,6197215087413481,6197215091413627
"HSA_CORE_API","hsa_signal_wait_scacquire",2839356,2839356,876,6197215091414107,6197215095414254
"HSA_CORE_API","hsa_signal_wait_scacquire",2839356,2839356,877,6197215095414734,6197215099414881
"HSA_CORE_API","hsa_signal_wait_scacquire",2839356,2839356,878,6197215099415361,6197215103415497
"HSA_CORE_API","hsa_signal_wait_scacquire",2839356,2839356,879,6197215103415977,6197215107416124
"HSA_CORE_API","hsa_signal_wait_scacquire",2839356,2839356,880,6197215107416594,6197215111416751
"HSA_CORE_API","hsa_signal_wait_scacquire",2839356,2839356,881,6197215111417230,6197215115417377
"HSA_CORE_API","hsa_signal_wait_scacquire",2839356,2839356,882,6197215115417867,6197215119418014
"HSA_CORE_API","hsa_signal_wait_scacquire",2839356,2839356,883,6197215119418494,6197215123418640
"HSA_CORE_API","hsa_signal_wait_scacquire",2839356,2839356,884,6197215123419120,6197215127419267
"HSA_CORE_API","hsa_signal_wait_scacquire",2839356,2839356,885,6197215127419747,6197215131419904
"HSA_CORE_API","hsa_signal_wait_scacquire",2839356,2839356,886,6197215131420204,6197215135420350
"HSA_CORE_API","hsa_signal_wait_scacquire",2839356,2839356,887,6197215135420640,6197215139467106
"HSA_CORE_API","hsa_signal_wait_scacquire",2839356,2839356,888,6197215139467556,6197215143467722
"HSA_CORE_API","hsa_signal_wait_scacquire",2839356,2839356,889,6197215143468012,6197215147468169
"HSA_CORE_API","hsa_signal_wait_scacquire",2839356,2839356,890,6197215147468659,6197215151468806
"HSA_CORE_API","hsa_signal_wait_scacquire",2839356,2839356,891,6197215151469276,6197215155469422
"HSA_CORE_API","hsa_signal_wait_scacquire",2839356,2839356,892,6197215155469892,6197215159470049
"HSA_CORE_API","hsa_signal_wait_scacquire",2839356,2839356,893,6197215159470529,6197215163470675
"HSA_CORE_API","hsa_signal_wait_scacquire",2839356,2839356,894,6197215163471145,6197215167471302
"HSA_CORE_API","hsa_signal_wait_scacquire",2839356,2839356,895,6197215167471782,6197215171471929
"HSA_CORE_API","hsa_signal_wait_scacquire",2839356,2839356,896,6197215171472409,6197215175472555
"HSA_CORE_API","hsa_signal_wait_scacquire",2839356,2839356,897,6197215175473215,6197215179473362
"HSA_CORE_API","hsa_signal_wait_scacquire",2839356,2839356,898,6197215179476862,6197215183477019
"HSA_CORE_API","hsa_signal_wait_scacquire",2839356,2839356,899,6197215183477309,6197215187477455
"HSA_CORE_API","hsa_signal_wait_scacquire",2839356,2839356,900,6197215187477935,6197215191478092
"HSA_CORE_API","hsa_signal_wait_scacquire",2839356,2839356,901,6197215191478382,6197215195478528
"HSA_CORE_API","hsa_signal_wait_scacquire",2839356,2839356,902,6197215195478998,6197215199479145
"HSA_CORE_API","hsa_signal_wait_scacquire",2839356,2839356,903,6197215199479625,6197215203479782
"HSA_CORE_API","hsa_signal_wait_scacquire",2839356,2839356,904,6197215203480262,6197215207480408
"HSA_CORE_API","hsa_signal_wait_scacquire",2839356,2839356,905,6197215207480898,6197215211481045
"HSA_CORE_API","hsa_signal_wait_scacquire",2839356,2839356,906,6197215211481525,6197215215481672
"HSA_CORE_API","hsa_signal_wait_scacquire",2839356,2839356,907,6197215215482152,6197215219482288
"HSA_CORE_API","hsa_signal_wait_scacquire",2839356,2839356,908,6197215219482768,6197215223482915
"HSA_CORE_API","hsa_signal_wait_scacquire",2839356,2839356,909,6197215223483395,6197215227483541
"HSA_CORE_API","hsa_signal_wait_scacquire",2839356,2839356,910,6197215227484111,6197215231484258
"HSA_CORE_API","hsa_signal_wait_scacquire",2839356,2839356,911,6197215231484568,6197215235484705
"HSA_CORE_API","hsa_signal_wait_scacquire",2839356,2839356,912,6197215235485005,6197215239485151
"HSA_CORE_API","hsa_signal_wait_scacquire",2839356,2839356,913,6197215239485621,6197215243485768
"HSA_CORE_API","hsa_signal_wait_scacquire",2839356,2839356,914,6197215243486338,6197215247486485
"HSA_CORE_API","hsa_signal_wait_scacquire",2839356,2839356,915,6197215247486965,6197215251487111
"HSA_CORE_API","hsa_signal_wait_scacquire",2839356,2839356,916,6197215251487591,6197215255487768
"HSA_CORE_API","hsa_signal_wait_scacquire",2839356,2839356,917,6197215255488078,6197215259488224
"HSA_CORE_API","hsa_signal_wait_scacquire",2839356,2839356,918,6197215259488704,6197215263488851
"HSA_CORE_API","hsa_signal_wait_scacquire",2839356,2839356,919,6197215263489331,6197215267489478
"HSA_CORE_API","hsa_signal_wait_scacquire",2839356,2839356,920,6197215267489958,6197215271490104
"HSA_CORE_API","hsa_signal_wait_scacquire",2839356,2839356,921,6197215271490594,6197215275490741
"HSA_CORE_API","hsa_signal_wait_scacquire",2839356,2839356,922,6197215275491221,6197215279491368
"HSA_CORE_API","hsa_signal_wait_scacquire",2839356,2839356,923,6197215279491848,6197215283492004
"HSA_CORE_API","hsa_signal_wait_scacquire",2839356,2839356,924,6197215283492484,6197215287492631
"HSA_CORE_API","hsa_signal_wait_scacquire",2839356,2839356,925,6197215287493111,6197215291493258
"HSA_CORE_API","hsa_signal_wait_scacquire",2839356,2839356,926,6197215291493737,6197215295493884
"HSA_CORE_API","hsa_signal_wait_scacquire",2839356,2839356,927,6197215295494364,6197215299494511
"HSA_CORE_API","hsa_signal_wait_scacquire",2839356,2839356,928,6197215299494991,6197215303495137
"HSA_CORE_API","hsa_signal_wait_scacquire",2839356,2839356,929,6197215303495617,6197215307495754
"HSA_CORE_API","hsa_signal_wait_scacquire",2839356,2839356,930,6197215307496234,6197215311496381
"HSA_CORE_API","hsa_signal_wait_scacquire",2839356,2839356,931,6197215311496861,6197215315497007
"HSA_CORE_API","hsa_signal_wait_scacquire",2839356,2839356,932,6197215315497477,6197215319497634
"HSA_CORE_API","hsa_signal_wait_scacquire",2839356,2839356,933,6197215319497944,6197215323498091
"HSA_CORE_API","hsa_signal_wait_scacquire",2839356,2839356,934,6197215323498381,6197215327498547
"HSA_CORE_API","hsa_signal_wait_scacquire",2839356,2839356,935,6197215327499017,6197215331499164
"HSA_CORE_API","hsa_signal_wait_scacquire",2839356,2839356,936,6197215331499474,6197215335499630
"HSA_CORE_API","hsa_signal_wait_scacquire",2839356,2839356,937,6197215335499940,6197215339500087
"HSA_CORE_API","hsa_signal_wait_scacquire",2839356,2839356,938,6197215339500567,6197215343500714
"HSA_CORE_API","hsa_signal_wait_scacquire",2839356,2839356,939,6197215343501184,6197215347501340
"HSA_CORE_API","hsa_signal_wait_scacquire",2839356,2839356,940,6197215347501820,6197215351501987
"HSA_CORE_API","hsa_signal_wait_scacquire",2839356,2839356,941,6197215351502477,6197215355502614
"HSA_CORE_API","hsa_signal_wait_scacquire",2839356,2839356,942,6197215355503104,6197215359503250
"HSA_CORE_API","hsa_signal_wait_scacquire",2839356,2839356,943,6197215359503720,6197215363503867
"HSA_CORE_API","hsa_signal_wait_scacquire",2839356,2839356,944,6197215363504347,6197215367504493
"HSA_CORE_API","hsa_signal_wait_scacquire",2839356,2839356,945,6197215367504963,6197215371505120
"HSA_CORE_API","hsa_signal_wait_scacquire",2839356,2839356,946,6197215371505610,6197215375505747
"HSA_CORE_API","hsa_signal_wait_scacquire",2839356,2839356,947,6197215375506237,6197215379506383
"HSA_CORE_API","hsa_signal_wait_scacquire",2839356,2839356,948,6197215379506673,6197215383506820
"HSA_CORE_API","hsa_signal_wait_scacquire",2839356,2839356,949,6197215383507300,6197215387507447
"HSA_CORE_API","hsa_signal_wait_scacquire",2839356,2839356,950,6197215387507927,6197215391508073
"HSA_CORE_API","hsa_signal_wait_scacquire",2839356,2839356,951,6197215391508553,6197215395508700
"HSA_CORE_API","hsa_signal_wait_scacquire",2839356,2839356,952,6197215395509190,6197215399509336
"HSA_CORE_API","hsa_signal_wait_scacquire",2839356,2839356,953,6197215399509816,6197215403509963
"HSA_CORE_API","hsa_signal_wait_scacquire",2839356,2839356,954,6197215403510443,6197215407510590
"HSA_CORE_API","hsa_signal_wait_scacquire",2839356,2839356,955,6197215407511060,6197215411511206
"HSA_CORE_API","hsa_signal_wait_scacquire",2839356,2839356,956,6197215411511686,6197215415511833
"HSA_CORE_API","hsa_signal_wait_scacquire",2839356,2839356,957,6197215415512383,6197215419512530
"HSA_CORE_API","hsa_signal_wait_scacquire",2839356,2839356,958,6197215419513010,6197215423513156
"HSA_CORE_API","hsa_signal_wait_scacquire",2839356,2839356,959,6197215423513626,6197215427513783
"HSA_CORE_API","hsa_signal_wait_scacquire",2839356,2839356,960,6197215427514263,6197215431514419
"HSA_CORE_API","hsa_signal_wait_scacquire",2839356,2839356,961,6197215431540379,6197215435540535
"HSA_CORE_API","hsa_signal_wait_scacquire",2839356,2839356,962,6197215435542695,6197215439542842
"HSA_CORE_API","hsa_signal_wait_scacquire",2839356,2839356,963,6197215439543232,6197215443543379
"HSA_CORE_API","hsa_signal_wait_scacquire",2839356,2839356,964,6197215443543679,6197215447543825
"HSA_CORE_API","hsa_signal_wait_scacquire",2839356,2839356,965,6197215447544305,6197215451544452
"HSA_CORE_API","hsa_signal_wait_scacquire",2839356,2839356,966,6197215451545022,6197215455545169
"HSA_CORE_API","hsa_signal_wait_scacquire",2839356,2839356,967,6197215455545659,6197215459545805
"HSA_CORE_API","hsa_signal_wait_scacquire",2839356,2839356,968,6197215459546285,6197215463546442
"HSA_CORE_API","hsa_signal_wait_scacquire",2839356,2839356,969,6197215463546982,6197215467547128
"HSA_CORE_API","hsa_signal_wait_scacquire",2839356,2839356,970,6197215467547598,6197215471547755
"HSA_CORE_API","hsa_signal_wait_scacquire",2839356,2839356,971,6197215471548235,6197215475548382
"HSA_CORE_API","hsa_signal_wait_scacquire",2839356,2839356,972,6197215475548862,6197215479549008
"HSA_CORE_API","hsa_signal_wait_scacquire",2839356,2839356,973,6197215479549578,6197215483549725
"HSA_CORE_API","hsa_signal_wait_scacquire",2839356,2839356,974,6197215483550215,6197215487550362
"HSA_CORE_API","hsa_signal_wait_scacquire",2839356,2839356,975,6197215487550842,6197215491550988
"HSA_CORE_API","hsa_signal_wait_scacquire",2839356,2839356,976,6197215491551468,6197215495551605
"HSA_CORE_API","hsa_signal_wait_scacquire",2839356,2839356,977,6197215495552095,6197215499552241
"HSA_CORE_API","hsa_signal_wait_scacquire",2839356,2839356,978,6197215499552721,6197215503552868
"HSA_CORE_API","hsa_signal_wait_scacquire",2839356,2839356,979,6197215503553338,6197215507553495
"HSA_CORE_API","hsa_signal_wait_scacquire",2839356,2839356,980,6197215507553795,6197215511553941
"HSA_CORE_API","hsa_signal_wait_scacquire",2839356,2839356,981,6197215511554421,6197215515554568
"HSA_CORE_API","hsa_signal_wait_scacquire",2839356,2839356,982,6197215515555038,6197215519555185
"HSA_CORE_API","hsa_signal_wait_scacquire",2839356,2839356,983,6197215519555465,6197215523555621
"HSA_CORE_API","hsa_signal_wait_scacquire",2839356,2839356,984,6197215523556101,6197215527556248
"HSA_CORE_API","hsa_signal_wait_scacquire",2839356,2839356,985,6197215527556728,6197215531556874
"HSA_CORE_API","hsa_signal_wait_scacquire",2839356,2839356,986,6197215531557184,6197215535557331
"HSA_CORE_API","hsa_signal_wait_scacquire",2839356,2839356,987,6197215535557621,6197215539557768
"HSA_CORE_API","hsa_signal_wait_scacquire",2839356,2839356,988,6197215539558438,6197215543558584
"HSA_CORE_API","hsa_signal_wait_scacquire",2839356,2839356,989,6197215543559264,6197215547559411
"HSA_CORE_API","hsa_signal_wait_scacquire",2839356,2839356,990,6197215547559901,6197215551560048
"HSA_CORE_API","hsa_signal_wait_scacquire",2839356,2839356,991,6197215551560528,6197215555560674
"HSA_CORE_API","hsa_signal_wait_scacquire",2839356,2839356,992,6197215555561154,6197215559561321
"HSA_CORE_API","hsa_signal_wait_scacquire",2839356,2839356,993,6197215559561801,6197215563561947
"HSA_CORE_API","hsa_signal_wait_scacquire",2839356,2839356,994,6197215563562437,6197215567562584
"HSA_CORE_API","hsa_signal_wait_scacquire",2839356,2839356,995,6197215567562874,6197215571563031
"HSA_CORE_API","hsa_signal_wait_scacquire",2839356,2839356,996,6197215571563521,6197215575563667
"HSA_CORE_API","hsa_signal_wait_scacquire",2839356,2839356,997,6197215575564147,6197215579564294
"HSA_CORE_API","hsa_signal_wait_scacquire",2839356,2839356,998,6197215579564784,6197215583564931
"HSA_CORE_API","hsa_signal_wait_scacquire",2839356,2839356,999,6197215583565531,6197215587565677
"HSA_CORE_API","hsa_signal_wait_scacquire",2839356,2839356,1000,6197215587566157,6197215591566304
"HSA_CORE_API","hsa_signal_wait_scacquire",2839356,2839356,1001,6197215591566864,6197215595567010
"HSA_CORE_API","hsa_signal_wait_scacquire",2839356,2839356,1002,6197215595567490,6197215599567637
"HSA_CORE_API","hsa_signal_wait_scacquire",2839356,2839356,1003,6197215599568117,6197215603568254
"HSA_CORE_API","hsa_signal_wait_scacquire",2839356,2839356,1004,6197215603568744,6197215607568890
"HSA_CORE_API","hsa_signal_wait_scacquire",2839356,2839356,1005,6197215607569370,6197215611569527
"HSA_CORE_API","hsa_signal_wait_scacquire",2839356,2839356,1006,6197215611570007,6197215615570154
"HSA_CORE_API","hsa_signal_wait_scacquire",2839356,2839356,1007,6197215615570634,6197215619570780
"HSA_CORE_API","hsa_signal_wait_scacquire",2839356,2839356,1008,6197215619571260,6197215623571407
"HSA_CORE_API","hsa_signal_wait_scacquire",2839356,2839356,1009,6197215623571887,6197215627572023
"HSA_CORE_API","hsa_signal_wait_scacquire",2839356,2839356,1010,6197215627572503,6197215631572650
"HSA_CORE_API","hsa_signal_wait_scacquire",2839356,2839356,1011,6197215631572950,6197215635573097
"HSA_CORE_API","hsa_signal_wait_scacquire",2839356,2839356,1012,6197215635573397,6197215639573543
"HSA_CORE_API","hsa_signal_wait_scacquire",2839356,2839356,1013,6197215639573843,6197215643573990
"HSA_CORE_API","hsa_signal_wait_scacquire",2839356,2839356,1014,6197215643574280,6197215647574447
"HSA_CORE_API","hsa_signal_wait_scacquire",2839356,2839356,1015,6197215647574947,6197215651575093
"HSA_CORE_API","hsa_signal_wait_scacquire",2839356,2839356,1016,6197215651575573,6197215655575720
"HSA_CORE_API","hsa_signal_wait_scacquire",2839356,2839356,1017,6197215655576200,6197215659576347
"HSA_CORE_API","hsa_signal_wait_scacquire",2839356,2839356,1018,6197215659576827,6197215663576973
"HSA_CORE_API","hsa_signal_wait_scacquire",2839356,2839356,1019,6197215663577453,6197215667577600
"HSA_CORE_API","hsa_signal_wait_scacquire",2839356,2839356,1020,6197215667578080,6197215671578226
"HSA_CORE_API","hsa_signal_wait_scacquire",2839356,2839356,1021,6197215671578696,6197215675578843
"HSA_CORE_API","hsa_signal_wait_scacquire",2839356,2839356,1022,6197215675579323,6197215679579470
"HSA_CORE_API","hsa_signal_wait_scacquire",2839356,2839356,1023,6197215679579950,6197215683580096
"HSA_CORE_API","hsa_signal_wait_scacquire",2839356,2839356,1024,6197215683580576,6197215687580723
"HSA_CORE_API","hsa_signal_wait_scacquire",2839356,2839356,1025,6197215687581813,6197215691581960
"HSA_CORE_API","hsa_signal_wait_scacquire",2839356,2839356,1026,6197215691583360,6197215695583506
"HSA_CORE_API","hsa_signal_wait_scacquire",2839356,2839356,1027,6197215695583796,6197215699583953
"HSA_CORE_API","hsa_signal_wait_scacquire",2839356,2839356,1028,6197215699584433,6197215703584569
"HSA_CORE_API","hsa_signal_wait_scacquire",2839356,2839356,1029,6197215703585059,6197215707585206
"HSA_CORE_API","hsa_signal_wait_scacquire",2839356,2839356,1030,6197215707585686,6197215711585833
"HSA_CORE_API","hsa_signal_wait_scacquire",2839356,2839356,1031,6197215711586133,6197215715586269
"HSA_CORE_API","hsa_signal_wait_scacquire",2839356,2839356,1032,6197215715586749,6197215719586906
"HSA_CORE_API","hsa_signal_wait_scacquire",2839356,2839356,1033,6197215719587386,6197215723587533
"HSA_CORE_API","hsa_signal_wait_scacquire",2839356,2839356,1034,6197215723588013,6197215727588159
"HSA_CORE_API","hsa_signal_wait_scacquire",2839356,2839356,1035,6197215727589199,6197215731589356
"HSA_CORE_API","hsa_signal_wait_scacquire",2839356,2839356,1036,6197215731589646,6197215735589803
"HSA_CORE_API","hsa_signal_wait_scacquire",2839356,2839356,1037,6197215735590103,6197215739590249
"HSA_CORE_API","hsa_signal_wait_scacquire",2839356,2839356,1038,6197215739591199,6197215743591336
"HSA_CORE_API","hsa_signal_wait_scacquire",2839356,2839356,1039,6197215743591816,6197215747591952
"HSA_CORE_API","hsa_signal_wait_scacquire",2839356,2839356,1040,6197215747592432,6197215751592579
"HSA_CORE_API","hsa_signal_wait_scacquire",2839356,2839356,1041,6197215751593069,6197215755593216
"HSA_CORE_API","hsa_signal_wait_scacquire",2839356,2839356,1042,6197215755593796,6197215759593942
"HSA_CORE_API","hsa_signal_wait_scacquire",2839356,2839356,1043,6197215759594242,6197215763594389
"HSA_CORE_API","hsa_signal_wait_scacquire",2839356,2839356,1044,6197215763594869,6197215767595006
"HSA_CORE_API","hsa_signal_wait_scacquire",2839356,2839356,1045,6197215767595876,6197215771596022
"HSA_CORE_API","hsa_signal_wait_scacquire",2839356,2839356,1046,6197215771596512,6197215775596689
"HSA_CORE_API","hsa_signal_wait_scacquire",2839356,2839356,1047,6197215775597179,6197215779597315
"HSA_CORE_API","hsa_signal_wait_scacquire",2839356,2839356,1048,6197215779598425,6197215783598562
"HSA_CORE_API","hsa_signal_wait_scacquire",2839356,2839356,1049,6197215783599042,6197215787599179
"HSA_CORE_API","hsa_signal_wait_scacquire",2839356,2839356,1050,6197215787599479,6197215791599605
"HSA_CORE_API","hsa_signal_wait_scacquire",2839356,2839356,1051,6197215791600105,6197215795600252
"HSA_CORE_API","hsa_signal_wait_scacquire",2839356,2839356,1052,6197215795600732,6197215799600889
"HSA_CORE_API","hsa_signal_wait_scacquire",2839356,2839356,1053,6197215799601569,6197215803601705
"HSA_CORE_API","hsa_signal_wait_scacquire",2839356,2839356,1054,6197215803602325,6197215807602652
"HSA_CORE_API","hsa_signal_wait_scacquire",2839356,2839356,1055,6197215807603132,6197215811603279
"HSA_CORE_API","hsa_signal_wait_scacquire",2839356,2839356,1056,6197215811603779,6197215815603915
"HSA_CORE_API","hsa_signal_wait_scacquire",2839356,2839356,1057,6197215815604215,6197215819604352
"HSA_CORE_API","hsa_signal_wait_scacquire",2839356,2839356,1058,6197215819605042,6197215823605318
"HSA_CORE_API","hsa_signal_wait_scacquire",2839356,2839356,1059,6197215823605778,6197215827605915
"HSA_CORE_API","hsa_signal_wait_scacquire",2839356,2839356,1060,6197215827606805,6197215831606982
"HSA_CORE_API","hsa_signal_wait_scacquire",2839356,2839356,1061,6197215831607282,6197215835607458
"HSA_CORE_API","hsa_signal_wait_scacquire",2839356,2839356,1062,6197215835607958,6197215839608105
"HSA_CORE_API","hsa_signal_wait_scacquire",2839356,2839356,1063,6197215839608695,6197215843608871
"HSA_CORE_API","hsa_signal_wait_scacquire",2839356,2839356,1064,6197215843609381,6197215847609518
"HSA_CORE_API","hsa_signal_wait_scacquire",2839356,2839356,1065,6197215847609988,6197215851610135
"HSA_CORE_API","hsa_signal_wait_scacquire",2839356,2839356,1066,6197215851610615,6197215855610751
"HSA_CORE_API","hsa_signal_wait_scacquire",2839356,2839356,1067,6197215855611341,6197215859611668
"HSA_CORE_API","hsa_signal_wait_scacquire",2839356,2839356,1068,6197215859611968,6197215863612235
"HSA_CORE_API","hsa_signal_wait_scacquire",2839356,2839356,1069,6197215863612715,6197215867612861
"HSA_CORE_API","hsa_signal_wait_scacquire",2839356,2839356,1070,6197215867613341,6197215871613498
"HSA_CORE_API","hsa_signal_wait_scacquire",2839356,2839356,1071,6197215871614068,6197215875614215
"HSA_CORE_API","hsa_signal_wait_scacquire",2839356,2839356,1072,6197215875614715,6197215879614921
"HSA_CORE_API","hsa_signal_wait_scacquire",2839356,2839356,1073,6197215879615651,6197215883615828
"HSA_CORE_API","hsa_signal_wait_scacquire",2839356,2839356,1074,6197215883616118,6197215887616254
"HSA_CORE_API","hsa_signal_wait_scacquire",2839356,2839356,1075,6197215887617094,6197215891617241
"HSA_CORE_API","hsa_signal_wait_scacquire",2839356,2839356,1076,6197215891618061,6197215895618198
"HSA_CORE_API","hsa_signal_wait_scacquire",2839356,2839356,1077,6197215895618688,6197215899618834
"HSA_CORE_API","hsa_signal_wait_scacquire",2839356,2839356,1078,6197215899619214,6197215903619361
"HSA_CORE_API","hsa_signal_wait_scacquire",2839356,2839356,1079,6197215903619851,6197215907619998
"HSA_CORE_API","hsa_signal_wait_scacquire",2839356,2839356,1080,6197215907620848,6197215911621004
"HSA_CORE_API","hsa_signal_wait_scacquire",2839356,2839356,1081,6197215911621484,6197215915621631
"HSA_CORE_API","hsa_signal_wait_scacquire",2839356,2839356,1082,6197215915622211,6197215919622368
"HSA_CORE_API","hsa_signal_wait_scacquire",2839356,2839356,1083,6197215919622848,6197215923622994
"HSA_CORE_API","hsa_signal_wait_scacquire",2839356,2839356,1084,6197215923623474,6197215927623621
"HSA_CORE_API","hsa_signal_wait_scacquire",2839356,2839356,1085,6197215927624101,6197215931624257
"HSA_CORE_API","hsa_signal_wait_scacquire",2839356,2839356,1086,6197215931624557,6197215935624704
"HSA_CORE_API","hsa_signal_wait_scacquire",2839356,2839356,1087,6197215935624994,6197215939625151
"HSA_CORE_API","hsa_signal_wait_scacquire",2839356,2839356,1088,6197215939625641,6197215943626017
"HSA_CORE_API","hsa_signal_wait_scacquire",2839356,2839356,1089,6197215943626867,6197215947627014
"HSA_CORE_API","hsa_signal_wait_scacquire",2839356,2839356,1090,6197215947636794,6197215951636940
"HSA_CORE_API","hsa_signal_wait_scacquire",2839356,2839356,1091,6197215951637230,6197215955637387
"HSA_CORE_API","hsa_signal_wait_scacquire",2839356,2839356,1092,6197215955637867,6197215959638034
"HSA_CORE_API","hsa_signal_wait_scacquire",2839356,2839356,1093,6197215959638734,6197215963638880
"HSA_CORE_API","hsa_signal_wait_scacquire",2839356,2839356,1094,6197215963639370,6197215967639517
"HSA_CORE_API","hsa_signal_wait_scacquire",2839356,2839356,1095,6197215967640387,6197215971640533
"HSA_CORE_API","hsa_signal_wait_scacquire",2839356,2839356,1096,6197215971641213,6197215975641360
"HSA_CORE_API","hsa_signal_wait_scacquire",2839356,2839356,1097,6197215975641850,6197215979641997
"HSA_CORE_API","hsa_signal_wait_scacquire",2839356,2839356,1098,6197215979642477,6197215983642623
"HSA_CORE_API","hsa_signal_wait_scacquire",2839356,2839356,1099,6197215983643193,6197215987643340
"HSA_CORE_API","hsa_signal_wait_scacquire",2839356,2839356,1100,6197215987643820,6197215991643967
"HSA_CORE_API","hsa_signal_wait_scacquire",2839356,2839356,1101,6197215991644457,6197215995644603
"HSA_CORE_API","hsa_signal_wait_scacquire",2839356,2839356,1102,6197215995645093,6197215999645240
"HSA_CORE_API","hsa_signal_wait_scacquire",2839356,2839356,1103,6197215999645710,6197216003646047
"HSA_CORE_API","hsa_signal_wait_scacquire",2839356,2839356,1104,6197216003646527,6197216007646693
"HSA_CORE_API","hsa_signal_wait_scacquire",2839356,2839356,1105,6197216007646993,6197216011647150
"HSA_CORE_API","hsa_signal_wait_scacquire",2839356,2839356,1106,6197216011647440,6197216015647586
"HSA_CORE_API","hsa_signal_wait_scacquire",2839356,2839356,1107,6197216015648066,6197216019648223
"HSA_CORE_API","hsa_signal_wait_scacquire",2839356,2839356,1108,6197216019648893,6197216023649030
"HSA_CORE_API","hsa_signal_wait_scacquire",2839356,2839356,1109,6197216023654420,6197216027654566
"HSA_CORE_API","hsa_signal_wait_scacquire",2839356,2839356,1110,6197216027655016,6197216031655163
"HSA_CORE_API","hsa_signal_wait_scacquire",2839356,2839356,1111,6197216031655463,6197216035655609
"HSA_CORE_API","hsa_signal_wait_scacquire",2839356,2839356,1112,6197216035655909,6197216039656056
"HSA_CORE_API","hsa_signal_wait_scacquire",2839356,2839356,1113,6197216039656536,6197216043656683
"HSA_CORE_API","hsa_signal_wait_scacquire",2839356,2839356,1114,6197216043657163,6197216047657309
"HSA_CORE_API","hsa_signal_wait_scacquire",2839356,2839356,1115,6197216047657789,6197216051657926
"HSA_CORE_API","hsa_signal_wait_scacquire",2839356,2839356,1116,6197216051658406,6197216055658563
"HSA_CORE_API","hsa_signal_wait_scacquire",2839356,2839356,1117,6197216055659043,6197216059659189
"HSA_CORE_API","hsa_signal_wait_scacquire",2839356,2839356,1118,6197216059659859,6197216063660006
"HSA_CORE_API","hsa_signal_wait_scacquire",2839356,2839356,1119,6197216063660686,6197216067660832
"HSA_CORE_API","hsa_signal_wait_scacquire",2839356,2839356,1120,6197216067661312,6197216071661459
"HSA_CORE_API","hsa_signal_wait_scacquire",2839356,2839356,1121,6197216071661939,6197216075662086
"HSA_CORE_API","hsa_signal_wait_scacquire",2839356,2839356,1122,6197216075662386,6197216079662532
"HSA_CORE_API","hsa_signal_wait_scacquire",2839356,2839356,1123,6197216079663002,6197216083663139
"HSA_CORE_API","hsa_signal_wait_scacquire",2839356,2839356,1124,6197216083663609,6197216087663756
"HSA_CORE_API","hsa_signal_wait_scacquire",2839356,2839356,1125,6197216087664646,6197216091664792
"HSA_CORE_API","hsa_signal_wait_scacquire",2839356,2839356,1126,6197216091665272,6197216095665419
"HSA_CORE_API","hsa_signal_wait_scacquire",2839356,2839356,1127,6197216095665899,6197216099666056
"HSA_CORE_API","hsa_signal_wait_scacquire",2839356,2839356,1128,6197216099666536,6197216103666682
"HSA_CORE_API","hsa_signal_wait_scacquire",2839356,2839356,1129,6197216103667932,6197216107668069
"HSA_CORE_API","hsa_signal_wait_scacquire",2839356,2839356,1130,6197216107668539,6197216111668675
"HSA_CORE_API","hsa_signal_wait_scacquire",2839356,2839356,1131,6197216111669145,6197216115669292
"HSA_CORE_API","hsa_signal_wait_scacquire",2839356,2839356,1132,6197216115670382,6197216119670529
"HSA_CORE_API","hsa_signal_wait_scacquire",2839356,2839356,1133,6197216119670999,6197216123671145
"HSA_CORE_API","hsa_signal_wait_scacquire",2839356,2839356,1134,6197216123671625,6197216127671792
"HSA_CORE_API","hsa_signal_wait_scacquire",2839356,2839356,1135,6197216127672482,6197216131672639
"HSA_CORE_API","hsa_signal_wait_scacquire",2839356,2839356,1136,6197216131672929,6197216135673075
"HSA_CORE_API","hsa_signal_wait_scacquire",2839356,2839356,1137,6197216135673855,6197216139673992
"HSA_CORE_API","hsa_signal_wait_scacquire",2839356,2839356,1138,6197216139675052,6197216143675198
"HSA_CORE_API","hsa_signal_wait_scacquire",2839356,2839356,1139,6197216143675678,6197216147675825
"HSA_CORE_API","hsa_signal_wait_scacquire",2839356,2839356,1140,6197216147676305,6197216151676442
"HSA_CORE_API","hsa_signal_wait_scacquire",2839356,2839356,1141,6197216151676932,6197216155677068
"HSA_CORE_API","hsa_signal_wait_scacquire",2839356,2839356,1142,6197216155677538,6197216159677665
"HSA_CORE_API","hsa_signal_wait_scacquire",2839356,2839356,1143,6197216159678145,6197216163678292
"HSA_CORE_API","hsa_signal_wait_scacquire",2839356,2839356,1144,6197216163678772,6197216167678918
"HSA_CORE_API","hsa_signal_wait_scacquire",2839356,2839356,1145,6197216167679388,6197216171679525
"HSA_CORE_API","hsa_signal_wait_scacquire",2839356,2839356,1146,6197216171680015,6197216175680162
"HSA_CORE_API","hsa_signal_wait_scacquire",2839356,2839356,1147,6197216175680642,6197216179680788
"HSA_CORE_API","hsa_signal_wait_scacquire",2839356,2839356,1148,6197216179681458,6197216183681595
"HSA_CORE_API","hsa_signal_wait_scacquire",2839356,2839356,1149,6197216183682085,6197216187682231
"HSA_CORE_API","hsa_signal_wait_scacquire",2839356,2839356,1150,6197216187682711,6197216191682848
"HSA_CORE_API","hsa_signal_wait_scacquire",2839356,2839356,1151,6197216191683328,6197216195683465
"HSA_CORE_API","hsa_signal_wait_scacquire",2839356,2839356,1152,6197216195683945,6197216199684081
"HSA_CORE_API","hsa_signal_wait_scacquire",2839356,2839356,1153,6197216199685161,6197216203685308
"HSA_CORE_API","hsa_signal_wait_scacquire",2839356,2839356,1154,6197216203692688,6197216207692854
"HSA_CORE_API","hsa_signal_wait_scacquire",2839356,2839356,1155,6197216207693684,6197216211693821
"HSA_CORE_API","hsa_signal_wait_scacquire",2839356,2839356,1156,6197216211694501,6197216215694648
"HSA_CORE_API","hsa_signal_wait_scacquire",2839356,2839356,1157,6197216215695308,6197216219695454
"HSA_CORE_API","hsa_signal_wait_scacquire",2839356,2839356,1158,6197216219696514,6197216223696661
"HSA_CORE_API","hsa_signal_wait_scacquire",2839356,2839356,1159,6197216223697331,6197216227697477
"HSA_CORE_API","hsa_signal_wait_scacquire",2839356,2839356,1160,6197216227697957,6197216231698114
"HSA_CORE_API","hsa_signal_wait_scacquire",2839356,2839356,1161,6197216231698414,6197216235698561
"HSA_CORE_API","hsa_signal_wait_scacquire",2839356,2839356,1162,6197216235698851,6197216239699007
"HSA_CORE_API","hsa_signal_wait_scacquire",2839356,2839356,1163,6197216239699497,6197216243699644
"HSA_CORE_API","hsa_signal_wait_scacquire",2839356,2839356,1164,6197216243700134,6197216247700281
"HSA_CORE_API","hsa_signal_wait_scacquire",2839356,2839356,1165,6197216247700761,6197216251700907
"HSA_CORE_API","hsa_signal_wait_scacquire",2839356,2839356,1166,6197216251701387,6197216255701534
"HSA_CORE_API","hsa_signal_wait_scacquire",2839356,2839356,1167,6197216255702014,6197216259702161
"HSA_CORE_API","hsa_signal_wait_scacquire",2839356,2839356,1168,6197216259702641,6197216263702787
"HSA_CORE_API","hsa_signal_wait_scacquire",2839356,2839356,1169,6197216263703267,6197216267703414
"HSA_CORE_API","hsa_signal_wait_scacquire",2839356,2839356,1170,6197216267703714,6197216271703850
"HSA_CORE_API","hsa_signal_wait_scacquire",2839356,2839356,1171,6197216271704330,6197216275704467
"HSA_CORE_API","hsa_signal_wait_scacquire",2839356,2839356,1172,6197216275704947,6197216279705084
"HSA_CORE_API","hsa_signal_wait_scacquire",2839356,2839356,1173,6197216279705554,6197216283705700
"HSA_CORE_API","hsa_signal_wait_scacquire",2839356,2839356,1174,6197216283706380,6197216287706537
"HSA_CORE_API","hsa_signal_wait_scacquire",2839356,2839356,1175,6197216287707017,6197216291707164
"HSA_CORE_API","hsa_signal_wait_scacquire",2839356,2839356,1176,6197216291707654,6197216295707800
"HSA_CORE_API","hsa_signal_wait_scacquire",2839356,2839356,1177,6197216295708280,6197216299708427
"HSA_CORE_API","hsa_signal_wait_scacquire",2839356,2839356,1178,6197216299708897,6197216303709034
"HSA_CORE_API","hsa_signal_wait_scacquire",2839356,2839356,1179,6197216303709514,6197216307709660
"HSA_CORE_API","hsa_signal_wait_scacquire",2839356,2839356,1180,6197216307710200,6197216311710347
"HSA_CORE_API","hsa_signal_wait_scacquire",2839356,2839356,1181,6197216311711027,6197216315711173
"HSA_CORE_API","hsa_signal_wait_scacquire",2839356,2839356,1182,6197216315711653,6197216319711810
"HSA_CORE_API","hsa_signal_wait_scacquire",2839356,2839356,1183,6197216319712290,6197216323712447
"HSA_CORE_API","hsa_signal_wait_scacquire",2839356,2839356,1184,6197216323716906,6197216327717053
"HSA_CORE_API","hsa_signal_wait_scacquire",2839356,2839356,1185,6197216327717443,6197216331717590
"HSA_CORE_API","hsa_signal_wait_scacquire",2839356,2839356,1186,6197216331717890,6197216335718036
"HSA_CORE_API","hsa_signal_wait_scacquire",2839356,2839356,1187,6197216335718336,6197216339718483
"HSA_CORE_API","hsa_signal_wait_scacquire",2839356,2839356,1188,6197216339718963,6197216343719100
"HSA_CORE_API","hsa_signal_wait_scacquire",2839356,2839356,1189,6197216343719490,6197216347719826
"HSA_CORE_API","hsa_signal_wait_scacquire",2839356,2839356,1190,6197216347720306,6197216351720443
"HSA_CORE_API","hsa_signal_wait_scacquire",2839356,2839356,1191,6197216351720923,6197216355721070
"HSA_CORE_API","hsa_signal_wait_scacquire",2839356,2839356,1192,6197216355721640,6197216359721786
"HSA_CORE_API","hsa_signal_wait_scacquire",2839356,2839356,1193,6197216359722886,6197216363723033
"HSA_CORE_API","hsa_signal_wait_scacquire",2839356,2839356,1194,6197216363723693,6197216367723840
"HSA_CORE_API","hsa_signal_wait_scacquire",2839356,2839356,1195,6197216367724309,6197216371724456
"HSA_CORE_API","hsa_signal_wait_scacquire",2839356,2839356,1196,6197216371724936,6197216375725083
"HSA_CORE_API","hsa_signal_wait_scacquire",2839356,2839356,1197,6197216375725753,6197216379725899
"HSA_CORE_API","hsa_signal_wait_scacquire",2839356,2839356,1198,6197216379726999,6197216383727146
"HSA_CORE_API","hsa_signal_wait_scacquire",2839356,2839356,1199,6197216383727746,6197216387727893
"HSA_CORE_API","hsa_signal_wait_scacquire",2839356,2839356,1200,6197216387728373,6197216391728539
"HSA_CORE_API","hsa_signal_wait_scacquire",2839356,2839356,1201,6197216391729049,6197216395729196
"HSA_CORE_API","hsa_signal_wait_scacquire",2839356,2839356,1202,6197216395729666,6197216399729813
"HSA_CORE_API","hsa_signal_wait_scacquire",2839356,2839356,1203,6197216399730483,6197216403730629
"HSA_CORE_API","hsa_signal_wait_scacquire",2839356,2839356,1204,6197216403731119,6197216407731266
"HSA_CORE_API","hsa_signal_wait_scacquire",2839356,2839356,1205,6197216407731746,6197216411731882
"HSA_CORE_API","hsa_signal_wait_scacquire",2839356,2839356,1206,6197216411732372,6197216415732509
"HSA_CORE_API","hsa_signal_wait_scacquire",2839356,2839356,1207,6197216415732989,6197216419733126
"HSA_CORE_API","hsa_signal_wait_scacquire",2839356,2839356,1208,6197216419733606,6197216423733742
"HSA_CORE_API","hsa_signal_wait_scacquire",2839356,2839356,1209,6197216423734222,6197216427734369
"HSA_CORE_API","hsa_signal_wait_scacquire",2839356,2839356,1210,6197216427734849,6197216431735016
"HSA_CORE_API","hsa_signal_wait_scacquire",2839356,2839356,1211,6197216431735326,6197216435735462
"HSA_CORE_API","hsa_signal_wait_scacquire",2839356,2839356,1212,6197216435735762,6197216439735909
"HSA_CORE_API","hsa_signal_wait_scacquire",2839356,2839356,1213,6197216439736389,6197216443736535
"HSA_CORE_API","hsa_signal_wait_scacquire",2839356,2839356,1214,6197216443737015,6197216447737162
"HSA_CORE_API","hsa_signal_wait_scacquire",2839356,2839356,1215,6197216447737652,6197216451737799
"HSA_CORE_API","hsa_signal_wait_scacquire",2839356,2839356,1216,6197216451738089,6197216455738235
"HSA_CORE_API","hsa_signal_wait_scacquire",2839356,2839356,1217,6197216455742825,6197216459742972
"HSA_CORE_API","hsa_signal_wait_scacquire",2839356,2839356,1218,6197216459747192,6197216463747338
"HSA_CORE_API","hsa_signal_wait_scacquire",2839356,2839356,1219,6197216463747628,6197216467747775
"HSA_CORE_API","hsa_signal_wait_scacquire",2839356,2839356,1220,6197216467748255,6197216471748602
"HSA_CORE_API","hsa_signal_wait_scacquire",2839356,2839356,1221,6197216471749552,6197216475749768
"HSA_CORE_API","hsa_signal_wait_scacquire",2839356,2839356,1222,6197216475750838,6197216479750985
"HSA_CORE_API","hsa_signal_wait_scacquire",2839356,2839356,1223,6197216479751455,6197216483751602
"HSA_CORE_API","hsa_signal_wait_scacquire",2839356,2839356,1224,6197216483752462,6197216487752598
"HSA_CORE_API","hsa_signal_wait_scacquire",2839356,2839356,1225,6197216487753128,6197216491753275
"HSA_CORE_API","hsa_signal_wait_scacquire",2839356,2839356,1226,6197216491753765,6197216495753911
"HSA_CORE_API","hsa_signal_wait_scacquire",2839356,2839356,1227,6197216495754381,6197216499754528
"HSA_CORE_API","hsa_signal_wait_scacquire",2839356,2839356,1228,6197216499755218,6197216503755365
"HSA_CORE_API","hsa_signal_wait_scacquire",2839356,2839356,1229,6197216503756035,6197216507756181
"HSA_CORE_API","hsa_signal_wait_scacquire",2839356,2839356,1230,6197216507756661,6197216511756808
"HSA_CORE_API","hsa_signal_wait_scacquire",2839356,2839356,1231,6197216511757288,6197216515757435
"HSA_CORE_API","hsa_signal_wait_scacquire",2839356,2839356,1232,6197216515757915,6197216519758061
"HSA_CORE_API","hsa_signal_wait_scacquire",2839356,2839356,1233,6197216519758541,6197216523758688
"HSA_CORE_API","hsa_signal_wait_scacquire",2839356,2839356,1234,6197216523759158,6197216527759305
"HSA_CORE_API","hsa_signal_wait_scacquire",2839356,2839356,1235,6197216527759775,6197216531759931
"HSA_CORE_API","hsa_signal_wait_scacquire",2839356,2839356,1236,6197216531760421,6197216535760568
"HSA_CORE_API","hsa_signal_wait_scacquire",2839356,2839356,1237,6197216535761218,6197216539761374
"HSA_CORE_API","hsa_signal_wait_scacquire",2839356,2839356,1238,6197216539762074,6197216543762221
"HSA_CORE_API","hsa_signal_wait_scacquire",2839356,2839356,1239,6197216543762891,6197216547763038
"HSA_CORE_API","hsa_signal_wait_scacquire",2839356,2839356,1240,6197216547763528,6197216551763674
"HSA_CORE_API","hsa_signal_wait_scacquire",2839356,2839356,1241,6197216551764334,6197216555764481
"HSA_CORE_API","hsa_signal_wait_scacquire",2839356,2839356,1242,6197216555764951,6197216559765098
"HSA_CORE_API","hsa_signal_wait_scacquire",2839356,2839356,1243,6197216559765948,6197216563766094
"HSA_CORE_API","hsa_signal_wait_scacquire",2839356,2839356,1244,6197216563766594,6197216567766741
"HSA_CORE_API","hsa_signal_wait_scacquire",2839356,2839356,1245,6197216567767321,6197216571767467
"HSA_CORE_API","hsa_signal_wait_scacquire",2839356,2839356,1246,6197216571767947,6197216575768094
"HSA_CORE_API","hsa_signal_wait_scacquire",2839356,2839356,1247,6197216575768574,6197216579768711
"HSA_CORE_API","hsa_signal_wait_scacquire",2839356,2839356,1248,6197216579769561,6197216583769717
"HSA_CORE_API","hsa_signal_wait_scacquire",2839356,2839356,1249,6197216583770197,6197216587770344
"HSA_CORE_API","hsa_signal_wait_scacquire",2839356,2839356,1250,6197216587770824,6197216591770971
"HSA_CORE_API","hsa_signal_wait_scacquire",2839356,2839356,1251,6197216591771451,6197216595771607
"HSA_CORE_API","hsa_signal_wait_scacquire",2839356,2839356,1252,6197216595772447,6197216599772594
"HSA_CORE_API","hsa_signal_wait_scacquire",2839356,2839356,1253,6197216599773074,6197216603773220
"HSA_CORE_API","hsa_signal_wait_scacquire",2839356,2839356,1254,6197216603773700,6197216607773847
"HSA_CORE_API","hsa_signal_wait_scacquire",2839356,2839356,1255,6197216607774907,6197216611775054
"HSA_CORE_API","hsa_signal_wait_scacquire",2839356,2839356,1256,6197216611775524,6197216615775680
"HSA_CORE_API","hsa_signal_wait_scacquire",2839356,2839356,1257,6197216615776170,6197216619776317
"HSA_CORE_API","hsa_signal_wait_scacquire",2839356,2839356,1258,6197216619783707,6197216623783843
"HSA_CORE_API","hsa_signal_wait_scacquire",2839356,2839356,1259,6197216623784353,6197216627784500
"HSA_CORE_API","hsa_signal_wait_scacquire",2839356,2839356,1260,6197216627784980,6197216631785127
"HSA_CORE_API","hsa_signal_wait_scacquire",2839356,2839356,1261,6197216631785427,6197216635785573
"HSA_CORE_API","hsa_signal_wait_scacquire",2839356,2839356,1262,6197216635785953,6197216639786110
"HSA_CORE_API","hsa_signal_wait_scacquire",2839356,2839356,1263,6197216639786590,6197216643786757
"HSA_CORE_API","hsa_signal_wait_scacquire",2839356,2839356,1264,6197216643787247,6197216647787403
"HSA_CORE_API","hsa_signal_wait_scacquire",2839356,2839356,1265,6197216647787883,6197216651788030
"HSA_CORE_API","hsa_signal_wait_scacquire",2839356,2839356,1266,6197216651788510,6197216655788657
"HSA_CORE_API","hsa_signal_wait_scacquire",2839356,2839356,1267,6197216655789357,6197216659789503
"HSA_CORE_API","hsa_signal_wait_scacquire",2839356,2839356,1268,6197216659789983,6197216663790130
"HSA_CORE_API","hsa_signal_wait_scacquire",2839356,2839356,1269,6197216663790800,6197216667790946
"HSA_CORE_API","hsa_signal_wait_scacquire",2839356,2839356,1270,6197216667791426,6197216671791573
"HSA_CORE_API","hsa_signal_wait_scacquire",2839356,2839356,1271,6197216671792243,6197216675792390
"HSA_CORE_API","hsa_signal_wait_scacquire",2839356,2839356,1272,6197216675792870,6197216679793006
"HSA_CORE_API","hsa_signal_wait_scacquire",2839356,2839356,1273,6197216679793486,6197216683793623
"HSA_CORE_API","hsa_signal_wait_scacquire",2839356,2839356,1274,6197216683794113,6197216687794260
"HSA_CORE_API","hsa_signal_wait_scacquire",2839356,2839356,1275,6197216687794750,6197216691794886
"HSA_CORE_API","hsa_signal_wait_scacquire",2839356,2839356,1276,6197216691795186,6197216695795333
"HSA_CORE_API","hsa_signal_wait_scacquire",2839356,2839356,1277,6197216695795813,6197216699795960
"HSA_CORE_API","hsa_signal_wait_scacquire",2839356,2839356,1278,6197216699796440,6197216703796576
"HSA_CORE_API","hsa_signal_wait_scacquire",2839356,2839356,1279,6197216703797066,6197216707797213
"HSA_CORE_API","hsa_signal_wait_scacquire",2839356,2839356,1280,6197216707797703,6197216711797859
"HSA_CORE_API","hsa_signal_wait_scacquire",2839356,2839356,1281,6197216711798829,6197216715798976
"HSA_CORE_API","hsa_signal_wait_scacquire",2839356,2839356,1282,6197216715806186,6197216719806523
"HSA_CORE_API","hsa_signal_wait_scacquire",2839356,2839356,1283,6197216719806823,6197216723806969
"HSA_CORE_API","hsa_signal_wait_scacquire",2839356,2839356,1284,6197216723807459,6197216727807616
"HSA_CORE_API","hsa_signal_wait_scacquire",2839356,2839356,1285,6197216727808106,6197216731808252
"HSA_CORE_API","hsa_signal_wait_scacquire",2839356,2839356,1286,6197216731808542,6197216735808719
"HSA_CORE_API","hsa_signal_wait_scacquire",2839356,2839356,1287,6197216735809019,6197216739809166
"HSA_CORE_API","hsa_signal_wait_scacquire",2839356,2839356,1288,6197216739809656,6197216743809802
"HSA_CORE_API","hsa_signal_wait_scacquire",2839356,2839356,1289,6197216743810292,6197216747810439
"HSA_CORE_API","hsa_signal_wait_scacquire",2839356,2839356,1290,6197216747810929,6197216751811066
"HSA_CORE_API","hsa_signal_wait_scacquire",2839356,2839356,1291,6197216751811566,6197216755811712
"HSA_CORE_API","hsa_signal_wait_scacquire",2839356,2839356,1292,6197216755812002,6197216759812149
"HSA_CORE_API","hsa_signal_wait_scacquire",2839356,2839356,1293,6197216759812639,6197216763812786
"HSA_CORE_API","hsa_signal_wait_scacquire",2839356,2839356,1294,6197216763813286,6197216767813432
"HSA_CORE_API","hsa_signal_wait_scacquire",2839356,2839356,1295,6197216767813922,6197216771814079
"HSA_CORE_API","hsa_signal_wait_scacquire",2839356,2839356,1296,6197216771814559,6197216775814705
"HSA_CORE_API","hsa_signal_wait_scacquire",2839356,2839356,1297,6197216775815195,6197216779815342
"HSA_CORE_API","hsa_signal_wait_scacquire",2839356,2839356,1298,6197216779815832,6197216783815979
"HSA_CORE_API","hsa_signal_wait_scacquire",2839356,2839356,1299,6197216783816469,6197216787816615
"HSA_CORE_API","hsa_signal_wait_scacquire",2839356,2839356,1300,6197216787817105,6197216791817282
"HSA_CORE_API","hsa_signal_wait_scacquire",2839356,2839356,1301,6197216791817592,6197216795817749
"HSA_CORE_API","hsa_signal_wait_scacquire",2839356,2839356,1302,6197216795818389,6197216799818535
"HSA_CORE_API","hsa_signal_wait_scacquire",2839356,2839356,1303,6197216799819025,6197216803819182
"HSA_CORE_API","hsa_signal_wait_scacquire",2839356,2839356,1304,6197216803819762,6197216807819908
"HSA_CORE_API","hsa_signal_wait_scacquire",2839356,2839356,1305,6197216807820398,6197216811820545
"HSA_CORE_API","hsa_signal_wait_scacquire",2839356,2839356,1306,6197216811821035,6197216815821182
"HSA_CORE_API","hsa_signal_wait_scacquire",2839356,2839356,1307,6197216815821472,6197216819821608
"HSA_CORE_API","hsa_signal_wait_scacquire",2839356,2839356,1308,6197216819822098,6197216823822245
"HSA_CORE_API","hsa_signal_wait_scacquire",2839356,2839356,1309,6197216823822745,6197216827822882
"HSA_CORE_API","hsa_signal_wait_scacquire",2839356,2839356,1310,6197216827823362,6197216831823508
"HSA_CORE_API","hsa_signal_wait_scacquire",2839356,2839356,1311,6197216831823998,6197216835824155
"HSA_CORE_API","hsa_signal_wait_scacquire",2839356,2839356,1312,6197216835824615,6197216839824992
"HSA_CORE_API","hsa_signal_wait_scacquire",2839356,2839356,1313,6197216839825492,6197216843825648
"HSA_CORE_API","hsa_signal_wait_scacquire",2839356,2839356,1314,6197216843826488,6197216847826635
"HSA_CORE_API","hsa_signal_wait_scacquire",2839356,2839356,1315,6197216847827115,6197216851827251
"HSA_CORE_API","hsa_signal_wait_scacquire",2839356,2839356,1316,6197216851827741,6197216855827898
"HSA_CORE_API","hsa_signal_wait_scacquire",2839356,2839356,1317,6197216855828188,6197216859828345
"HSA_CORE_API","hsa_signal_wait_scacquire",2839356,2839356,1318,6197216859828835,6197216863828971
"HSA_CORE_API","hsa_signal_wait_scacquire",2839356,2839356,1319,6197216863829271,6197216867829428
"HSA_CORE_API","hsa_signal_wait_scacquire",2839356,2839356,1320,6197216867829908,6197216871830045
"HSA_CORE_API","hsa_signal_wait_scacquire",2839356,2839356,1321,6197216871830525,6197216875830661
"HSA_CORE_API","hsa_signal_wait_scacquire",2839356,2839356,1322,6197216875831241,6197216879831388
"HSA_CORE_API","hsa_signal_wait_scacquire",2839356,2839356,1323,6197216879831678,6197216883831825
"HSA_CORE_API","hsa_signal_wait_scacquire",2839356,2839356,1324,6197216883832485,6197216887832631
"HSA_CORE_API","hsa_signal_wait_scacquire",2839356,2839356,1325,6197216887833291,6197216891833438
"HSA_CORE_API","hsa_signal_wait_scacquire",2839356,2839356,1326,6197216891833918,6197216895834064
"HSA_CORE_API","hsa_signal_wait_scacquire",2839356,2839356,1327,6197216895834544,6197216899834691
"HSA_CORE_API","hsa_signal_wait_scacquire",2839356,2839356,1328,6197216899835161,6197216903835308
"HSA_CORE_API","hsa_signal_wait_scacquire",2839356,2839356,1329,6197216903835778,6197216907835924
"HSA_CORE_API","hsa_signal_wait_scacquire",2839356,2839356,1330,6197216907836404,6197216911836711
"HSA_CORE_API","hsa_signal_wait_scacquire",2839356,2839356,1331,6197216911837181,6197216915837338
"HSA_CORE_API","hsa_signal_wait_scacquire",2839356,2839356,1332,6197216915837818,6197216919837954
"HSA_CORE_API","hsa_signal_wait_scacquire",2839356,2839356,1333,6197216919838434,6197216923838571
"HSA_CORE_API","hsa_signal_wait_scacquire",2839356,2839356,1334,6197216923839061,6197216927839208
"HSA_CORE_API","hsa_signal_wait_scacquire",2839356,2839356,1335,6197216927839678,6197216931839824
"HSA_CORE_API","hsa_signal_wait_scacquire",2839356,2839356,1336,6197216931840124,6197216935840281
"HSA_CORE_API","hsa_signal_wait_scacquire",2839356,2839356,1337,6197216935840581,6197216939840728
"HSA_CORE_API","hsa_signal_wait_scacquire",2839356,2839356,1338,6197216939841198,6197216943841334
"HSA_CORE_API","hsa_signal_wait_scacquire",2839356,2839356,1339,6197216943841814,6197216947841951
"HSA_CORE_API","hsa_signal_wait_scacquire",2839356,2839356,1340,6197216947842241,6197216951842377
"HSA_CORE_API","hsa_signal_wait_scacquire",2839356,2839356,1341,6197216951842867,6197216955843014
"HSA_CORE_API","hsa_signal_wait_scacquire",2839356,2839356,1342,6197216955843494,6197216959843641
"HSA_CORE_API","hsa_signal_wait_scacquire",2839356,2839356,1343,6197216959844121,6197216963844267
"HSA_CORE_API","hsa_signal_wait_scacquire",2839356,2839356,1344,6197216963844737,6197216967844874
"HSA_CORE_API","hsa_signal_wait_scacquire",2839356,2839356,1345,6197216967845704,6197216971845841
"HSA_CORE_API","hsa_signal_wait_scacquire",2839356,2839356,1346,6197216971853910,6197216975854057
"HSA_CORE_API","hsa_signal_wait_scacquire",2839356,2839356,1347,6197216975854347,6197216979854674
"HSA_CORE_API","hsa_signal_wait_scacquire",2839356,2839356,1348,6197216979855344,6197216983855480
"HSA_CORE_API","hsa_signal_wait_scacquire",2839356,2839356,1349,6197216983855960,6197216987856107
"HSA_CORE_API","hsa_signal_wait_scacquire",2839356,2839356,1350,6197216987856587,6197216991856874
"HSA_CORE_API","hsa_signal_wait_scacquire",2839356,2839356,1351,6197216991857364,6197216995857510
"HSA_CORE_API","hsa_signal_wait_scacquire",2839356,2839356,1352,6197216995857990,6197216999858127
"HSA_CORE_API","hsa_signal_wait_scacquire",2839356,2839356,1353,6197216999858617,6197217003858764
"HSA_CORE_API","hsa_signal_wait_scacquire",2839356,2839356,1354,6197217003859244,6197217007859380
"HSA_CORE_API","hsa_signal_wait_scacquire",2839356,2839356,1355,6197217007859670,6197217011859817
"HSA_CORE_API","hsa_signal_wait_scacquire",2839356,2839356,1356,6197217011860307,6197217015860453
"HSA_CORE_API","hsa_signal_wait_scacquire",2839356,2839356,1357,6197217015860933,6197217019861090
"HSA_CORE_API","hsa_signal_wait_scacquire",2839356,2839356,1358,6197217019861920,6197217023862057
"HSA_CORE_API","hsa_signal_wait_scacquire",2839356,2839356,1359,6197217023862537,6197217027862693
"HSA_CORE_API","hsa_signal_wait_scacquire",2839356,2839356,1360,6197217027863173,6197217031863320
"HSA_CORE_API","hsa_signal_wait_scacquire",2839356,2839356,1361,6197217031863840,6197217035863987
"HSA_CORE_API","hsa_signal_wait_scacquire",2839356,2839356,1362,6197217035864647,6197217039864783
"HSA_CORE_API","hsa_signal_wait_scacquire",2839356,2839356,1363,6197217039865263,6197217043865410
"HSA_CORE_API","hsa_signal_wait_scacquire",2839356,2839356,1364,6197217043866070,6197217047866277
"HSA_CORE_API","hsa_signal_wait_scacquire",2839356,2839356,1365,6197217047866597,6197217051866773
"HSA_CORE_API","hsa_signal_wait_scacquire",2839356,2839356,1366,6197217051867063,6197217055867220
"HSA_CORE_API","hsa_signal_wait_scacquire",2839356,2839356,1367,6197217055867710,6197217059867846
"HSA_CORE_API","hsa_signal_wait_scacquire",2839356,2839356,1368,6197217059868326,6197217063868463
"HSA_CORE_API","hsa_signal_wait_scacquire",2839356,2839356,1369,6197217063868933,6197217067869110
"HSA_CORE_API","hsa_signal_wait_scacquire",2839356,2839356,1370,6197217067869410,6197217071869546
"HSA_CORE_API","hsa_signal_wait_scacquire",2839356,2839356,1371,6197217071870016,6197217075870153
"HSA_CORE_API","hsa_signal_wait_scacquire",2839356,2839356,1372,6197217075870623,6197217079870760
"HSA_CORE_API","hsa_signal_wait_scacquire",2839356,2839356,1373,6197217079871640,6197217083871776
"HSA_CORE_API","hsa_signal_wait_scacquire",2839356,2839356,1374,6197217083872306,6197217087872453
"HSA_CORE_API","hsa_signal_wait_scacquire",2839356,2839356,1375,6197217087872933,6197217091873070
"HSA_CORE_API","hsa_signal_wait_scacquire",2839356,2839356,1376,6197217091873550,6197217095873696
"HSA_CORE_API","hsa_signal_wait_scacquire",2839356,2839356,1377,6197217095874176,6197217099874323
"HSA_CORE_API","hsa_signal_wait_scacquire",2839356,2839356,1378,6197217099874803,6197217103874949
"HSA_CORE_API","hsa_signal_wait_scacquire",2839356,2839356,1379,6197217103875429,6197217107875576
"HSA_CORE_API","hsa_signal_wait_scacquire",2839356,2839356,1380,6197217107876056,6197217111876383
"HSA_CORE_API","hsa_signal_wait_scacquire",2839356,2839356,1381,6197217111876863,6197217115877009
"HSA_CORE_API","hsa_signal_wait_scacquire",2839356,2839356,1382,6197217115877489,6197217119877636
"HSA_CORE_API","hsa_signal_wait_scacquire",2839356,2839356,1383,6197217119878126,6197217123878273
"HSA_CORE_API","hsa_signal_wait_scacquire",2839356,2839356,1384,6197217123883013,6197217127883189
"HSA_CORE_API","hsa_signal_wait_scacquire",2839356,2839356,1385,6197217127883799,6197217131883946
"HSA_CORE_API","hsa_signal_wait_scacquire",2839356,2839356,1386,6197217131885226,6197217135885362
"HSA_CORE_API","hsa_signal_wait_scacquire",2839356,2839356,1387,6197217135885662,6197217139885809
"HSA_CORE_API","hsa_signal_wait_scacquire",2839356,2839356,1388,6197217139886289,6197217143886436
"HSA_CORE_API","hsa_signal_wait_scacquire",2839356,2839356,1389,6197217143886916,6197217147887062
"HSA_CORE_API","hsa_signal_wait_scacquire",2839356,2839356,1390,6197217147887542,6197217151887689
"HSA_CORE_API","hsa_signal_wait_scacquire",2839356,2839356,1391,6197217151888169,6197217155888306
"HSA_CORE_API","hsa_signal_wait_scacquire",2839356,2839356,1392,6197217155888866,6197217159889002
"HSA_CORE_API","hsa_signal_wait_scacquire",2839356,2839356,1393,6197217159889482,6197217163889629
"HSA_CORE_API","hsa_signal_wait_scacquire",2839356,2839356,1394,6197217163890099,6197217167890246
"HSA_CORE_API","hsa_signal_wait_scacquire",2839356,2839356,1395,6197217167890716,6197217171890862
"HSA_CORE_API","hsa_signal_wait_scacquire",2839356,2839356,1396,6197217171892032,6197217175892179
"HSA_CORE_API","hsa_signal_wait_scacquire",2839356,2839356,1397,6197217175892479,6197217179892625
"HSA_CORE_API","hsa_signal_wait_scacquire",2839356,2839356,1398,6197217179893295,6197217183893442
"HSA_CORE_API","hsa_signal_wait_scacquire",2839356,2839356,1399,6197217183893922,6197217187894069
"HSA_CORE_API","hsa_signal_wait_scacquire",2839356,2839356,1400,6197217187894779,6197217191894925
"HSA_CORE_API","hsa_signal_wait_scacquire",2839356,2839356,1401,6197217191895405,6197217195895552
"HSA_CORE_API","hsa_signal_wait_scacquire",2839356,2839356,1402,6197217195895842,6197217199895989
"HSA_CORE_API","hsa_signal_wait_scacquire",2839356,2839356,1403,6197217199896459,6197217203896615
"HSA_CORE_API","hsa_signal_wait_scacquire",2839356,2839356,1404,6197217203897095,6197217207897232
"HSA_CORE_API","hsa_signal_wait_scacquire",2839356,2839356,1405,6197217207898132,6197217211898289
"HSA_CORE_API","hsa_signal_wait_scacquire",2839356,2839356,1406,6197217211899139,6197217215899285
"HSA_CORE_API","hsa_signal_wait_scacquire",2839356,2839356,1407,6197217215899765,6197217219899912
"HSA_CORE_API","hsa_signal_wait_scacquire",2839356,2839356,1408,6197217219900402,6197217223900548
"HSA_CORE_API","hsa_signal_wait_scacquire",2839356,2839356,1409,6197217223901268,6197217227901415
"HSA_CORE_API","hsa_signal_wait_scacquire",2839356,2839356,1410,6197217227905185,6197217231905342
"HSA_CORE_API","hsa_signal_wait_scacquire",2839356,2839356,1411,6197217231905632,6197217235905788
"HSA_CORE_API","hsa_signal_wait_scacquire",2839356,2839356,1412,6197217235906078,6197217239906225
"HSA_CORE_API","hsa_signal_wait_scacquire",2839356,2839356,1413,6197217239906705,6197217243906872
"HSA_CORE_API","hsa_signal_wait_scacquire",2839356,2839356,1414,6197217243907932,6197217247908078
"HSA_CORE_API","hsa_signal_wait_scacquire",2839356,2839356,1415,6197217247908758,6197217251908905
"HSA_CORE_API","hsa_signal_wait_scacquire",2839356,2839356,1416,6197217251909385,6197217255909531
"HSA_CORE_API","hsa_signal_wait_scacquire",2839356,2839356,1417,6197217255910011,6197217259910158
"HSA_CORE_API","hsa_signal_wait_scacquire",2839356,2839356,1418,6197217259910448,6197217263910595
"HSA_CORE_API","hsa_signal_wait_scacquire",2839356,2839356,1419,6197217263911075,6197217267911221
"HSA_CORE_API","hsa_signal_wait_scacquire",2839356,2839356,1420,6197217267911701,6197217271911848
"HSA_CORE_API","hsa_signal_wait_scacquire",2839356,2839356,1421,6197217271912328,6197217275912475
"HSA_CORE_API","hsa_signal_wait_scacquire",2839356,2839356,1422,6197217275912955,6197217279913101
"HSA_CORE_API","hsa_signal_wait_scacquire",2839356,2839356,1423,6197217279913571,6197217283913708
"HSA_CORE_API","hsa_signal_wait_scacquire",2839356,2839356,1424,6197217283914188,6197217287914325
"HSA_CORE_API","hsa_signal_wait_scacquire",2839356,2839356,1425,6197217287915515,6197217291915661
"HSA_CORE_API","hsa_signal_wait_scacquire",2839356,2839356,1426,6197217291916131,6197217295916278
"HSA_CORE_API","hsa_signal_wait_scacquire",2839356,2839356,1427,6197217295916768,6197217299916904
"HSA_CORE_API","hsa_signal_wait_scacquire",2839356,2839356,1428,6197217299917374,6197217303917561
"HSA_CORE_API","hsa_signal_wait_scacquire",2839356,2839356,1429,6197217303917871,6197217307918028
"HSA_CORE_API","hsa_signal_wait_scacquire",2839356,2839356,1430,6197217307918318,6197217311918484
"HSA_CORE_API","hsa_signal_wait_scacquire",2839356,2839356,1431,6197217311918964,6197217315919111
"HSA_CORE_API","hsa_signal_wait_scacquire",2839356,2839356,1432,6197217315919781,6197217319919928
"HSA_CORE_API","hsa_signal_wait_scacquire",2839356,2839356,1433,6197217319920218,6197217323920364
"HSA_CORE_API","hsa_signal_wait_scacquire",2839356,2839356,1434,6197217323920844,6197217327920981
"HSA_CORE_API","hsa_signal_wait_scacquire",2839356,2839356,1435,6197217327921651,6197217331921797
"HSA_CORE_API","hsa_signal_wait_scacquire",2839356,2839356,1436,6197217331923037,6197217335923194
"HSA_CORE_API","hsa_signal_wait_scacquire",2839356,2839356,1437,6197217335923484,6197217339923651
"HSA_CORE_API","hsa_signal_wait_scacquire",2839356,2839356,1438,6197217339924141,6197217343924287
"HSA_CORE_API","hsa_signal_wait_scacquire",2839356,2839356,1439,6197217343924757,6197217347924904
"HSA_CORE_API","hsa_signal_wait_scacquire",2839356,2839356,1440,6197217347925464,6197217351925611
"HSA_CORE_API","hsa_signal_wait_scacquire",2839356,2839356,1441,6197217351926091,6197217355926237
"HSA_CORE_API","hsa_signal_wait_scacquire",2839356,2839356,1442,6197217355926707,6197217359926854
"HSA_CORE_API","hsa_signal_wait_scacquire",2839356,2839356,1443,6197217359927334,6197217363927480
"HSA_CORE_API","hsa_signal_wait_scacquire",2839356,2839356,1444,6197217363927960,6197217367928137
"HSA_CORE_API","hsa_signal_wait_scacquire",2839356,2839356,1445,6197217367928447,6197217371928594
"HSA_CORE_API","hsa_signal_wait_scacquire",2839356,2839356,1446,6197217371928884,6197217375929020
"HSA_CORE_API","hsa_signal_wait_scacquire",2839356,2839356,1447,6197217375929500,6197217379929647
"HSA_CORE_API","hsa_signal_wait_scacquire",2839356,2839356,1448,6197217379930127,6197217383930274
"HSA_CORE_API","hsa_signal_wait_scacquire",2839356,2839356,1449,6197217383930564,6197217387930710
"HSA_CORE_API","hsa_signal_wait_scacquire",2839356,2839356,1450,6197217387931190,6197217391931337
"HSA_CORE_API","hsa_signal_wait_scacquire",2839356,2839356,1451,6197217391931807,6197217395931954
"HSA_CORE_API","hsa_signal_wait_scacquire",2839356,2839356,1452,6197217395932434,6197217399932580
"HSA_CORE_API","hsa_signal_wait_scacquire",2839356,2839356,1453,6197217399933070,6197217403933217
"HSA_CORE_API","hsa_signal_wait_scacquire",2839356,2839356,1454,6197217403933697,6197217407933844
"HSA_CORE_API","hsa_signal_wait_scacquire",2839356,2839356,1455,6197217407934314,6197217411934450
"HSA_CORE_API","hsa_signal_wait_scacquire",2839356,2839356,1456,6197217411935110,6197217415935277
"HSA_CORE_API","hsa_signal_wait_scacquire",2839356,2839356,1457,6197217415935577,6197217419935723
"HSA_CORE_API","hsa_signal_wait_scacquire",2839356,2839356,1458,6197217419936203,6197217423936350
"HSA_CORE_API","hsa_signal_wait_scacquire",2839356,2839356,1459,6197217423936820,6197217427936957
"HSA_CORE_API","hsa_signal_wait_scacquire",2839356,2839356,1460,6197217427938127,6197217431938303
"HSA_CORE_API","hsa_signal_wait_scacquire",2839356,2839356,1461,6197217431939193,6197217435939340
"HSA_CORE_API","hsa_signal_wait_scacquire",2839356,2839356,1462,6197217435939900,6197217439940047
"HSA_CORE_API","hsa_signal_wait_scacquire",2839356,2839356,1463,6197217439940527,6197217443940673
"HSA_CORE_API","hsa_signal_wait_scacquire",2839356,2839356,1464,6197217443941553,6197217447941700
"HSA_CORE_API","hsa_signal_wait_scacquire",2839356,2839356,1465,6197217447942180,6197217451942337
"HSA_CORE_API","hsa_signal_wait_scacquire",2839356,2839356,1466,6197217451942806,6197217455942953
"HSA_CORE_API","hsa_signal_wait_scacquire",2839356,2839356,1467,6197217455943433,6197217459943570
"HSA_CORE_API","hsa_signal_wait_scacquire",2839356,2839356,1468,6197217459944840,6197217463944986
"HSA_CORE_API","hsa_signal_wait_scacquire",2839356,2839356,1469,6197217463945646,6197217467945793
"HSA_CORE_API","hsa_signal_wait_scacquire",2839356,2839356,1470,6197217467949563,6197217471949720
"HSA_CORE_API","hsa_signal_wait_scacquire",2839356,2839356,1471,6197217471950020,6197217475950186
"HSA_CORE_API","hsa_signal_wait_scacquire",2839356,2839356,1472,6197217475950676,6197217479950843
"HSA_CORE_API","hsa_signal_wait_scacquire",2839356,2839356,1473,6197217479952433,6197217483952589
"HSA_CORE_API","hsa_signal_wait_scacquire",2839356,2839356,1474,6197217483956999,6197217487957156
"HSA_CORE_API","hsa_signal_wait_scacquire",2839356,2839356,1475,6197217487957446,6197217491957593
"HSA_CORE_API","hsa_signal_wait_scacquire",2839356,2839356,1476,6197217491958073,6197217495958219
"HSA_CORE_API","hsa_signal_wait_scacquire",2839356,2839356,1477,6197217495958689,6197217499958856
"HSA_CORE_API","hsa_signal_wait_scacquire",2839356,2839356,1478,6197217499959326,6197217503959473
"HSA_CORE_API","hsa_signal_wait_scacquire",2839356,2839356,1479,6197217503959943,6197217507960079
"HSA_CORE_API","hsa_signal_wait_scacquire",2839356,2839356,1480,6197217507960379,6197217511960526
"HSA_CORE_API","hsa_signal_wait_scacquire",2839356,2839356,1481,6197217511961006,6197217515961172
"HSA_CORE_API","hsa_signal_wait_scacquire",2839356,2839356,1482,6197217515961462,6197217519961609
"HSA_CORE_API","hsa_signal_wait_scacquire",2839356,2839356,1483,6197217519962089,6197217523962236
"HSA_CORE_API","hsa_signal_wait_scacquire",2839356,2839356,1484,6197217523962716,6197217527962862
"HSA_CORE_API","hsa_signal_wait_scacquire",2839356,2839356,1485,6197217527963342,6197217531963489
"HSA_CORE_API","hsa_signal_wait_scacquire",2839356,2839356,1486,6197217531963789,6197217535963936
"HSA_CORE_API","hsa_signal_wait_scacquire",2839356,2839356,1487,6197217535964226,6197217539964382
"HSA_CORE_API","hsa_signal_wait_scacquire",2839356,2839356,1488,6197217539964862,6197217543965009
"HSA_CORE_API","hsa_signal_wait_scacquire",2839356,2839356,1489,6197217543965489,6197217547965636
"HSA_CORE_API","hsa_signal_wait_scacquire",2839356,2839356,1490,6197217547966116,6197217551966262
"HSA_CORE_API","hsa_signal_wait_scacquire",2839356,2839356,1491,6197217551966742,6197217555966879
"HSA_CORE_API","hsa_signal_wait_scacquire",2839356,2839356,1492,6197217555967369,6197217559967526
"HSA_CORE_API","hsa_signal_wait_scacquire",2839356,2839356,1493,6197217559968006,6197217563968152
"HSA_CORE_API","hsa_signal_wait_scacquire",2839356,2839356,1494,6197217563968632,6197217567968789
"HSA_CORE_API","hsa_signal_wait_scacquire",2839356,2839356,1495,6197217567969269,6197217571969415
"HSA_CORE_API","hsa_signal_wait_scacquire",2839356,2839356,1496,6197217571969715,6197217575969862
"HSA_CORE_API","hsa_signal_wait_scacquire",2839356,2839356,1497,6197217575970342,6197217579970489
"HSA_CORE_API","hsa_signal_wait_scacquire",2839356,2839356,1498,6197217579970969,6197217583971125
"HSA_CORE_API","hsa_signal_wait_scacquire",2839356,2839356,1499,6197217583971595,6197217587971742
"HSA_CORE_API","hsa_signal_wait_scacquire",2839356,2839356,1500,6197217587972222,6197217591972369
"HSA_CORE_API","hsa_signal_wait_scacquire",2839356,2839356,1501,6197217591972849,6197217595973005
"HSA_CORE_API","hsa_signal_wait_scacquire",2839356,2839356,1502,6197217595973485,6197217599973632
"HSA_CORE_API","hsa_signal_wait_scacquire",2839356,2839356,1503,6197217599974112,6197217603974259
"HSA_CORE_API","hsa_signal_wait_scacquire",2839356,2839356,1504,6197217603974739,6197217607974885
"HSA_CORE_API","hsa_signal_wait_scacquire",2839356,2839356,1505,6197217607975355,6197217611975522
"HSA_CORE_API","hsa_signal_wait_scacquire",2839356,2839356,1506,6197217611976002,6197217615976148
"HSA_CORE_API","hsa_signal_wait_scacquire",2839356,2839356,1507,6197217615976618,6197217619976775
"HSA_CORE_API","hsa_signal_wait_scacquire",2839356,2839356,1508,6197217619977255,6197217623977412
"HSA_CORE_API","hsa_signal_wait_scacquire",2839356,2839356,1509,6197217623977892,6197217627978028
"HSA_CORE_API","hsa_signal_wait_scacquire",2839356,2839356,1510,6197217627978498,6197217631978675
"HSA_CORE_API","hsa_signal_wait_scacquire",2839356,2839356,1511,6197217631979165,6197217635979312
"HSA_CORE_API","hsa_signal_wait_scacquire",2839356,2839356,1512,6197217635979602,6197217639979758
"HSA_CORE_API","hsa_signal_wait_scacquire",2839356,2839356,1513,6197217639980238,6197217643980385
"HSA_CORE_API","hsa_signal_wait_scacquire",2839356,2839356,1514,6197217643980865,6197217647981012
"HSA_CORE_API","hsa_signal_wait_scacquire",2839356,2839356,1515,6197217647981492,6197217651981648
"HSA_CORE_API","hsa_signal_wait_scacquire",2839356,2839356,1516,6197217651982128,6197217655982275
"HSA_CORE_API","hsa_signal_wait_scacquire",2839356,2839356,1517,6197217655982745,6197217659982911
"HSA_CORE_API","hsa_signal_wait_scacquire",2839356,2839356,1518,6197217659983391,6197217663983528
"HSA_CORE_API","hsa_signal_wait_scacquire",2839356,2839356,1519,6197217663984008,6197217667984155
"HSA_CORE_API","hsa_signal_wait_scacquire",2839356,2839356,1520,6197217667984635,6197217671984811
"HSA_CORE_API","hsa_signal_wait_scacquire",2839356,2839356,1521,6197217671985301,6197217675985448
"HSA_CORE_API","hsa_signal_wait_scacquire",2839356,2839356,1522,6197217675985938,6197217679987405
"HSA_CORE_API","hsa_signal_wait_scacquire",2839356,2839356,1523,6197217679989275,6197217683989421
"HSA_CORE_API","hsa_signal_wait_scacquire",2839356,2839356,1524,6197217683989711,6197217687989868
"HSA_CORE_API","hsa_signal_wait_scacquire",2839356,2839356,1525,6197217687990348,6197217691990495
"HSA_CORE_API","hsa_signal_wait_scacquire",2839356,2839356,1526,6197217691990975,6197217695991121
"HSA_CORE_API","hsa_signal_wait_scacquire",2839356,2839356,1527,6197217695991591,6197217699991828
"HSA_CORE_API","hsa_signal_wait_scacquire",2839356,2839356,1528,6197217699992328,6197217703992494
"HSA_CORE_API","hsa_signal_wait_scacquire",2839356,2839356,1529,6197217703992984,6197217707993141
"HSA_CORE_API","hsa_signal_wait_scacquire",2839356,2839356,1530,6197217707993611,6197217711993758
"HSA_CORE_API","hsa_signal_wait_scacquire",2839356,2839356,1531,6197217711994048,6197217715994194
"HSA_CORE_API","hsa_signal_wait_scacquire",2839356,2839356,1532,6197217715994674,6197217719994821
"HSA_CORE_API","hsa_signal_wait_scacquire",2839356,2839356,1533,6197217719995301,6197217723995448
"HSA_CORE_API","hsa_signal_wait_scacquire",2839356,2839356,1534,6197217723995928,6197217727996074
"HSA_CORE_API","hsa_signal_wait_scacquire",2839356,2839356,1535,6197217727996554,6197217731996701
"HSA_CORE_API","hsa_signal_wait_scacquire",2839356,2839356,1536,6197217731997001,6197217735997168
"HSA_CORE_API","hsa_signal_wait_scacquire",2839356,2839356,1537,6197217735998378,6197217739998524
"HSA_CORE_API","hsa_signal_wait_scacquire",2839356,2839356,1538,6197217740004064,6197217744004211
"HSA_CORE_API","hsa_signal_wait_scacquire",2839356,2839356,1539,6197217744004691,6197217748004887
"HSA_CORE_API","hsa_signal_wait_scacquire",2839356,2839356,1540,6197217748005267,6197217752005464
"HSA_CORE_API","hsa_signal_wait_scacquire",2839356,2839356,1541,6197217752005774,6197217756005971
"HSA_CORE_API","hsa_signal_wait_scacquire",2839356,2839356,1542,6197217756006271,6197217760006467
"HSA_CORE_API","hsa_signal_wait_scacquire",2839356,2839356,1543,6197217760006867,6197217764007014
"HSA_CORE_API","hsa_signal_wait_scacquire",2839356,2839356,1544,6197217764007304,6197217768007451
"HSA_CORE_API","hsa_signal_wait_scacquire",2839356,2839356,1545,6197217768007931,6197217772008077
"HSA_CORE_API","hsa_signal_wait_scacquire",2839356,2839356,1546,6197217772008667,6197217776008824
"HSA_CORE_API","hsa_signal_wait_scacquire",2839356,2839356,1547,6197217776009214,6197217780009360
"HSA_CORE_API","hsa_signal_wait_scacquire",2839356,2839356,1548,6197217780009840,6197217784009987
"HSA_CORE_API","hsa_signal_wait_scacquire",2839356,2839356,1549,6197217784010477,6197217788010624
"HSA_CORE_API","hsa_signal_wait_scacquire",2839356,2839356,1550,6197217788011094,6197217792011240
"HSA_CORE_API","hsa_signal_wait_scacquire",2839356,2839356,1551,6197217792011720,6197217796011867
"HSA_CORE_API","hsa_signal_wait_scacquire",2839356,2839356,1552,6197217796012347,6197217800012494
"HSA_CORE_API","hsa_signal_wait_scacquire",2839356,2839356,1553,6197217800012974,6197217804013110
"HSA_CORE_API","hsa_signal_wait_scacquire",2839356,2839356,1554,6197217804013590,6197217808013737
"HSA_CORE_API","hsa_signal_wait_scacquire",2839356,2839356,1555,6197217808014217,6197217812014374
"HSA_CORE_API","hsa_signal_wait_scacquire",2839356,2839356,1556,6197217812014854,6197217816015000
"HSA_CORE_API","hsa_signal_wait_scacquire",2839356,2839356,1557,6197217816015480,6197217820015627
"HSA_CORE_API","hsa_signal_wait_scacquire",2839356,2839356,1558,6197217820016107,6197217824016244
"HSA_CORE_API","hsa_signal_wait_scacquire",2839356,2839356,1559,6197217824016724,6197217828016880
"HSA_CORE_API","hsa_signal_wait_scacquire",2839356,2839356,1560,6197217828017360,6197217832017507
"HSA_CORE_API","hsa_signal_wait_scacquire",2839356,2839356,1561,6197217832017997,6197217836018144
"HSA_CORE_API","hsa_signal_wait_scacquire",2839356,2839356,1562,6197217836018624,6197217840018780
"HSA_CORE_API","hsa_signal_wait_scacquire",2839356,2839356,1563,6197217840019260,6197217844019407
"HSA_CORE_API","hsa_signal_wait_scacquire",2839356,2839356,1564,6197217844019887,6197217848020034
"HSA_CORE_API","hsa_signal_wait_scacquire",2839356,2839356,1565,6197217848020513,6197217852020660
"HSA_CORE_API","hsa_signal_wait_scacquire",2839356,2839356,1566,6197217852021140,6197217856021287
"HSA_CORE_API","hsa_signal_wait_scacquire",2839356,2839356,1567,6197217856021777,6197217860021923
"HSA_CORE_API","hsa_signal_wait_scacquire",2839356,2839356,1568,6197217860022403,6197217864022550
"HSA_CORE_API","hsa_signal_wait_scacquire",2839356,2839356,1569,6197217864023020,6197217868023187
"HSA_CORE_API","hsa_signal_wait_scacquire",2839356,2839356,1570,6197217868023667,6197217872023813
"HSA_CORE_API","hsa_signal_wait_scacquire",2839356,2839356,1571,6197217872024293,6197217876024440
"HSA_CORE_API","hsa_signal_wait_scacquire",2839356,2839356,1572,6197217876024920,6197217880025067
"HSA_CORE_API","hsa_signal_wait_scacquire",2839356,2839356,1573,6197217880025537,6197217884025693
"HSA_CORE_API","hsa_signal_wait_scacquire",2839356,2839356,1574,6197217884026173,6197217888026340
"HSA_CORE_API","hsa_signal_wait_scacquire",2839356,2839356,1575,6197217888026830,6197217892026977
"HSA_CORE_API","hsa_signal_wait_scacquire",2839356,2839356,1576,6197217892027447,6197217896027593
"HSA_CORE_API","hsa_signal_wait_scacquire",2839356,2839356,1577,6197217896028073,6197217900028220
"HSA_CORE_API","hsa_signal_wait_scacquire",2839356,2839356,1578,6197217900028700,6197217904028846
"HSA_CORE_API","hsa_signal_wait_scacquire",2839356,2839356,1579,6197217904029126,6197217908029283
"HSA_CORE_API","hsa_signal_wait_scacquire",2839356,2839356,1580,6197217908029763,6197217912029920
"HSA_CORE_API","hsa_signal_wait_scacquire",2839356,2839356,1581,6197217912030400,6197217916030536
"HSA_CORE_API","hsa_signal_wait_scacquire",2839356,2839356,1582,6197217916031016,6197217920031163
"HSA_CORE_API","hsa_signal_wait_scacquire",2839356,2839356,1583,6197217920031643,6197217924031790
"HSA_CORE_API","hsa_signal_wait_scacquire",2839356,2839356,1584,6197217924032270,6197217928032416
"HSA_CORE_API","hsa_signal_wait_scacquire",2839356,2839356,1585,6197217928032896,6197217932033043
"HSA_CORE_API","hsa_signal_wait_scacquire",2839356,2839356,1586,6197217932033533,6197217936033680
"HSA_CORE_API","hsa_signal_wait_scacquire",2839356,2839356,1587,6197217936034240,6197217940034386
"HSA_CORE_API","hsa_signal_wait_scacquire",2839356,2839356,1588,6197217940034866,6197217944035013
"HSA_CORE_API","hsa_signal_wait_scacquire",2839356,2839356,1589,6197217944035493,6197217948035639
"HSA_CORE_API","hsa_signal_wait_scacquire",2839356,2839356,1590,6197217948036209,6197217952036356
"HSA_CORE_API","hsa_signal_wait_scacquire",2839356,2839356,1591,6197217952036836,6197217956036983
"HSA_CORE_API","hsa_signal_wait_scacquire",2839356,2839356,1592,6197217956037463,6197217960037609
"HSA_CORE_API","hsa_signal_wait_scacquire",2839356,2839356,1593,6197217960038089,6197217964038236
"HSA_CORE_API","hsa_signal_wait_scacquire",2839356,2839356,1594,6197217964038526,6197217968038673
"HSA_CORE_API","hsa_signal_wait_scacquire",2839356,2839356,1595,6197217968039143,6197217972039289
"HSA_CORE_API","hsa_signal_wait_scacquire",2839356,2839356,1596,6197217972039769,6197217976039936
"HSA_CORE_API","hsa_signal_wait_scacquire",2839356,2839356,1597,6197217976040426,6197217980040573
"HSA_CORE_API","hsa_signal_wait_scacquire",2839356,2839356,1598,6197217980041053,6197217984041209
"HSA_CORE_API","hsa_signal_wait_scacquire",2839356,2839356,1599,6197217984041689,6197217988041836
"HSA_CORE_API","hsa_signal_wait_scacquire",2839356,2839356,1600,6197217988042506,6197217992042653
"HSA_CORE_API","hsa_signal_wait_scacquire",2839356,2839356,1601,6197217992043172,6197217996043319
"HSA_CORE_API","hsa_signal_wait_scacquire",2839356,2839356,1602,6197217996047879,6197218000048026
"HSA_CORE_API","hsa_signal_wait_scacquire",2839356,2839356,1603,6197218000048326,6197218004048472
"HSA_CORE_API","hsa_signal_wait_scacquire",2839356,2839356,1604,6197218004048982,6197218008049139
"HSA_CORE_API","hsa_signal_wait_scacquire",2839356,2839356,1605,6197218008049609,6197218012049756
"HSA_CORE_API","hsa_signal_wait_scacquire",2839356,2839356,1606,6197218012050236,6197218016050382
"HSA_CORE_API","hsa_signal_wait_scacquire",2839356,2839356,1607,6197218016050862,6197218020051009
"HSA_CORE_API","hsa_signal_wait_scacquire",2839356,2839356,1608,6197218020052659,6197218024052816
"HSA_CORE_API","hsa_signal_wait_scacquire",2839356,2839356,1609,6197218024053296,6197218028053442
"HSA_CORE_API","hsa_signal_wait_scacquire",2839356,2839356,1610,6197218028053732,6197218032053879
"HSA_CORE_API","hsa_signal_wait_scacquire",2839356,2839356,1611,6197218032054259,6197218036054396
"HSA_CORE_API","hsa_signal_wait_scacquire",2839356,2839356,1612,6197218036054876,6197218040055032
"HSA_CORE_API","hsa_signal_wait_scacquire",2839356,2839356,1613,6197218040055512,6197218044055659
"HSA_CORE_API","hsa_signal_wait_scacquire",2839356,2839356,1614,6197218044056139,6197218048056286
"HSA_CORE_API","hsa_signal_wait_scacquire",2839356,2839356,1615,6197218048056765,6197218052056912
"HSA_CORE_API","hsa_signal_wait_scacquire",2839356,2839356,1616,6197218052057392,6197218056057539
"HSA_CORE_API","hsa_signal_wait_scacquire",2839356,2839356,1617,6197218056058009,6197218060058165
"HSA_CORE_API","hsa_signal_wait_scacquire",2839356,2839356,1618,6197218060058645,6197218064058802
"HSA_CORE_API","hsa_signal_wait_scacquire",2839356,2839356,1619,6197218064059282,6197218068059449
"HSA_CORE_API","hsa_signal_wait_scacquire",2839356,2839356,1620,6197218068059939,6197218072060085
"HSA_CORE_API","hsa_signal_wait_scacquire",2839356,2839356,1621,6197218072060565,6197218076060712
"HSA_CORE_API","hsa_signal_wait_scacquire",2839356,2839356,1622,6197218076061192,6197218080061339
"HSA_CORE_API","hsa_signal_wait_scacquire",2839356,2839356,1623,6197218080061819,6197218084061965
"HSA_CORE_API","hsa_signal_wait_scacquire",2839356,2839356,1624,6197218084062445,6197218088062592
"HSA_CORE_API","hsa_signal_wait_scacquire",2839356,2839356,1625,6197218088062892,6197218092063039
"HSA_CORE_API","hsa_signal_wait_scacquire",2839356,2839356,1626,6197218092063519,6197218096063665
"HSA_CORE_API","hsa_signal_wait_scacquire",2839356,2839356,1627,6197218096064145,6197218100064292
"HSA_CORE_API","hsa_signal_wait_scacquire",2839356,2839356,1628,6197218100064782,6197218104064928
"HSA_CORE_API","hsa_signal_wait_scacquire",2839356,2839356,1629,6197218104065408,6197218108065555
"HSA_CORE_API","hsa_signal_wait_scacquire",2839356,2839356,1630,6197218108066035,6197218112066192
"HSA_CORE_API","hsa_signal_wait_scacquire",2839356,2839356,1631,6197218112066662,6197218116066808
"HSA_CORE_API","hsa_signal_wait_scacquire",2839356,2839356,1632,6197218116067288,6197218120067435
"HSA_CORE_API","hsa_signal_wait_scacquire",2839356,2839356,1633,6197218120067915,6197218124068062
"HSA_CORE_API","hsa_signal_wait_scacquire",2839356,2839356,1634,6197218124068542,6197218128068688
"HSA_CORE_API","hsa_signal_wait_scacquire",2839356,2839356,1635,6197218128069158,6197218132069315
"HSA_CORE_API","hsa_signal_wait_scacquire",2839356,2839356,1636,6197218132069615,6197218136069802
"HSA_CORE_API","hsa_signal_wait_scacquire",2839356,2839356,1637,6197218136070102,6197218140070258
"HSA_CORE_API","hsa_signal_wait_scacquire",2839356,2839356,1638,6197218140070548,6197218144070695
"HSA_CORE_API","hsa_signal_wait_scacquire",2839356,2839356,1639,6197218144071175,6197218148071321
"HSA_CORE_API","hsa_signal_wait_scacquire",2839356,2839356,1640,6197218148071801,6197218152071948
"HSA_CORE_API","hsa_signal_wait_scacquire",2839356,2839356,1641,6197218152072248,6197218156072395
"HSA_CORE_API","hsa_signal_wait_scacquire",2839356,2839356,1642,6197218156072875,6197218160073021
"HSA_CORE_API","hsa_signal_wait_scacquire",2839356,2839356,1643,6197218160073501,6197218164073648
"HSA_CORE_API","hsa_signal_wait_scacquire",2839356,2839356,1644,6197218164074128,6197218168074275
"HSA_CORE_API","hsa_signal_wait_scacquire",2839356,2839356,1645,6197218168074755,6197218172074901
"HSA_CORE_API","hsa_signal_wait_scacquire",2839356,2839356,1646,6197218172075381,6197218176075528
"HSA_CORE_API","hsa_signal_wait_scacquire",2839356,2839356,1647,6197218176076008,6197218180076155
"HSA_CORE_API","hsa_signal_wait_scacquire",2839356,2839356,1648,6197218180076635,6197218184076791
"HSA_CORE_API","hsa_signal_wait_scacquire",2839356,2839356,1649,6197218184077271,6197218188077418
"HSA_CORE_API","hsa_signal_wait_scacquire",2839356,2839356,1650,6197218188077898,6197218192078045
"HSA_CORE_API","hsa_signal_wait_scacquire",2839356,2839356,1651,6197218192078525,6197218196078671
"HSA_CORE_API","hsa_signal_wait_scacquire",2839356,2839356,1652,6197218196079141,6197218200079298
"HSA_CORE_API","hsa_signal_wait_scacquire",2839356,2839356,1653,6197218200079778,6197218204079924
"HSA_CORE_API","hsa_signal_wait_scacquire",2839356,2839356,1654,6197218204080404,6197218208080551
"HSA_CORE_API","hsa_signal_wait_scacquire",2839356,2839356,1655,6197218208081031,6197218212081178
"HSA_CORE_API","hsa_signal_wait_scacquire",2839356,2839356,1656,6197218212081658,6197218216081804
"HSA_CORE_API","hsa_signal_wait_scacquire",2839356,2839356,1657,6197218216082094,6197218220082241
"HSA_CORE_API","hsa_signal_wait_scacquire",2839356,2839356,1658,6197218220082731,6197218224082878
"HSA_CORE_API","hsa_signal_wait_scacquire",2839356,2839356,1659,6197218224083348,6197218228083504
"HSA_CORE_API","hsa_signal_wait_scacquire",2839356,2839356,1660,6197218228083974,6197218232084121
"HSA_CORE_API","hsa_signal_wait_scacquire",2839356,2839356,1661,6197218232084421,6197218236084568
"HSA_CORE_API","hsa_signal_wait_scacquire",2839356,2839356,1662,6197218236085058,6197218240085204
"HSA_CORE_API","hsa_signal_wait_scacquire",2839356,2839356,1663,6197218240085684,6197218244085831
"HSA_CORE_API","hsa_signal_wait_scacquire",2839356,2839356,1664,6197218244086121,6197218248086267
"HSA_CORE_API","hsa_signal_wait_scacquire",2839356,2839356,1665,6197218248086897,6197218252087044
"HSA_CORE_API","hsa_signal_wait_scacquire",2839356,2839356,1666,6197218252089684,6197218256089831
"HSA_CORE_API","hsa_signal_wait_scacquire",2839356,2839356,1667,6197218256090131,6197218260090278
"HSA_CORE_API","hsa_signal_wait_scacquire",2839356,2839356,1668,6197218260090768,6197218264090924
"HSA_CORE_API","hsa_signal_wait_scacquire",2839356,2839356,1669,6197218264091214,6197218268091361
"HSA_CORE_API","hsa_signal_wait_scacquire",2839356,2839356,1670,6197218268091841,6197218272091987
"HSA_CORE_API","hsa_signal_wait_scacquire",2839356,2839356,1671,6197218272092467,6197218276092614
"HSA_CORE_API","hsa_signal_wait_scacquire",2839356,2839356,1672,6197218276093094,6197218280093241
"HSA_CORE_API","hsa_signal_wait_scacquire",2839356,2839356,1673,6197218280093531,6197218284093687
"HSA_CORE_API","hsa_signal_wait_scacquire",2839356,2839356,1674,6197218284094167,6197218288094314
"HSA_CORE_API","hsa_signal_wait_scacquire",2839356,2839356,1675,6197218288094794,6197218292094941
"HSA_CORE_API","hsa_signal_wait_scacquire",2839356,2839356,1676,6197218292095431,6197218296095567
"HSA_CORE_API","hsa_signal_wait_scacquire",2839356,2839356,1677,6197218296096047,6197218300096184
"HSA_CORE_API","hsa_signal_wait_scacquire",2839356,2839356,1678,6197218300096664,6197218304096811
"HSA_CORE_API","hsa_signal_wait_scacquire",2839356,2839356,1679,6197218304097291,6197218308097437
"HSA_CORE_API","hsa_signal_wait_scacquire",2839356,2839356,1680,6197218308097917,6197218312098064
"HSA_CORE_API","hsa_signal_wait_scacquire",2839356,2839356,1681,6197218312098544,6197218316098690
"HSA_CORE_API","hsa_signal_wait_scacquire",2839356,2839356,1682,6197218316099850,6197218320099997
"HSA_CORE_API","hsa_signal_wait_scacquire",2839356,2839356,1683,6197218320100287,6197218324100434
"HSA_CORE_API","hsa_signal_wait_scacquire",2839356,2839356,1684,6197218324100914,6197218328101100
"HSA_CORE_API","hsa_signal_wait_scacquire",2839356,2839356,1685,6197218328101500,6197218332101657
"HSA_CORE_API","hsa_signal_wait_scacquire",2839356,2839356,1686,6197218332101957,6197218336102104
"HSA_CORE_API","hsa_signal_wait_scacquire",2839356,2839356,1687,6197218336102584,6197218340102730
"HSA_CORE_API","hsa_signal_wait_scacquire",2839356,2839356,1688,6197218340103030,6197218344103177
"HSA_CORE_API","hsa_signal_wait_scacquire",2839356,2839356,1689,6197218344103657,6197218348103804
"HSA_CORE_API","hsa_signal_wait_scacquire",2839356,2839356,1690,6197218348104284,6197218352104430
"HSA_CORE_API","hsa_signal_wait_scacquire",2839356,2839356,1691,6197218352104910,6197218356105067
"HSA_CORE_API","hsa_signal_wait_scacquire",2839356,2839356,1692,6197218356105357,6197218360105503
"HSA_CORE_API","hsa_signal_wait_scacquire",2839356,2839356,1693,6197218360105973,6197218364106120
"HSA_CORE_API","hsa_signal_wait_scacquire",2839356,2839356,1694,6197218364106600,6197218368106747
"HSA_CORE_API","hsa_signal_wait_scacquire",2839356,2839356,1695,6197218368107227,6197218372107373
"HSA_CORE_API","hsa_signal_wait_scacquire",2839356,2839356,1696,6197218372107853,6197218376108000
"HSA_CORE_API","hsa_signal_wait_scacquire",2839356,2839356,1697,6197218376108480,6197218380108627
"HSA_CORE_API","hsa_signal_wait_scacquire",2839356,2839356,1698,6197218380109097,6197218384109253
"HSA_CORE_API","hsa_signal_wait_scacquire",2839356,2839356,1699,6197218384109723,6197218388109710
"HSA_CORE_API","hsa_signal_wait_scacquire",2839356,2839356,1700,6197218388110020,6197218392110167
"HSA_CORE_API","hsa_signal_wait_scacquire",2839356,2839356,1701,6197218392110457,6197218396110603
"HSA_CORE_API","hsa_signal_wait_scacquire",2839356,2839356,1702,6197218396111083,6197218400111230
"HSA_CORE_API","hsa_signal_wait_scacquire",2839356,2839356,1703,6197218400111710,6197218404111867
"HSA_CORE_API","hsa_signal_wait_scacquire",2839356,2839356,1704,6197218404112157,6197218408112303
"HSA_CORE_API","hsa_signal_wait_scacquire",2839356,2839356,1705,6197218408112783,6197218412112930
"HSA_CORE_API","hsa_signal_wait_scacquire",2839356,2839356,1706,6197218412113410,6197218416113556
"HSA_CORE_API","hsa_signal_wait_scacquire",2839356,2839356,1707,6197218416114036,6197218420114183
"HSA_CORE_API","hsa_signal_wait_scacquire",2839356,2839356,1708,6197218420114663,6197218424114810
"HSA_CORE_API","hsa_signal_wait_scacquire",2839356,2839356,1709,6197218424115280,6197218428115426
"HSA_CORE_API","hsa_signal_wait_scacquire",2839356,2839356,1710,6197218428115716,6197218432115873
"HSA_CORE_API","hsa_signal_wait_scacquire",2839356,2839356,1711,6197218432116173,6197218436116320
"HSA_CORE_API","hsa_signal_wait_scacquire",2839356,2839356,1712,6197218436116800,6197218440116946
"HSA_CORE_API","hsa_signal_wait_scacquire",2839356,2839356,1713,6197218440117426,6197218444117573
"HSA_CORE_API","hsa_signal_wait_scacquire",2839356,2839356,1714,6197218444118053,6197218448118200
"HSA_CORE_API","hsa_signal_wait_scacquire",2839356,2839356,1715,6197218448118680,6197218452118856
"HSA_CORE_API","hsa_signal_wait_scacquire",2839356,2839356,1716,6197218452119336,6197218456119473
"HSA_CORE_API","hsa_signal_wait_scacquire",2839356,2839356,1717,6197218456119953,6197218460120120
"HSA_CORE_API","hsa_signal_wait_scacquire",2839356,2839356,1718,6197218460120599,6197218464120736
"HSA_CORE_API","hsa_signal_wait_scacquire",2839356,2839356,1719,6197218464121216,6197218468121393
"HSA_CORE_API","hsa_signal_wait_scacquire",2839356,2839356,1720,6197218468121793,6197218472121939
"HSA_CORE_API","hsa_signal_wait_scacquire",2839356,2839356,1721,6197218472122419,6197218476122566
"HSA_CORE_API","hsa_signal_wait_scacquire",2839356,2839356,1722,6197218476123046,6197218480123193
"HSA_CORE_API","hsa_signal_wait_scacquire",2839356,2839356,1723,6197218480123663,6197218484123810
"HSA_CORE_API","hsa_signal_wait_scacquire",2839356,2839356,1724,6197218484124290,6197218488124426
"HSA_CORE_API","hsa_signal_wait_scacquire",2839356,2839356,1725,6197218488124906,6197218492125053
"HSA_CORE_API","hsa_signal_wait_scacquire",2839356,2839356,1726,6197218492125533,6197218496125679
"HSA_CORE_API","hsa_signal_wait_scacquire",2839356,2839356,1727,6197218496126159,6197218500126306
"HSA_CORE_API","hsa_signal_wait_scacquire",2839356,2839356,1728,6197218500126776,6197218504126913
"HSA_CORE_API","hsa_signal_wait_scacquire",2839356,2839356,1729,6197218504128453,6197218508128599
"HSA_CORE_API","hsa_signal_wait_scacquire",2839356,2839356,1730,6197218508130459,6197218512130606
"HSA_CORE_API","hsa_signal_wait_scacquire",2839356,2839356,1731,6197218512130896,6197218516131043
"HSA_CORE_API","hsa_signal_wait_scacquire",2839356,2839356,1732,6197218516131523,6197218520131669
"HSA_CORE_API","hsa_signal_wait_scacquire",2839356,2839356,1733,6197218520131959,6197218524132106
"HSA_CORE_API","hsa_signal_wait_scacquire",2839356,2839356,1734,6197218524132586,6197218528133882
"HSA_CORE_API","hsa_signal_wait_scacquire",2839356,2839356,1735,6197218528141752,6197218532142589
"HSA_CORE_API","hsa_signal_wait_scacquire",2839356,2839356,1736,6197218532142879,6197218536143026
"HSA_CORE_API","hsa_signal_wait_scacquire",2839356,2839356,1737,6197218536143326,6197218540143472
"HSA_CORE_API","hsa_signal_wait_scacquire",2839356,2839356,1738,6197218540143952,6197218544144099
"HSA_CORE_API","hsa_signal_wait_scacquire",2839356,2839356,1739,6197218544144579,6197218548144725
"HSA_CORE_API","hsa_signal_wait_scacquire",2839356,2839356,1740,6197218548145215,6197218552145362
"HSA_CORE_API","hsa_signal_wait_scacquire",2839356,2839356,1741,6197218552146082,6197218556146229
"HSA_CORE_API","hsa_signal_wait_scacquire",2839356,2839356,1742,6197218556146709,6197218560146855
"HSA_CORE_API","hsa_signal_wait_scacquire",2839356,2839356,1743,6197218560147335,6197218564147472
"HSA_CORE_API","hsa_signal_wait_scacquire",2839356,2839356,1744,6197218564147962,6197218568148109
"HSA_CORE_API","hsa_signal_wait_scacquire",2839356,2839356,1745,6197218568148599,6197218572148745
"HSA_CORE_API","hsa_signal_wait_scacquire",2839356,2839356,1746,6197218572149225,6197218576149372
"HSA_CORE_API","hsa_signal_wait_scacquire",2839356,2839356,1747,6197218576149842,6197218580149979
"HSA_CORE_API","hsa_signal_wait_scacquire",2839356,2839356,1748,6197218580150459,6197218584150605
"HSA_CORE_API","hsa_signal_wait_scacquire",2839356,2839356,1749,6197218584151085,6197218588151232
"HSA_CORE_API","hsa_signal_wait_scacquire",2839356,2839356,1750,6197218588151712,6197218592151848
"HSA_CORE_API","hsa_signal_wait_scacquire",2839356,2839356,1751,6197218592152138,6197218596152295
"HSA_CORE_API","hsa_signal_wait_scacquire",2839356,2839356,1752,6197218596152775,6197218600152922
"HSA_CORE_API","hsa_signal_wait_scacquire",2839356,2839356,1753,6197218600153502,6197218604153648
"HSA_CORE_API","hsa_signal_wait_scacquire",2839356,2839356,1754,6197218604154218,6197218608154365
"HSA_CORE_API","hsa_signal_wait_scacquire",2839356,2839356,1755,6197218608154845,6197218612154992
"HSA_CORE_API","hsa_signal_wait_scacquire",2839356,2839356,1756,6197218612155472,6197218616155618
"HSA_CORE_API","hsa_signal_wait_scacquire",2839356,2839356,1757,6197218616157788,6197218620157935
"HSA_CORE_API","hsa_signal_wait_scacquire",2839356,2839356,1758,6197218620158255,6197218624158402
"HSA_CORE_API","hsa_signal_wait_scacquire",2839356,2839356,1759,6197218624158882,6197218628159028
"HSA_CORE_API","hsa_signal_wait_scacquire",2839356,2839356,1760,6197218628159498,6197218632159645
"HSA_CORE_API","hsa_signal_wait_scacquire",2839356,2839356,1761,6197218632159945,6197218636160091
"HSA_CORE_API","hsa_signal_wait_scacquire",2839356,2839356,1762,6197218636160581,6197218640160728
"HSA_CORE_API","hsa_signal_wait_scacquire",2839356,2839356,1763,6197218640161208,6197218644161355
"HSA_CORE_API","hsa_signal_wait_scacquire",2839356,2839356,1764,6197218644161835,6197218648161981
"HSA_CORE_API","hsa_signal_wait_scacquire",2839356,2839356,1765,6197218648162461,6197218652162608
"HSA_CORE_API","hsa_signal_wait_scacquire",2839356,2839356,1766,6197218652163108,6197218656163255
"HSA_CORE_API","hsa_signal_wait_scacquire",2839356,2839356,1767,6197218656163555,6197218660163701
"HSA_CORE_API","hsa_signal_wait_scacquire",2839356,2839356,1768,6197218660164181,6197218664164318
"HSA_CORE_API","hsa_signal_wait_scacquire",2839356,2839356,1769,6197218664164798,6197218668164945
"HSA_CORE_API","hsa_signal_wait_scacquire",2839356,2839356,1770,6197218668165425,6197218672165561
"HSA_CORE_API","hsa_signal_wait_scacquire",2839356,2839356,1771,6197218672166131,6197218676166278
"HSA_CORE_API","hsa_signal_wait_scacquire",2839356,2839356,1772,6197218676166758,6197218680166905
"HSA_CORE_API","hsa_signal_wait_scacquire",2839356,2839356,1773,6197218680167475,6197218684167621
"HSA_CORE_API","hsa_signal_wait_scacquire",2839356,2839356,1774,6197218684168101,6197218688168238
"HSA_CORE_API","hsa_signal_wait_scacquire",2839356,2839356,1775,6197218688168718,6197218692168865
"HSA_CORE_API","hsa_signal_wait_scacquire",2839356,2839356,1776,6197218692169335,6197218696169481
"HSA_CORE_API","hsa_signal_wait_scacquire",2839356,2839356,1777,6197218696169961,6197218700170108
"HSA_CORE_API","hsa_signal_wait_scacquire",2839356,2839356,1778,6197218700170588,6197218704170735
"HSA_CORE_API","hsa_signal_wait_scacquire",2839356,2839356,1779,6197218704171404,6197218708171551
"HSA_CORE_API","hsa_signal_wait_scacquire",2839356,2839356,1780,6197218708172031,6197218712172178
"HSA_CORE_API","hsa_signal_wait_scacquire",2839356,2839356,1781,6197218712172658,6197218716172804
"HSA_CORE_API","hsa_signal_wait_scacquire",2839356,2839356,1782,6197218716173274,6197218720173431
"HSA_CORE_API","hsa_signal_wait_scacquire",2839356,2839356,1783,6197218720173721,6197218724173868
"HSA_CORE_API","hsa_signal_wait_scacquire",2839356,2839356,1784,6197218724174348,6197218728174484
"HSA_CORE_API","hsa_signal_wait_scacquire",2839356,2839356,1785,6197218728174964,6197218732175111
"HSA_CORE_API","hsa_signal_wait_scacquire",2839356,2839356,1786,6197218732175411,6197218736175558
"HSA_CORE_API","hsa_signal_wait_scacquire",2839356,2839356,1787,6197218736176038,6197218740176184
"HSA_CORE_API","hsa_signal_wait_scacquire",2839356,2839356,1788,6197218740176664,6197218744176811
"HSA_CORE_API","hsa_signal_wait_scacquire",2839356,2839356,1789,6197218744177291,6197218748177428
"HSA_CORE_API","hsa_signal_wait_scacquire",2839356,2839356,1790,6197218748177908,6197218752178054
"HSA_CORE_API","hsa_signal_wait_scacquire",2839356,2839356,1791,6197218752178534,6197218756178681
"HSA_CORE_API","hsa_signal_wait_scacquire",2839356,2839356,1792,6197218756179151,6197218760179297
"HSA_CORE_API","hsa_signal_wait_scacquire",2839356,2839356,1793,6197218760179827,6197218764179994
"HSA_CORE_API","hsa_signal_wait_scacquire",2839356,2839356,1794,6197218764182154,6197218768182301
"HSA_CORE_API","hsa_signal_wait_scacquire",2839356,2839356,1795,6197218768182591,6197218772182588
"HSA_CORE_API","hsa_signal_wait_scacquire",2839356,2839356,1796,6197218772182908,6197218776183064
"HSA_CORE_API","hsa_signal_wait_scacquire",2839356,2839356,1797,6197218776183544,6197218780183691
"HSA_CORE_API","hsa_signal_wait_scacquire",2839356,2839356,1798,6197218780184161,6197218784184307
"HSA_CORE_API","hsa_signal_wait_scacquire",2839356,2839356,1799,6197218784184597,6197218788184734
"HSA_CORE_API","hsa_signal_wait_scacquire",2839356,2839356,1800,6197218788185314,6197218792185481
"HSA_CORE_API","hsa_signal_wait_scacquire",2839356,2839356,1801,6197218792185961,6197218796186107
"HSA_CORE_API","hsa_signal_wait_scacquire",2839356,2839356,1802,6197218796186587,6197218800186734
"HSA_CORE_API","hsa_signal_wait_scacquire",2839356,2839356,1803,6197218800187224,6197218804187371
"HSA_CORE_API","hsa_signal_wait_scacquire",2839356,2839356,1804,6197218804187941,6197218808188097
"HSA_CORE_API","hsa_signal_wait_scacquire",2839356,2839356,1805,6197218808188567,6197218812188714
"HSA_CORE_API","hsa_signal_wait_scacquire",2839356,2839356,1806,6197218812189194,6197218816189331
"HSA_CORE_API","hsa_signal_wait_scacquire",2839356,2839356,1807,6197218816189811,6197218820189957
"HSA_CORE_API","hsa_signal_wait_scacquire",2839356,2839356,1808,6197218820190437,6197218824190574
"HSA_CORE_API","hsa_signal_wait_scacquire",2839356,2839356,1809,6197218824191054,6197218828191201
"HSA_CORE_API","hsa_signal_wait_scacquire",2839356,2839356,1810,6197218828191691,6197218832191837
"HSA_CORE_API","hsa_signal_wait_scacquire",2839356,2839356,1811,6197218832192137,6197218836192284
"HSA_CORE_API","hsa_signal_wait_scacquire",2839356,2839356,1812,6197218836192764,6197218840192910
"HSA_CORE_API","hsa_signal_wait_scacquire",2839356,2839356,1813,6197218840193210,6197218844193357
"HSA_CORE_API","hsa_signal_wait_scacquire",2839356,2839356,1814,6197218844193847,6197218848193994
"HSA_CORE_API","hsa_signal_wait_scacquire",2839356,2839356,1815,6197218848194294,6197218852194440
"HSA_CORE_API","hsa_signal_wait_scacquire",2839356,2839356,1816,6197218852194920,6197218856195067
"HSA_CORE_API","hsa_signal_wait_scacquire",2839356,2839356,1817,6197218856195547,6197218860195694
"HSA_CORE_API","hsa_signal_wait_scacquire",2839356,2839356,1818,6197218860196174,6197218864196330
"HSA_CORE_API","hsa_signal_wait_scacquire",2839356,2839356,1819,6197218864196810,6197218868196957
"HSA_CORE_API","hsa_signal_wait_scacquire",2839356,2839356,1820,6197218868197437,6197218872197594
"HSA_CORE_API","hsa_signal_wait_scacquire",2839356,2839356,1821,6197218872198074,6197218876198220
"HSA_CORE_API","hsa_signal_wait_scacquire",2839356,2839356,1822,6197218876198690,6197218880198837
"HSA_CORE_API","hsa_signal_wait_scacquire",2839356,2839356,1823,6197218880199307,6197218884199454
"HSA_CORE_API","hsa_signal_wait_scacquire",2839356,2839356,1824,6197218884199934,6197218888200080
"HSA_CORE_API","hsa_signal_wait_scacquire",2839356,2839356,1825,6197218888200560,6197218892200707
"HSA_CORE_API","hsa_signal_wait_scacquire",2839356,2839356,1826,6197218892201187,6197218896201334
"HSA_CORE_API","hsa_signal_wait_scacquire",2839356,2839356,1827,6197218896201814,6197218900201960
"HSA_CORE_API","hsa_signal_wait_scacquire",2839356,2839356,1828,6197218900202440,6197218904202587
"HSA_CORE_API","hsa_signal_wait_scacquire",2839356,2839356,1829,6197218904203067,6197218908203213
"HSA_CORE_API","hsa_signal_wait_scacquire",2839356,2839356,1830,6197218908203703,6197218912203850
"HSA_CORE_API","hsa_signal_wait_scacquire",2839356,2839356,1831,6197218912205060,6197218916205227
"HSA_CORE_API","hsa_signal_wait_scacquire",2839356,2839356,1832,6197218916205517,6197218920205663
"HSA_CORE_API","hsa_signal_wait_scacquire",2839356,2839356,1833,6197218920206143,6197218924206290
"HSA_CORE_API","hsa_signal_wait_scacquire",2839356,2839356,1834,6197218924206770,6197218928206917
"HSA_CORE_API","hsa_signal_wait_scacquire",2839356,2839356,1835,6197218928207497,6197218932207653
"HSA_CORE_API","hsa_signal_wait_scacquire",2839356,2839356,1836,6197218932207953,6197218936208100
"HSA_CORE_API","hsa_signal_wait_scacquire",2839356,2839356,1837,6197218936208580,6197218940208717
"HSA_CORE_API","hsa_signal_wait_scacquire",2839356,2839356,1838,6197218940209207,6197218944209373
"HSA_CORE_API","hsa_signal_wait_scacquire",2839356,2839356,1839,6197218944209863,6197218948210010
"HSA_CORE_API","hsa_signal_wait_scacquire",2839356,2839356,1840,6197218948210490,6197218952210637
"HSA_CORE_API","hsa_signal_wait_scacquire",2839356,2839356,1841,6197218952211116,6197218956211263
"HSA_CORE_API","hsa_signal_wait_scacquire",2839356,2839356,1842,6197218956211563,6197218960211710
"HSA_CORE_API","hsa_signal_wait_scacquire",2839356,2839356,1843,6197218960212280,6197218964212427
"HSA_CORE_API","hsa_signal_wait_scacquire",2839356,2839356,1844,6197218964212897,6197218968213043
"HSA_CORE_API","hsa_signal_wait_scacquire",2839356,2839356,1845,6197218968213523,6197218972213680
"HSA_CORE_API","hsa_signal_wait_scacquire",2839356,2839356,1846,6197218972214160,6197218976214306
"HSA_CORE_API","hsa_signal_wait_scacquire",2839356,2839356,1847,6197218976214786,6197218980214933
"HSA_CORE_API","hsa_signal_wait_scacquire",2839356,2839356,1848,6197218980215413,6197218984215560
"HSA_CORE_API","hsa_signal_wait_scacquire",2839356,2839356,1849,6197218984216030,6197218988216176
"HSA_CORE_API","hsa_signal_wait_scacquire",2839356,2839356,1850,6197218988216466,6197218992216613
"HSA_CORE_API","hsa_signal_wait_scacquire",2839356,2839356,1851,6197218992217093,6197218996217240
"HSA_CORE_API","hsa_signal_wait_scacquire",2839356,2839356,1852,6197218996217720,6197219000217866
"HSA_CORE_API","hsa_signal_wait_scacquire",2839356,2839356,1853,6197219000218376,6197219004218543
"HSA_CORE_API","hsa_signal_wait_scacquire",2839356,2839356,1854,6197219004219023,6197219008219170
"HSA_CORE_API","hsa_signal_wait_scacquire",2839356,2839356,1855,6197219008219650,6197219012219796
"HSA_CORE_API","hsa_signal_wait_scacquire",2839356,2839356,1856,6197219012220086,6197219016220233
"HSA_CORE_API","hsa_signal_wait_scacquire",2839356,2839356,1857,6197219016220763,6197219020220910
"HSA_CORE_API","hsa_signal_wait_scacquire",2839356,2839356,1858,6197219020222440,6197219024222586
"HSA_CORE_API","hsa_signal_wait_scacquire",2839356,2839356,1859,6197219024222886,6197219028223063
"HSA_CORE_API","hsa_signal_wait_scacquire",2839356,2839356,1860,6197219028223383,6197219032223529
"HSA_CORE_API","hsa_signal_wait_scacquire",2839356,2839356,1861,6197219032223829,6197219036223976
"HSA_CORE_API","hsa_signal_wait_scacquire",2839356,2839356,1862,6197219036224266,6197219040224423
"HSA_CORE_API","hsa_signal_wait_scacquire",2839356,2839356,1863,6197219040224903,6197219044225049
"HSA_CORE_API","hsa_signal_wait_scacquire",2839356,2839356,1864,6197219044225529,6197219048225676
"HSA_CORE_API","hsa_signal_wait_scacquire",2839356,2839356,1865,6197219048226156,6197219052226303
"HSA_CORE_API","hsa_signal_wait_scacquire",2839356,2839356,1866,6197219052226783,6197219056226929
"HSA_CORE_API","hsa_signal_wait_scacquire",2839356,2839356,1867,6197219056227409,6197219060227556
"HSA_CORE_API","hsa_signal_wait_scacquire",2839356,2839356,1868,6197219060228036,6197219064228183
"HSA_CORE_API","hsa_signal_wait_scacquire",2839356,2839356,1869,6197219064228673,6197219068228819
"HSA_CORE_API","hsa_signal_wait_scacquire",2839356,2839356,1870,6197219068229299,6197219072229446
"HSA_CORE_API","hsa_signal_wait_scacquire",2839356,2839356,1871,6197219072229926,6197219076230073
"HSA_CORE_API","hsa_signal_wait_scacquire",2839356,2839356,1872,6197219076230553,6197219080230699
"HSA_CORE_API","hsa_signal_wait_scacquire",2839356,2839356,1873,6197219080231179,6197219084231326
"HSA_CORE_API","hsa_signal_wait_scacquire",2839356,2839356,1874,6197219084232156,6197219088232303
"HSA_CORE_API","hsa_signal_wait_scacquire",2839356,2839356,1875,6197219088232783,6197219092232949
"HSA_CORE_API","hsa_signal_wait_scacquire",2839356,2839356,1876,6197219092233439,6197219096233586
"HSA_CORE_API","hsa_signal_wait_scacquire",2839356,2839356,1877,6197219096234256,6197219100234403
"HSA_CORE_API","hsa_signal_wait_scacquire",2839356,2839356,1878,6197219100234703,6197219104234859
"HSA_CORE_API","hsa_signal_wait_scacquire",2839356,2839356,1879,6197219104235339,6197219108235486
"HSA_CORE_API","hsa_signal_wait_scacquire",2839356,2839356,1880,6197219108235966,6197219112236112
"HSA_CORE_API","hsa_signal_wait_scacquire",2839356,2839356,1881,6197219112236592,6197219116236739
"HSA_CORE_API","hsa_signal_wait_scacquire",2839356,2839356,1882,6197219116237219,6197219120237366
"HSA_CORE_API","hsa_signal_wait_scacquire",2839356,2839356,1883,6197219120237846,6197219124237992
"HSA_CORE_API","hsa_signal_wait_scacquire",2839356,2839356,1884,6197219124238472,6197219128238619
"HSA_CORE_API","hsa_signal_wait_scacquire",2839356,2839356,1885,6197219128239099,6197219132239246
"HSA_CORE_API","hsa_signal_wait_scacquire",2839356,2839356,1886,6197219132239546,6197219136239702
"HSA_CORE_API","hsa_signal_wait_scacquire",2839356,2839356,1887,6197219136240192,6197219140240339
"HSA_CORE_API","hsa_signal_wait_scacquire",2839356,2839356,1888,6197219140240819,6197219144240966
"HSA_CORE_API","hsa_signal_wait_scacquire",2839356,2839356,1889,6197219144241446,6197219148241592
"HSA_CORE_API","hsa_signal_wait_scacquire",2839356,2839356,1890,6197219148242062,6197219152242209
"HSA_CORE_API","hsa_signal_wait_scacquire",2839356,2839356,1891,6197219152242499,6197219156242676
"HSA_CORE_API","hsa_signal_wait_scacquire",2839356,2839356,1892,6197219156242986,6197219160243142
"HSA_CORE_API","hsa_signal_wait_scacquire",2839356,2839356,1893,6197219160243432,6197219164243579
"HSA_CORE_API","hsa_signal_wait_scacquire",2839356,2839356,1894,6197219164244059,6197219168244206
"HSA_CORE_API","hsa_signal_wait_scacquire",2839356,2839356,1895,6197219168244686,6197219172244832
"HSA_CORE_API","hsa_signal_wait_scacquire",2839356,2839356,1896,6197219172245312,6197219176245459
"HSA_CORE_API","hsa_signal_wait_scacquire",2839356,2839356,1897,6197219176245949,6197219180246095
"HSA_CORE_API","hsa_signal_wait_scacquire",2839356,2839356,1898,6197219180246575,6197219184246722
"HSA_CORE_API","hsa_signal_wait_scacquire",2839356,2839356,1899,6197219184247212,6197219188247359
"HSA_CORE_API","hsa_signal_wait_scacquire",2839356,2839356,1900,6197219188247839,6197219192247985
"HSA_CORE_API","hsa_signal_wait_scacquire",2839356,2839356,1901,6197219192248475,6197219196248622
"HSA_CORE_API","hsa_signal_wait_scacquire",2839356,2839356,1902,6197219196249102,6197219200249249
"HSA_CORE_API","hsa_signal_wait_scacquire",2839356,2839356,1903,6197219200249729,6197219204249875
"HSA_CORE_API","hsa_signal_wait_scacquire",2839356,2839356,1904,6197219204250355,6197219208250502
"HSA_CORE_API","hsa_signal_wait_scacquire",2839356,2839356,1905,6197219208251622,6197219212251779
"HSA_CORE_API","hsa_signal_wait_scacquire",2839356,2839356,1906,6197219212252069,6197219216252225
"HSA_CORE_API","hsa_signal_wait_scacquire",2839356,2839356,1907,6197219216252705,6197219220252852
"HSA_CORE_API","hsa_signal_wait_scacquire",2839356,2839356,1908,6197219220253152,6197219224253299
"HSA_CORE_API","hsa_signal_wait_scacquire",2839356,2839356,1909,6197219224253589,6197219228253735
"HSA_CORE_API","hsa_signal_wait_scacquire",2839356,2839356,1910,6197219228254215,6197219232254372
"HSA_CORE_API","hsa_signal_wait_scacquire",2839356,2839356,1911,6197219232254662,6197219236254808
"HSA_CORE_API","hsa_signal_wait_scacquire",2839356,2839356,1912,6197219236255288,6197219240255435
"HSA_CORE_API","hsa_signal_wait_scacquire",2839356,2839356,1913,6197219240255905,6197219244256062
"HSA_CORE_API","hsa_signal_wait_scacquire",2839356,2839356,1914,6197219244256542,6197219248256689
"HSA_CORE_API","hsa_signal_wait_scacquire",2839356,2839356,1915,6197219248257249,6197219252257395
"HSA_CORE_API","hsa_signal_wait_scacquire",2839356,2839356,1916,6197219252257865,6197219256258012
"HSA_CORE_API","hsa_signal_wait_scacquire",2839356,2839356,1917,6197219256258582,6197219260258728
"HSA_CORE_API","hsa_signal_wait_scacquire",2839356,2839356,1918,6197219260259208,6197219264259355
"HSA_CORE_API","hsa_signal_wait_scacquire",2839356,2839356,1919,6197219264259835,6197219268260002
"HSA_CORE_API","hsa_signal_wait_scacquire",2839356,2839356,1920,6197219268260472,6197219272260628
"HSA_CORE_API","hsa_signal_wait_scacquire",2839356,2839356,1921,6197219272267358,6197219276267505
"HSA_CORE_API","hsa_signal_wait_scacquire",2839356,2839356,1922,6197219276268595,6197219280268741
"HSA_CORE_API","hsa_signal_wait_scacquire",2839356,2839356,1923,6197219280269221,6197219284269368
"HSA_CORE_API","hsa_signal_wait_scacquire",2839356,2839356,1924,6197219284269678,6197219288269825
"HSA_CORE_API","hsa_signal_wait_scacquire",2839356,2839356,1925,6197219288270395,6197219292270551
"HSA_CORE_API","hsa_signal_wait_scacquire",2839356,2839356,1926,6197219292270851,6197219296270998
"HSA_CORE_API","hsa_signal_wait_scacquire",2839356,2839356,1927,6197219296271488,6197219300271625
"HSA_CORE_API","hsa_signal_wait_scacquire",2839356,2839356,1928,6197219300272115,6197219304272261
"HSA_CORE_API","hsa_signal_wait_scacquire",2839356,2839356,1929,6197219304272741,6197219308272888
"HSA_CORE_API","hsa_signal_wait_scacquire",2839356,2839356,1930,6197219308273368,6197219312273535
"HSA_CORE_API","hsa_signal_wait_scacquire",2839356,2839356,1931,6197219312274025,6197219316274171
"HSA_CORE_API","hsa_signal_wait_scacquire",2839356,2839356,1932,6197219316274661,6197219320274818
"HSA_CORE_API","hsa_signal_wait_scacquire",2839356,2839356,1933,6197219320275288,6197219324275445
"HSA_CORE_API","hsa_signal_wait_scacquire",2839356,2839356,1934,6197219324275935,6197219328276081
"HSA_CORE_API","hsa_signal_wait_scacquire",2839356,2839356,1935,6197219328276561,6197219332276708
"HSA_CORE_API","hsa_signal_wait_scacquire",2839356,2839356,1936,6197219332277008,6197219336277155
"HSA_CORE_API","hsa_signal_wait_scacquire",2839356,2839356,1937,6197219336277635,6197219340277801
"HSA_CORE_API","hsa_signal_wait_scacquire",2839356,2839356,1938,6197219340278091,6197219344278238
"HSA_CORE_API","hsa_signal_wait_scacquire",2839356,2839356,1939,6197219344278718,6197219348278905
"HSA_CORE_API","hsa_signal_wait_scacquire",2839356,2839356,1940,6197219348279214,6197219352279361
"HSA_CORE_API","hsa_signal_wait_scacquire",2839356,2839356,1941,6197219352279651,6197219356279808
"HSA_CORE_API","hsa_signal_wait_scacquire",2839356,2839356,1942,6197219356280098,6197219360280244
"HSA_CORE_API","hsa_signal_wait_scacquire",2839356,2839356,1943,6197219360280724,6197219364280871
"HSA_CORE_API","hsa_signal_wait_scacquire",2839356,2839356,1944,6197219364281351,6197219368281498
"HSA_CORE_API","hsa_signal_wait_scacquire",2839356,2839356,1945,6197219368281978,6197219372282124
"HSA_CORE_API","hsa_signal_wait_scacquire",2839356,2839356,1946,6197219372282604,6197219376282761
"HSA_CORE_API","hsa_signal_wait_scacquire",2839356,2839356,1947,6197219376283241,6197219380283388
"HSA_CORE_API","hsa_signal_wait_scacquire",2839356,2839356,1948,6197219380283868,6197219384284014
"HSA_CORE_API","hsa_signal_wait_scacquire",2839356,2839356,1949,6197219384284494,6197219388284641
"HSA_CORE_API","hsa_signal_wait_scacquire",2839356,2839356,1950,6197219388285121,6197219392285268
"HSA_CORE_API","hsa_signal_wait_scacquire",2839356,2839356,1951,6197219392285748,6197219396285894
"HSA_CORE_API","hsa_signal_wait_scacquire",2839356,2839356,1952,6197219396286374,6197219400286521
"HSA_CORE_API","hsa_signal_wait_scacquire",2839356,2839356,1953,6197219400287001,6197219404287148
"HSA_CORE_API","hsa_signal_wait_scacquire",2839356,2839356,1954,6197219404287628,6197219408287774
"HSA_CORE_API","hsa_signal_wait_scacquire",2839356,2839356,1955,6197219408288074,6197219412288261
"HSA_CORE_API","hsa_signal_wait_scacquire",2839356,2839356,1956,6197219412288571,6197219416288517
"HSA_CORE_API","hsa_signal_wait_scacquire",2839356,2839356,1957,6197219416288807,6197219420288764
"HSA_CORE_API","hsa_signal_wait_scacquire",2839356,2839356,1958,6197219420289054,6197219424289011
"HSA_CORE_API","hsa_signal_wait_scacquire",2839356,2839356,1959,6197219424289301,6197219428289248
"HSA_CORE_API","hsa_signal_wait_scacquire",2839356,2839356,1960,6197219428289548,6197219432289504
"HSA_CORE_API","hsa_signal_wait_scacquire",2839356,2839356,1961,6197219432289804,6197219436289751
"HSA_CORE_API","hsa_signal_wait_scacquire",2839356,2839356,1962,6197219436290041,6197219440290007
"HSA_CORE_API","hsa_signal_wait_scacquire",2839356,2839356,1963,6197219440290297,6197219444290254
"HSA_CORE_API","hsa_signal_wait_scacquire",2839356,2839356,1964,6197219444290544,6197219448290511
"HSA_CORE_API","hsa_signal_wait_scacquire",2839356,2839356,1965,6197219448290801,6197219452290757
"HSA_CORE_API","hsa_signal_wait_scacquire",2839356,2839356,1966,6197219452293227,6197219456293374
"HSA_CORE_API","hsa_signal_wait_scacquire",2839356,2839356,1967,6197219456293674,6197219460293631
"HSA_CORE_API","hsa_signal_wait_scacquire",2839356,2839356,1968,6197219460293921,6197219464293867
"HSA_CORE_API","hsa_signal_wait_scacquire",2839356,2839356,1969,6197219464294167,6197219468294114
"HSA_CORE_API","hsa_signal_wait_scacquire",2839356,2839356,1970,6197219468294494,6197219472294451
"HSA_CORE_API","hsa_signal_wait_scacquire",2839356,2839356,1971,6197219472294751,6197219476294707
"HSA_CORE_API","hsa_signal_wait_scacquire",2839356,2839356,1972,6197219476294997,6197219480294964
"HSA_CORE_API","hsa_signal_wait_scacquire",2839356,2839356,1973,6197219480295254,6197219484295211
"HSA_CORE_API","hsa_signal_wait_scacquire",2839356,2839356,1974,6197219484295511,6197219488295457
"HSA_CORE_API","hsa_signal_wait_scacquire",2839356,2839356,1975,6197219488295757,6197219492295704
"HSA_CORE_API","hsa_signal_wait_scacquire",2839356,2839356,1976,6197219492295994,6197219496295951
"HSA_CORE_API","hsa_signal_wait_scacquire",2839356,2839356,1977,6197219496296241,6197219500296187
"HSA_CORE_API","hsa_signal_wait_scacquire",2839356,2839356,1978,6197219500296487,6197219504296434
"HSA_CORE_API","hsa_signal_wait_scacquire",2839356,2839356,1979,6197219504296734,6197219508296680
"HSA_CORE_API","hsa_signal_wait_scacquire",2839356,2839356,1980,6197219508296980,6197219512296937
"HSA_CORE_API","hsa_signal_wait_scacquire",2839356,2839356,1981,6197219512297237,6197219516297184
"HSA_CORE_API","hsa_signal_wait_scacquire",2839356,2839356,1982,6197219516297484,6197219520297630
"HSA_CORE_API","hsa_signal_wait_scacquire",2839356,2839356,1983,6197219520297920,6197219524297867
"HSA_CORE_API","hsa_signal_wait_scacquire",2839356,2839356,1984,6197219524298167,6197219528298114
"HSA_CORE_API","hsa_signal_wait_scacquire",2839356,2839356,1985,6197219528298554,6197219532298511
"HSA_CORE_API","hsa_signal_wait_scacquire",2839356,2839356,1986,6197219532299410,6197219536299357
"HSA_CORE_API","hsa_signal_wait_scacquire",2839356,2839356,1987,6197219536299647,6197219540299794
"HSA_CORE_API","hsa_signal_wait_scacquire",2839356,2839356,1988,6197219540300374,6197219544300320
"HSA_CORE_API","hsa_signal_wait_scacquire",2839356,2839356,1989,6197219544300620,6197219548300597
"HSA_CORE_API","hsa_signal_wait_scacquire",2839356,2839356,1990,6197219548300987,6197219552300934
"HSA_CORE_API","hsa_signal_wait_scacquire",2839356,2839356,1991,6197219552301234,6197219556301190
"HSA_CORE_API","hsa_signal_wait_scacquire",2839356,2839356,1992,6197219556301480,6197219560301437
"HSA_CORE_API","hsa_signal_wait_scacquire",2839356,2839356,1993,6197219560301727,6197219564301684
"HSA_CORE_API","hsa_signal_wait_scacquire",2839356,2839356,1994,6197219564301974,6197219568301920
"HSA_CORE_API","hsa_signal_wait_scacquire",2839356,2839356,1995,6197219568302220,6197219572302367
"HSA_CORE_API","hsa_signal_wait_scacquire",2839356,2839356,1996,6197219572302847,6197219576302994
"HSA_CORE_API","hsa_signal_wait_scacquire",2839356,2839356,1997,6197219576303474,6197219580303440
"HSA_CORE_API","hsa_signal_wait_scacquire",2839356,2839356,1998,6197219580303730,6197219584303707
"HSA_CORE_API","hsa_signal_wait_scacquire",2839356,2839356,1999,6197219584304007,6197219588303964
"HSA_CORE_API","hsa_signal_wait_scacquire",2839356,2839356,2000,6197219588304254,6197219592304200
"HSA_CORE_API","hsa_signal_wait_scacquire",2839356,2839356,2001,6197219592304500,6197219596304457
"HSA_CORE_API","hsa_signal_wait_scacquire",2839356,2839356,2002,6197219596304747,6197219600304694
"HSA_CORE_API","hsa_signal_wait_scacquire",2839356,2839356,2003,6197219600304994,6197219604304940
"HSA_CORE_API","hsa_signal_wait_scacquire",2839356,2839356,2004,6197219604305240,6197219608305187
"HSA_CORE_API","hsa_signal_wait_scacquire",2839356,2839356,2005,6197219608305537,6197219612305493
"HSA_CORE_API","hsa_signal_wait_scacquire",2839356,2839356,2006,6197219612305793,6197219616305750
"HSA_CORE_API","hsa_signal_wait_scacquire",2839356,2839356,2007,6197219616306040,6197219620305997
"HSA_CORE_API","hsa_signal_wait_scacquire",2839356,2839356,2008,6197219620306297,6197219624306244
"HSA_CORE_API","hsa_signal_wait_scacquire",2839356,2839356,2009,6197219624306544,6197219628306490
"HSA_CORE_API","hsa_signal_wait_scacquire",2839356,2839356,2010,6197219628306790,6197219632306747
"HSA_CORE_API","hsa_signal_wait_scacquire",2839356,2839356,2011,6197219632307047,6197219636306994
"HSA_CORE_API","hsa_signal_wait_scacquire",2839356,2839356,2012,6197219636307294,6197219640307430
"HSA_CORE_API","hsa_signal_wait_scacquire",2839356,2839356,2013,6197219640307910,6197219644307857
"HSA_CORE_API","hsa_signal_wait_scacquire",2839356,2839356,2014,6197219644308147,6197219648308093
"HSA_CORE_API","hsa_signal_wait_scacquire",2839356,2839356,2015,6197219648308383,6197219652308330
"HSA_CORE_API","hsa_signal_wait_scacquire",2839356,2839356,2016,6197219652308620,6197219656308577
"HSA_CORE_API","hsa_signal_wait_scacquire",2839356,2839356,2017,6197219656308867,6197219660308823
"HSA_CORE_API","hsa_signal_wait_scacquire",2839356,2839356,2018,6197219660309113,6197219664309060
"HSA_CORE_API","hsa_signal_wait_scacquire",2839356,2839356,2019,6197219664309360,6197219668309517
"HSA_CORE_API","hsa_signal_wait_scacquire",2839356,2839356,2020,6197219668309997,6197219672309953
"HSA_CORE_API","hsa_signal_wait_scacquire",2839356,2839356,2021,6197219672310243,6197219676310200
"HSA_CORE_API","hsa_signal_wait_scacquire",2839356,2839356,2022,6197219676310490,6197219680310437
"HSA_CORE_API","hsa_signal_wait_scacquire",2839356,2839356,2023,6197219680310737,6197219684310693
"HSA_CORE_API","hsa_signal_wait_scacquire",2839356,2839356,2024,6197219684310983,6197219688310930
"HSA_CORE_API","hsa_signal_wait_scacquire",2839356,2839356,2025,6197219688311300,6197219692311257
"HSA_CORE_API","hsa_signal_wait_scacquire",2839356,2839356,2026,6197219692311547,6197219696311493
"HSA_CORE_API","hsa_signal_wait_scacquire",2839356,2839356,2027,6197219696311783,6197219700311740
"HSA_CORE_API","hsa_signal_wait_scacquire",2839356,2839356,2028,6197219700312040,6197219704311987
"HSA_CORE_API","hsa_signal_wait_scacquire",2839356,2839356,2029,6197219704312287,6197219708312433
"HSA_CORE_API","hsa_signal_wait_scacquire",2839356,2839356,2030,6197219708312913,6197219712313080
"HSA_CORE_API","hsa_signal_wait_scacquire",2839356,2839356,2031,6197219712313380,6197219716313327
"HSA_CORE_API","hsa_signal_wait_scacquire",2839356,2839356,2032,6197219716313627,6197219720313573
"HSA_CORE_API","hsa_signal_wait_scacquire",2839356,2839356,2033,6197219720313943,6197219724314090
"HSA_CORE_API","hsa_signal_wait_scacquire",2839356,2839356,2034,6197219724314570,6197219728314537
"HSA_CORE_API","hsa_signal_wait_scacquire",2839356,2839356,2035,6197219728314827,6197219732314783
"HSA_CORE_API","hsa_signal_wait_scacquire",2839356,2839356,2036,6197219732315073,6197219736315030
"HSA_CORE_API","hsa_signal_wait_scacquire",2839356,2839356,2037,6197219736315390,6197219740315347
"HSA_CORE_API","hsa_signal_wait_scacquire",2839356,2839356,2038,6197219740315637,6197219744315583
"HSA_CORE_API","hsa_signal_wait_scacquire",2839356,2839356,2039,6197219744315973,6197219748315930
"HSA_CORE_API","hsa_signal_wait_scacquire",2839356,2839356,2040,6197219748316820,6197219752316767
"HSA_CORE_API","hsa_signal_wait_scacquire",2839356,2839356,2041,6197219752317067,6197219756317023
"HSA_CORE_API","hsa_signal_wait_scacquire",2839356,2839356,2042,6197219756317313,6197219760317260
"HSA_CORE_API","hsa_signal_wait_scacquire",2839356,2839356,2043,6197219760317640,6197219764317597
"HSA_CORE_API","hsa_signal_wait_scacquire",2839356,2839356,2044,6197219764317887,6197219768317843
"HSA_CORE_API","hsa_signal_wait_scacquire",2839356,2839356,2045,6197219768318133,6197219772318080
"HSA_CORE_API","hsa_signal_wait_scacquire",2839356,2839356,2046,6197219772318380,6197219776318327
"HSA_CORE_API","hsa_signal_wait_scacquire",2839356,2839356,2047,6197219776318617,6197219780318573
"HSA_CORE_API","hsa_signal_wait_scacquire",2839356,2839356,2048,6197219780318863,6197219784318820
"HSA_CORE_API","hsa_signal_wait_scacquire",2839356,2839356,2049,6197219784319260,6197219788319207
"HSA_CORE_API","hsa_signal_wait_scacquire",2839356,2839356,2050,6197219788319837,6197219792319793
"HSA_CORE_API","hsa_signal_wait_scacquire",2839356,2839356,2051,6197219792320083,6197219796320230
"HSA_CORE_API","hsa_signal_wait_scacquire",2839356,2839356,2052,6197219796320710,6197219800320656
"HSA_CORE_API","hsa_signal_wait_scacquire",2839356,2839356,2053,6197219800320946,6197219804320893
"HSA_CORE_API","hsa_signal_wait_scacquire",2839356,2839356,2054,6197219804321193,6197219808321140
"HSA_CORE_API","hsa_signal_wait_scacquire",2839356,2839356,2055,6197219808321440,6197219812321397
"HSA_CORE_API","hsa_signal_wait_scacquire",2839356,2839356,2056,6197219812321687,6197219816321633
"HSA_CORE_API","hsa_signal_wait_scacquire",2839356,2839356,2057,6197219816321933,6197219820321880
"HSA_CORE_API","hsa_signal_wait_scacquire",2839356,2839356,2058,6197219820322180,6197219824322136
"HSA_CORE_API","hsa_signal_wait_scacquire",2839356,2839356,2059,6197219824322426,6197219828322383
"HSA_CORE_API","hsa_signal_wait_scacquire",2839356,2839356,2060,6197219828322673,6197219832322640
"HSA_CORE_API","hsa_signal_wait_scacquire",2839356,2839356,2061,6197219832322940,6197219836322896
"HSA_CORE_API","hsa_signal_wait_scacquire",2839356,2839356,2062,6197219836323186,6197219840323133
"HSA_CORE_API","hsa_signal_wait_scacquire",2839356,2839356,2063,6197219840323423,6197219844323370
"HSA_CORE_API","hsa_signal_wait_scacquire",2839356,2839356,2064,6197219844323670,6197219848323626
"HSA_CORE_API","hsa_signal_wait_scacquire",2839356,2839356,2065,6197219848323916,6197219852323863
"HSA_CORE_API","hsa_signal_wait_scacquire",2839356,2839356,2066,6197219852324153,6197219856324110
"HSA_CORE_API","hsa_signal_wait_scacquire",2839356,2839356,2067,6197219856324410,6197219860324346
"HSA_CORE_API","hsa_signal_wait_scacquire",2839356,2839356,2068,6197219860324646,6197219864324593
"HSA_CORE_API","hsa_signal_wait_scacquire",2839356,2839356,2069,6197219864324893,6197219868324840
"HSA_CORE_API","hsa_signal_wait_scacquire",2839356,2839356,2070,6197219868325130,6197219872325086
"HSA_CORE_API","hsa_signal_wait_scacquire",2839356,2839356,2071,6197219872325376,6197219876325353
"HSA_CORE_API","hsa_signal_wait_scacquire",2839356,2839356,2072,6197219876325653,6197219880325600
"HSA_CORE_API","hsa_signal_wait_scacquire",2839356,2839356,2073,6197219880325890,6197219884325846
"HSA_CORE_API","hsa_signal_wait_scacquire",2839356,2839356,2074,6197219884326146,6197219888326103
"HSA_CORE_API","hsa_signal_wait_scacquire",2839356,2839356,2075,6197219888326393,6197219892326350
"HSA_CORE_API","hsa_signal_wait_scacquire",2839356,2839356,2076,6197219892326640,6197219896326786
"HSA_CORE_API","hsa_signal_wait_scacquire",2839356,2839356,2077,6197219896327266,6197219900327223
"HSA_CORE_API","hsa_signal_wait_scacquire",2839356,2839356,2078,6197219900327513,6197219904327460
"HSA_CORE_API","hsa_signal_wait_scacquire",2839356,2839356,2079,6197219904327760,6197219908327716
"HSA_CORE_API","hsa_signal_wait_scacquire",2839356,2839356,2080,6197219908328006,6197219912327983
"HSA_CORE_API","hsa_signal_wait_scacquire",2839356,2839356,2081,6197219912328283,6197219916328240
"HSA_CORE_API","hsa_signal_wait_scacquire",2839356,2839356,2082,6197219916328540,6197219920328496
"HSA_CORE_API","hsa_signal_wait_scacquire",2839356,2839356,2083,6197219920328786,6197219924328743
"HSA_CORE_API","hsa_signal_wait_scacquire",2839356,2839356,2084,6197219924329033,6197219928328980
"HSA_CORE_API","hsa_signal_wait_scacquire",2839356,2839356,2085,6197219928329270,6197219932329226
"HSA_CORE_API","hsa_signal_wait_scacquire",2839356,2839356,2086,6197219932329516,6197219936329473
"HSA_CORE_API","hsa_signal_wait_scacquire",2839356,2839356,2087,6197219936329763,6197219940329710
"HSA_CORE_API","hsa_signal_wait_scacquire",2839356,2839356,2088,6197219940330090,6197219944330046
"HSA_CORE_API","hsa_signal_wait_scacquire",2839356,2839356,2089,6197219944330336,6197219948330293
"HSA_CORE_API","hsa_signal_wait_scacquire",2839356,2839356,2090,6197219948330593,6197219952330540
"HSA_CORE_API","hsa_signal_wait_scacquire",2839356,2839356,2091,6197219952330840,6197219956330806
"HSA_CORE_API","hsa_signal_wait_scacquire",2839356,2839356,2092,6197219956331186,6197219960331143
"HSA_CORE_API","hsa_signal_wait_scacquire",2839356,2839356,2093,6197219960331443,6197219964331390
"HSA_CORE_API","hsa_signal_wait_scacquire",2839356,2839356,2094,6197219964331690,6197219968331636
"HSA_CORE_API","hsa_signal_wait_scacquire",2839356,2839356,2095,6197219968331936,6197219972331893
"HSA_CORE_API","hsa_signal_wait_scacquire",2839356,2839356,2096,6197219972332573,6197219976332520
"HSA_CORE_API","hsa_signal_wait_scacquire",2839356,2839356,2097,6197219976332820,6197219980332776
"HSA_CORE_API","hsa_signal_wait_scacquire",2839356,2839356,2098,6197219980333066,6197219984333023
"HSA_CORE_API","hsa_signal_wait_scacquire",2839356,2839356,2099,6197219984333313,6197219988333400
"HSA_CORE_API","hsa_signal_wait_scacquire",2839356,2839356,2100,6197219988333890,6197219992333876
"HSA_CORE_API","hsa_signal_wait_scacquire",2839356,2839356,2101,6197219992334166,6197219996334123
"HSA_CORE_API","hsa_signal_wait_scacquire",2839356,2839356,2102,6197219996334423,6197220000334380
"HSA_CORE_API","hsa_signal_wait_scacquire",2839356,2839356,2103,6197220000334690,6197220004334656
"HSA_CORE_API","hsa_signal_wait_scacquire",2839356,2839356,2104,6197220004336706,6197220008336663
"HSA_CORE_API","hsa_signal_wait_scacquire",2839356,2839356,2105,6197220008336953,6197220012336899
"HSA_CORE_API","hsa_signal_wait_scacquire",2839356,2839356,2106,6197220012337199,6197220016337156
"HSA_CORE_API","hsa_signal_wait_scacquire",2839356,2839356,2107,6197220016337446,6197220020337423
"HSA_CORE_API","hsa_signal_wait_scacquire",2839356,2839356,2108,6197220020337993,6197220024337939
"HSA_CORE_API","hsa_signal_wait_scacquire",2839356,2839356,2109,6197220024338239,6197220028338186
"HSA_CORE_API","hsa_signal_wait_scacquire",2839356,2839356,2110,6197220028338486,6197220032338443
"HSA_CORE_API","hsa_signal_wait_scacquire",2839356,2839356,2111,6197220032338743,6197220036338689
"HSA_CORE_API","hsa_signal_wait_scacquire",2839356,2839356,2112,6197220036338989,6197220040338946
"HSA_CORE_API","hsa_signal_wait_scacquire",2839356,2839356,2113,6197220040339386,6197220044339333
"HSA_CORE_API","hsa_signal_wait_scacquire",2839356,2839356,2114,6197220044341213,6197220048341179
"HSA_CORE_API","hsa_signal_wait_scacquire",2839356,2839356,2115,6197220048341469,6197220052341426
"HSA_CORE_API","hsa_signal_wait_scacquire",2839356,2839356,2116,6197220052341906,6197220056341853
"HSA_CORE_API","hsa_signal_wait_scacquire",2839356,2839356,2117,6197220056342783,6197220060342739
"HSA_CORE_API","hsa_signal_wait_scacquire",2839356,2839356,2118,6197220060343029,6197220064342976
"HSA_CORE_API","hsa_signal_wait_scacquire",2839356,2839356,2119,6197220064343276,6197220068343233
"HSA_CORE_API","hsa_signal_wait_scacquire",2839356,2839356,2120,6197220068343923,6197220072343869
"HSA_CORE_API","hsa_signal_wait_scacquire",2839356,2839356,2121,6197220072344169,6197220076344126
"HSA_CORE_API","hsa_signal_wait_scacquire",2839356,2839356,2122,6197220076344476,6197220080344433
"HSA_CORE_API","hsa_signal_wait_scacquire",2839356,2839356,2123,6197220080344973,6197220084344919
"HSA_CORE_API","hsa_signal_wait_scacquire",2839356,2839356,2124,6197220084345369,6197220088345326
"HSA_CORE_API","hsa_signal_wait_scacquire",2839356,2839356,2125,6197220088345616,6197220092345563
"HSA_CORE_API","hsa_signal_wait_scacquire",2839356,2839356,2126,6197220092345863,6197220096345819
"HSA_CORE_API","hsa_signal_wait_scacquire",2839356,2839356,2127,6197220096346109,6197220100346056
"HSA_CORE_API","hsa_signal_wait_scacquire",2839356,2839356,2128,6197220100346356,6197220104346313
"HSA_CORE_API","hsa_signal_wait_scacquire",2839356,2839356,2129,6197220104346603,6197220108346559
"HSA_CORE_API","hsa_signal_wait_scacquire",2839356,2839356,2130,6197220108346859,6197220112346806
"HSA_CORE_API","hsa_signal_wait_scacquire",2839356,2839356,2131,6197220112347096,6197220116347053
"HSA_CORE_API","hsa_signal_wait_scacquire",2839356,2839356,2132,6197220116347343,6197220120347289
"HSA_CORE_API","hsa_signal_wait_scacquire",2839356,2839356,2133,6197220120347589,6197220124347546
"HSA_CORE_API","hsa_signal_wait_scacquire",2839356,2839356,2134,6197220124347836,6197220128347783
"HSA_CORE_API","hsa_signal_wait_scacquire",2839356,2839356,2135,6197220128348083,6197220132348039
"HSA_CORE_API","hsa_signal_wait_scacquire",2839356,2839356,2136,6197220132348919,6197220136348866
"HSA_CORE_API","hsa_signal_wait_scacquire",2839356,2839356,2137,6197220136349166,6197220140349123
"HSA_CORE_API","hsa_signal_wait_scacquire",2839356,2839356,2138,6197220140349413,6197220144349369
"HSA_CORE_API","hsa_signal_wait_scacquire",2839356,2839356,2139,6197220144349659,6197220148349606
"HSA_CORE_API","hsa_signal_wait_scacquire",2839356,2839356,2140,6197220148349906,6197220152349853
"HSA_CORE_API","hsa_signal_wait_scacquire",2839356,2839356,2141,6197220152350333,6197220156350279
"HSA_CORE_API","hsa_signal_wait_scacquire",2839356,2839356,2142,6197220156350579,6197220160350526
"HSA_CORE_API","hsa_signal_wait_scacquire",2839356,2839356,2143,6197220160350826,6197220164350772
"HSA_CORE_API","hsa_signal_wait_scacquire",2839356,2839356,2144,6197220164351072,6197220168351029
"HSA_CORE_API","hsa_signal_wait_scacquire",2839356,2839356,2145,6197220168351319,6197220172351266
"HSA_CORE_API","hsa_signal_wait_scacquire",2839356,2839356,2146,6197220172351916,6197220176351873
"HSA_CORE_API","hsa_signal_wait_scacquire",2839356,2839356,2147,6197220176352373,6197220180352329
"HSA_CORE_API","hsa_signal_wait_scacquire",2839356,2839356,2148,6197220180352999,6197220184352946
"HSA_CORE_API","hsa_signal_wait_scacquire",2839356,2839356,2149,6197220184353486,6197220188353442
"HSA_CORE_API","hsa_signal_wait_scacquire",2839356,2839356,2150,6197220188353732,6197220192353679
"HSA_CORE_API","hsa_signal_wait_scacquire",2839356,2839356,2151,6197220192354169,6197220196354116
"HSA_CORE_API","hsa_signal_wait_scacquire",2839356,2839356,2152,6197220196354426,6197220200354373
"HSA_CORE_API","hsa_signal_wait_scacquire",2839356,2839356,2153,6197220200354673,6197220204354629
"HSA_CORE_API","hsa_signal_wait_scacquire",2839356,2839356,2154,6197220204354919,6197220208354866
"HSA_CORE_API","hsa_signal_wait_scacquire",2839356,2839356,2155,6197220208355556,6197220212355503
"HSA_CORE_API","hsa_signal_wait_scacquire",2839356,2839356,2156,6197220212355803,6197220216355759
"HSA_CORE_API","hsa_signal_wait_scacquire",2839356,2839356,2157,6197220216356049,6197220220355996
"HSA_CORE_API","hsa_signal_wait_scacquire",2839356,2839356,2158,6197220220356686,6197220224356633
"HSA_CORE_API","hsa_signal_wait_scacquire",2839356,2839356,2159,6197220224356923,6197220228356879
"HSA_CORE_API","hsa_signal_wait_scacquire",2839356,2839356,2160,6197220228357169,6197220232357126
"HSA_CORE_API","hsa_signal_wait_scacquire",2839356,2839356,2161,6197220232357986,6197220236357942
"HSA_CORE_API","hsa_signal_wait_scacquire",2839356,2839356,2162,6197220236358612,6197220240358569
"HSA_CORE_API","hsa_signal_wait_scacquire",2839356,2839356,2163,6197220240358859,6197220244359006
"HSA_CORE_API","hsa_signal_wait_scacquire",2839356,2839356,2164,6197220244359306,6197220248359252
"HSA_CORE_API","hsa_signal_wait_scacquire",2839356,2839356,2165,6197220248359542,6197220252359509
"HSA_CORE_API","hsa_signal_wait_scacquire",2839356,2839356,2166,6197220252359799,6197220256359756
"HSA_CORE_API","hsa_signal_wait_scacquire",2839356,2839356,2167,6197220256360046,6197220260360202
"HSA_CORE_API","hsa_signal_wait_scacquire",2839356,2839356,2168,6197220260360872,6197220264360829
"HSA_CORE_API","hsa_signal_wait_scacquire",2839356,2839356,2169,6197220264361289,6197220268361236
"HSA_CORE_API","hsa_signal_wait_scacquire",2839356,2839356,2170,6197220268361716,6197220272361672
"HSA_CORE_API","hsa_signal_wait_scacquire",2839356,2839356,2171,6197220272362052,6197220276362009
"HSA_CORE_API","hsa_signal_wait_scacquire",2839356,2839356,2172,6197220276362309,6197220280362266
"HSA_CORE_API","hsa_signal_wait_scacquire",2839356,2839356,2173,6197220280362556,6197220284362512
"HSA_CORE_API","hsa_signal_wait_scacquire",2839356,2839356,2174,6197220284363002,6197220288362959
"HSA_CORE_API","hsa_signal_wait_scacquire",2839356,2839356,2175,6197220288363249,6197220292363206
"HSA_CORE_API","hsa_signal_wait_scacquire",2839356,2839356,2176,6197220292363496,6197220296363442
"HSA_CORE_API","hsa_signal_wait_scacquire",2839356,2839356,2177,6197220296371072,6197220300371019
"HSA_CORE_API","hsa_signal_wait_scacquire",2839356,2839356,2178,6197220300371869,6197220304372025
"HSA_CORE_API","hsa_signal_wait_scacquire",2839356,2839356,2179,6197220304372315,6197220308372552
"HSA_CORE_API","hsa_signal_wait_scacquire",2839356,2839356,2180,6197220308373052,6197220312372999
"HSA_CORE_API","hsa_signal_wait_scacquire",2839356,2839356,2181,6197220312373299,6197220316373245
"HSA_CORE_API","hsa_signal_wait_scacquire",2839356,2839356,2182,6197220316373545,6197220320373492
"HSA_CORE_API","hsa_signal_wait_scacquire",2839356,2839356,2183,6197220320373792,6197220324373939
"HSA_CORE_API","hsa_signal_wait_scacquire",2839356,2839356,2184,6197220324374249,6197220328374195
"HSA_CORE_API","hsa_signal_wait_scacquire",2839356,2839356,2185,6197220328374505,6197220332374462
"HSA_CORE_API","hsa_signal_wait_scacquire",2839356,2839356,2186,6197220332374762,6197220336374719
"HSA_CORE_API","hsa_signal_wait_scacquire",2839356,2839356,2187,6197220336375009,6197220340374955
"HSA_CORE_API","hsa_signal_wait_scacquire",2839356,2839356,2188,6197220340375465,6197220344375422
"HSA_CORE_API","hsa_signal_wait_scacquire",2839356,2839356,2189,6197220344375892,6197220348375839
"HSA_CORE_API","hsa_signal_wait_scacquire",2839356,2839356,2190,6197220348376139,6197220352376085
"HSA_CORE_API","hsa_signal_wait_scacquire",2839356,2839356,2191,6197220352376385,6197220356376332
"HSA_CORE_API","hsa_signal_wait_scacquire",2839356,2839356,2192,6197220356376632,6197220360376579
"HSA_CORE_API","hsa_signal_wait_scacquire",2839356,2839356,2193,6197220360376879,6197220364376825
"HSA_CORE_API","hsa_signal_wait_scacquire",2839356,2839356,2194,6197220364377475,6197220368377692
"HSA_CORE_API","hsa_signal_wait_scacquire",2839356,2839356,2195,6197220368378192,6197220372378139
"HSA_CORE_API","hsa_signal_wait_scacquire",2839356,2839356,2196,6197220372378439,6197220376378655
"HSA_CORE_API","hsa_signal_wait_scacquire",2839356,2839356,2197,6197220376378955,6197220380378912
"HSA_CORE_API","hsa_signal_wait_scacquire",2839356,2839356,2198,6197220380379202,6197220384379159
"HSA_CORE_API","hsa_signal_wait_scacquire",2839356,2839356,2199,6197220384379449,6197220388379405
"HSA_CORE_API","hsa_signal_wait_scacquire",2839356,2839356,2200,6197220388379875,6197220392379842
"HSA_CORE_API","hsa_signal_wait_scacquire",2839356,2839356,2201,6197220392380132,6197220396380089
"HSA_CORE_API","hsa_signal_wait_scacquire",2839356,2839356,2202,6197220396380379,6197220400380525
"HSA_CORE_API","hsa_signal_wait_scacquire",2839356,2839356,2203,6197220400381275,6197220404381222
"HSA_CORE_API","hsa_signal_wait_scacquire",2839356,2839356,2204,6197220404381522,6197220408381469
"HSA_CORE_API","hsa_signal_wait_scacquire",2839356,2839356,2205,6197220408381769,6197220412381715
"HSA_CORE_API","hsa_signal_wait_scacquire",2839356,2839356,2206,6197220412382165,6197220416382112
"HSA_CORE_API","hsa_signal_wait_scacquire",2839356,2839356,2207,6197220416382412,6197220420382359
"HSA_CORE_API","hsa_signal_wait_scacquire",2839356,2839356,2208,6197220420382659,6197220424382615
"HSA_CORE_API","hsa_signal_wait_scacquire",2839356,2839356,2209,6197220424382905,6197220428382852
"HSA_CORE_API","hsa_signal_wait_scacquire",2839356,2839356,2210,6197220428383142,6197220432383299
"HSA_CORE_API","hsa_signal_wait_scacquire",2839356,2839356,2211,6197220432383889,6197220436383845
"HSA_CORE_API","hsa_signal_wait_scacquire",2839356,2839356,2212,6197220436384135,6197220440384092
"HSA_CORE_API","hsa_signal_wait_scacquire",2839356,2839356,2213,6197220440384382,6197220444384339
"HSA_CORE_API","hsa_signal_wait_scacquire",2839356,2839356,2214,6197220444384629,6197220448384575
"HSA_CORE_API","hsa_signal_wait_scacquire",2839356,2839356,2215,6197220448384865,6197220452384822
"HSA_CORE_API","hsa_signal_wait_scacquire",2839356,2839356,2216,6197220452385322,6197220456385278
"HSA_CORE_API","hsa_signal_wait_scacquire",2839356,2839356,2217,6197220456385568,6197220460385515
"HSA_CORE_API","hsa_signal_wait_scacquire",2839356,2839356,2218,6197220460386015,6197220464385972
"HSA_CORE_API","hsa_signal_wait_scacquire",2839356,2839356,2219,6197220464386852,6197220468386798
"HSA_CORE_API","hsa_signal_wait_scacquire",2839356,2839356,2220,6197220468387098,6197220472387055
"HSA_CORE_API","hsa_signal_wait_scacquire",2839356,2839356,2221,6197220472387355,6197220476387312
"HSA_CORE_API","hsa_signal_wait_scacquire",2839356,2839356,2222,6197220476387602,6197220480387548
"HSA_CORE_API","hsa_signal_wait_scacquire",2839356,2839356,2223,6197220480387838,6197220484387795
"HSA_CORE_API","hsa_signal_wait_scacquire",2839356,2839356,2224,6197220484388085,6197220488388042
"HSA_CORE_API","hsa_signal_wait_scacquire",2839356,2839356,2225,6197220488388332,6197220492388288
"HSA_CORE_API","hsa_signal_wait_scacquire",2839356,2839356,2226,6197220492388588,6197220496388535
"HSA_CORE_API","hsa_signal_wait_scacquire",2839356,2839356,2227,6197220496388825,6197220500388782
"HSA_CORE_API","hsa_signal_wait_scacquire",2839356,2839356,2228,6197220500389082,6197220504389038
"HSA_CORE_API","hsa_signal_wait_scacquire",2839356,2839356,2229,6197220504389398,6197220508389545
"HSA_CORE_API","hsa_signal_wait_scacquire",2839356,2839356,2230,6197220508389845,6197220512389802
"HSA_CORE_API","hsa_signal_wait_scacquire",2839356,2839356,2231,6197220512390262,6197220516390208
"HSA_CORE_API","hsa_signal_wait_scacquire",2839356,2839356,2232,6197220516390498,6197220520390455
"HSA_CORE_API","hsa_signal_wait_scacquire",2839356,2839356,2233,6197220520390935,6197220524390882
"HSA_CORE_API","hsa_signal_wait_scacquire",2839356,2839356,2234,6197220524391942,6197220528391888
"HSA_CORE_API","hsa_signal_wait_scacquire",2839356,2839356,2235,6197220528392188,6197220532392145
"HSA_CORE_API","hsa_signal_wait_scacquire",2839356,2839356,2236,6197220532392435,6197220536392392
"HSA_CORE_API","hsa_signal_wait_scacquire",2839356,2839356,2237,6197220536392682,6197220540392628
"HSA_CORE_API","hsa_signal_wait_scacquire",2839356,2839356,2238,6197220540392928,6197220544392885
"HSA_CORE_API","hsa_signal_wait_scacquire",2839356,2839356,2239,6197220544393175,6197220548393132
"HSA_CORE_API","hsa_signal_wait_scacquire",2839356,2839356,2240,6197220548393432,6197220552393378
"HSA_CORE_API","hsa_signal_wait_scacquire",2839356,2839356,2241,6197220552398778,6197220556398735
"HSA_CORE_API","hsa_signal_wait_scacquire",2839356,2839356,2242,6197220556399325,6197220560399282
"HSA_CORE_API","hsa_signal_wait_scacquire",2839356,2839356,2243,6197220560399882,6197220564399868
"HSA_CORE_API","hsa_signal_wait_scacquire",2839356,2839356,2244,6197220564400548,6197220568400535
"HSA_CORE_API","hsa_signal_wait_scacquire",2839356,2839356,2245,6197220568400845,6197220572400801
"HSA_CORE_API","hsa_signal_wait_scacquire",2839356,2839356,2246,6197220572401101,6197220576401048
"HSA_CORE_API","hsa_signal_wait_scacquire",2839356,2839356,2247,6197220576401338,6197220580401295
"HSA_CORE_API","hsa_signal_wait_scacquire",2839356,2839356,2248,6197220580402095,6197220584402051
"HSA_CORE_API","hsa_signal_wait_scacquire",2839356,2839356,2249,6197220584402531,6197220588402498
"HSA_CORE_API","hsa_signal_wait_scacquire",2839356,2839356,2250,6197220588402788,6197220592402745
"HSA_CORE_API","hsa_signal_wait_scacquire",2839356,2839356,2251,6197220592403655,6197220596403611
"HSA_CORE_API","hsa_signal_wait_scacquire",2839356,2839356,2252,6197220596403911,6197220600403868
"HSA_CORE_API","hsa_signal_wait_scacquire",2839356,2839356,2253,6197220600404158,6197220604404105
"HSA_CORE_API","hsa_signal_wait_scacquire",2839356,2839356,2254,6197220604405025,6197220608404971
"HSA_CORE_API","hsa_signal_wait_scacquire",2839356,2839356,2255,6197220608405271,6197220612405218
"HSA_CORE_API","hsa_signal_wait_scacquire",2839356,2839356,2256,6197220612405708,6197220616405665
"HSA_CORE_API","hsa_signal_wait_scacquire",2839356,2839356,2257,6197220616405955,6197220620405911
"HSA_CORE_API","hsa_signal_wait_scacquire",2839356,2839356,2258,6197220620406551,6197220624406508
"HSA_CORE_API","hsa_signal_wait_scacquire",2839356,2839356,2259,6197220624407688,6197220628407635
"HSA_CORE_API","hsa_signal_wait_scacquire",2839356,2839356,2260,6197220628407935,6197220632407891
"HSA_CORE_API","hsa_signal_wait_scacquire",2839356,2839356,2261,6197220632408181,6197220636408138
"HSA_CORE_API","hsa_signal_wait_scacquire",2839356,2839356,2262,6197220636408428,6197220640408375
"HSA_CORE_API","hsa_signal_wait_scacquire",2839356,2839356,2263,6197220640408675,6197220644408631
"HSA_CORE_API","hsa_signal_wait_scacquire",2839356,2839356,2264,6197220644408921,6197220648408878
"HSA_CORE_API","hsa_signal_wait_scacquire",2839356,2839356,2265,6197220648409178,6197220650567202
"HSA_CORE_API","hsa_signal_load_relaxed",2839356,2839356,2266,6197220650584702,6197220650584752
"HSA_CORE_API","hsa_signal_load_relaxed",2839356,2839356,2267,6197220650585162,6197220650585182
"HSA_CORE_API","hsa_signal_load_relaxed",2839356,2839356,2268,6197220650585832,6197220650585852
"HSA_CORE_API","hsa_signal_load_relaxed",2839356,2839356,2269,6197220650586152,6197220650586182
"HSA_CORE_API","hsa_queue_add_write_index_screlease",2839356,2839356,2270,6197220650621471,6197220650621781
"HSA_CORE_API","hsa_signal_load_relaxed",2839356,2839356,2271,6197220650622571,6197220650622811
"HSA_CORE_API","hsa_signal_load_relaxed",2839356,2839356,2272,6197220650623081,6197220650623111
"HSA_CORE_API","hsa_signal_load_relaxed",2839356,2839356,2273,6197220650623591,6197220650623611
"HSA_CORE_API","hsa_signal_silent_store_relaxed",2839356,2839356,2274,6197220650623961,6197220650623991
"HSA_CORE_API","hsa_queue_load_read_index_scacquire",2839356,2839356,2275,6197220650624401,6197220650624891
"HSA_CORE_API","hsa_signal_store_screlease",2839356,2839356,2276,6197220650625291,6197220650625361
"HSA_CORE_API","hsa_signal_load_relaxed",2839356,2839356,2277,6197220650625861,6197220650625891
"HSA_CORE_API","hsa_signal_load_relaxed",2839356,2839356,2278,6197220650626201,6197220650626231
"HSA_CORE_API","hsa_signal_wait_scacquire",2839356,2839356,2279,6197220650626521,6197220650636570
"HSA_CORE_API","hsa_signal_load_relaxed",2839356,2839356,2280,6197220650637540,6197220650637570
"HSA_CORE_API","hsa_queue_add_write_index_screlease",2839356,2839356,2281,6197220650694569,6197220650694599
"HSA_CORE_API","hsa_queue_load_read_index_relaxed",2839356,2839356,2282,6197220650694949,6197220650695009
"HSA_CORE_API","hsa_signal_load_relaxed",2839356,2839356,2283,6197220650695309,6197220650695549
"HSA_CORE_API","hsa_signal_load_relaxed",2839356,2839356,2284,6197220650695809,6197220650695829
"HSA_CORE_API","hsa_signal_load_relaxed",2839356,2839356,2285,6197220650696109,6197220650696139
"HSA_CORE_API","hsa_signal_silent_store_relaxed",2839356,2839356,2286,6197220650697059,6197220650697339
"HSA_CORE_API","hsa_queue_load_read_index_scacquire",2839356,2839356,2287,6197220650705179,6197220650705209
"HSA_CORE_API","hsa_signal_store_screlease",2839356,2839356,2288,6197220650705519,6197220650705539
"HSA_CORE_API","hsa_signal_load_relaxed",2839356,2839653,2289,6197220650759397,6197220650759607
"HSA_CORE_API","hsa_signal_load_relaxed",2839356,2839653,2290,6197220650766517,6197220650766587
"HSA_CORE_API","hsa_signal_load_relaxed",2839356,2839653,2291,6197220650767677,6197220650767837
