"Domain","Function","Process_Id","Thread_Id","Correlation_Id","Start_Timestamp","End_Timestamp"
"HSA_CORE_API","hsa_system_get_major_extension_table",3133720,3133720,1,6201078823429901,6201078823430601
"HSA_CORE_API","hsa_agent_get_info",3133720,3133720,3,6201078823441320,6201078823441470
"HSA_CORE_API","hsa_agent_get_info",3133720,3133720,4,6201078823449320,6201078823449350
"HSA_CORE_API","hsa_agent_get_info",3133720,3133720,5,6201078823450260,6201078823450330
"HSA_CORE_API","hsa_iterate_agents",3133720,3133720,2,6201078823439340,6201078823450670
"HSA_CORE_API","hsa_agent_get_info",3133720,3133720,6,6201078823453160,6201078823453460
"HSA_CORE_API","hsa_agent_get_info",3133720,3133720,7,6201078823453770,6201078823453820
"HSA_CORE_API","hsa_agent_iterate_isas",3133720,3133720,8,6201078823456100,6201078823456490
"HSA_CORE_API","hsa_isa_get_info_alt",3133720,3133720,9,6201078823457840,6201078823468820
"HSA_CORE_API","hsa_isa_get_info_alt",3133720,3133720,10,6201078823469550,6201078823470740
"HSA_CORE_API","hsa_agent_get_info",3133720,3133720,11,6201078823478180,6201078823478230
"HSA_CORE_API","hsa_agent_get_info",3133720,3133720,12,6201078823478520,6201078823478759
"HSA_CORE_API","hsa_agent_get_info",3133720,3133720,13,6201078823481959,6201078823481999
"HSA_CORE_API","hsa_agent_get_info",3133720,3133720,14,6201078823524049,6201078823524089
"HSA_CORE_API","hsa_agent_get_info",3133720,3133720,15,6201078823524379,6201078823524429
"HSA_CORE_API","hsa_agent_get_info",3133720,3133720,16,6201078823526468,6201078823526538
"HSA_CORE_API","hsa_agent_get_info",3133720,3133720,17,6201078823526848,6201078823529698
"HSA_CORE_API","hsa_agent_get_info",3133720,3133720,18,6201078823530008,6201078823530068
"HSA_CORE_API","hsa_agent_get_info",3133720,3133720,19,6201078823530328,6201078823530358
"HSA_CORE_API","hsa_agent_get_info",3133720,3133720,20,6201078823530628,6201078823531208
"HSA_CORE_API","hsa_agent_get_info",3133720,3133720,21,6201078823531638,6201078823531948
"HSA_CORE_API","hsa_agent_get_info",3133720,3133720,22,6201078823540658,6201078823540708
"HSA_CORE_API","hsa_agent_get_info",3133720,3133720,23,6201078823541008,6201078823541048
"HSA_CORE_API","hsa_agent_get_info",3133720,3133720,24,6201078823541318,6201078823541358
"HSA_CORE_API","hsa_agent_get_info",3133720,3133720,25,6201078823541628,6201078823541658
"HSA_CORE_API","hsa_agent_get_info",3133720,3133720,26,6201078823541928,6201078823541968
"HSA_CORE_API","hsa_agent_get_info",3133720,3133720,27,6201078823542238,6201078823542268
"HSA_CORE_API","hsa_agent_get_info",3133720,3133720,28,6201078823545618,6201078823545658
"HSA_CORE_API","hsa_agent_get_info",3133720,3133720,29,6201078823553108,6201078823553148
"HSA_CORE_API","hsa_agent_get_info",3133720,3133720,30,6201078823553438,6201078823553478
"HSA_CORE_API","hsa_agent_get_info",3133720,3133720,31,6201078823554018,6201078823554058
"HSA_CORE_API","hsa_agent_get_info",3133720,3133720,32,6201078823554318,6201078823554348
"HSA_CORE_API","hsa_agent_get_info",3133720,3133720,33,6201078823561808,6201078823591177
"HSA_CORE_API","hsa_agent_get_info",3133720,3133720,34,6201078823591637,6201078823591677
"HSA_CORE_API","hsa_agent_get_info",3133720,3133720,35,6201078823591947,6201078823591987
"HSA_CORE_API","hsa_agent_get_info",3133720,3133720,36,6201078823592257,6201078823592287
"HSA_CORE_API","hsa_agent_get_info",3133720,3133720,37,6201078823592557,6201078823592587
"HSA_CORE_API","hsa_agent_get_info",3133720,3133720,38,6201078823592867,6201078823592887
"HSA_CORE_API","hsa_agent_get_info",3133720,3133720,39,6201078823593167,6201078823593197
"HSA_CORE_API","hsa_agent_get_info",3133720,3133720,40,6201078823593467,6201078823593487
"HSA_CORE_API","hsa_agent_get_info",3133720,3133720,41,6201078823593757,6201078823593787
"HSA_CORE_API","hsa_agent_get_info",3133720,3133720,42,6201078823594057,6201078823594087
"HSA_CORE_API","hsa_agent_get_info",3133720,3133720,43,6201078823594357,6201078823594377
"HSA_CORE_API","hsa_agent_get_info",3133720,3133720,44,6201078823594667,6201078823594707
"HSA_CORE_API","hsa_agent_get_info",3133720,3133720,45,6201078823594977,6201078823595027
"HSA_CORE_API","hsa_agent_get_info",3133720,3133720,46,6201078823595297,6201078823595337
"HSA_CORE_API","hsa_agent_get_info",3133720,3133720,47,6201078823595607,6201078823595637
"HSA_CORE_API","hsa_agent_get_info",3133720,3133720,48,6201078823595907,6201078823596287
"HSA_CORE_API","hsa_agent_get_info",3133720,3133720,49,6201078823596567,6201078823596597
"HSA_CORE_API","hsa_system_get_info",3133720,3133720,50,6201078823655466,6201078823655916
"HSA_CORE_API","hsa_system_get_info",3133720,3133720,51,6201078823656316,6201078823656586
"HSA_CORE_API","hsa_agent_get_info",3133720,3133720,52,6201078823656896,6201078823656926
"HSA_CORE_API","hsa_agent_get_info",3133720,3133720,53,6201078823657206,6201078823657246
"HSA_CORE_API","hsa_system_get_info",3133720,3133720,54,6201078823657706,6201078823657746
"HSA_CORE_API","hsa_signal_create",3133720,3133720,55,6201078823666226,6201078823667655
"HSA_CORE_API","hsa_agent_get_info",3133720,3133720,56,6201078824039428,6201078824039658
"HSA_CORE_API","hsa_queue_create",3133720,3133720,57,6201078824041638,6201078834826670
"HSA_CORE_API","hsa_executable_create_alt",3133720,3133720,58,6201078841689925,6201078841701285
"HSA_CORE_API","hsa_code_object_reader_create_from_memory",3133720,3133720,59,6201078841703755,6201078841729354
"HSA_CORE_API","hsa_executable_load_agent_code_object",3133720,3133720,60,6201078841731374,6201078841886431
"HSA_CORE_API","hsa_signal_create",3133720,3133720,62,6201078841900751,6201078841902161
"HSA_CORE_API","hsa_signal_wait_scacquire",3133720,3133720,63,6201078841903961,6201078841918800
"HSA_CORE_API","hsa_signal_destroy",3133720,3133720,64,6201078841920390,6201078841921090
"HSA_CORE_API","hsa_executable_freeze",3133720,3133720,61,6201078841888841,6201078842117196
"HSA_CORE_API","hsa_executable_get_symbol_by_name",3133720,3133720,65,6201078842119116,6201078842120196
"HSA_CORE_API","hsa_executable_symbol_get_info",3133720,3133720,66,6201078842122856,6201078842122956
"HSA_CORE_API","hsa_executable_symbol_get_info",3133720,3133720,67,6201078842123346,6201078842123386
"HSA_CORE_API","hsa_agent_get_info",3133720,3133720,68,6201078842124566,6201078842124686
"HSA_CORE_API","hsa_executable_get_symbol_by_name",3133720,3133720,69,6201078842125716,6201078842125866
"HSA_CORE_API","hsa_executable_symbol_get_info",3133720,3133720,70,6201078842126136,6201078842126166
"HSA_CORE_API","hsa_executable_symbol_get_info",3133720,3133720,71,6201078842126436,6201078842126456
"HSA_CORE_API","hsa_agent_get_info",3133720,3133720,72,6201078842126766,6201078842126796
"HSA_CORE_API","hsa_executable_get_symbol_by_name",3133720,3133720,73,6201078842127296,6201078842127486
"HSA_CORE_API","hsa_executable_symbol_get_info",3133720,3133720,74,6201078842127746,6201078842127776
"HSA_CORE_API","hsa_executable_symbol_get_info",3133720,3133720,75,6201078842128026,6201078842128056
"HSA_CORE_API","hsa_agent_get_info",3133720,3133720,76,6201078842128306,6201078842128336
"HSA_CORE_API","hsa_executable_get_symbol_by_name",3133720,3133720,77,6201078842128796,6201078842128896
"HSA_CORE_API","hsa_executable_symbol_get_info",3133720,3133720,78,6201078842129156,6201078842129176
"HSA_CORE_API","hsa_executable_symbol_get_info",3133720,3133720,79,6201078842129436,6201078842129456
"HSA_CORE_API","hsa_agent_get_info",3133720,3133720,80,6201078842129756,6201078842129786
"HSA_CORE_API","hsa_executable_get_symbol_by_name",3133720,3133720,81,6201078842130186,6201078842130326
"HSA_CORE_API","hsa_executable_symbol_get_info",3133720,3133720,82,6201078842130586,6201078842130606
"HSA_CORE_API","hsa_executable_symbol_get_info",3133720,3133720,83,6201078842130856,6201078842130886
"HSA_CORE_API","hsa_agent_get_info",3133720,3133720,84,6201078842131136,6201078842131166
"HSA_CORE_API","hsa_executable_get_symbol_by_name",3133720,3133720,85,6201078842131576,6201078842131686
"HSA_CORE_API","hsa_executable_symbol_get_info",3133720,3133720,86,6201078842131946,6201078842131976
"HSA_CORE_API","hsa_executable_symbol_get_info",3133720,3133720,87,6201078842132216,6201078842132246
"HSA_CORE_API","hsa_agent_get_info",3133720,3133720,88,6201078842132536,6201078842132566
"HSA_CORE_API","hsa_executable_get_symbol_by_name",3133720,3133720,89,6201078842132986,6201078842133086
"HSA_CORE_API","hsa_executable_symbol_get_info",3133720,3133720,90,6201078842133346,6201078842133386
"HSA_CORE_API","hsa_executable_symbol_get_info",3133720,3133720,91,6201078842133636,6201078842133656
"HSA_CORE_API","hsa_agent_get_info",3133720,3133720,92,6201078842133906,6201078842133936
"HSA_CORE_API","hsa_executable_get_symbol_by_name",3133720,3133720,93,6201078842134356,6201078842134476
"HSA_CORE_API","hsa_executable_symbol_get_info",3133720,3133720,94,6201078842134736,6201078842134766
"HSA_CORE_API","hsa_executable_symbol_get_info",3133720,3133720,95,6201078842135016,6201078842135036
"HSA_CORE_API","hsa_agent_get_info",3133720,3133720,96,6201078842135306,6201078842135336
"HSA_CORE_API","hsa_executable_get_symbol_by_name",3133720,3133720,97,6201078842135766,6201078842135916
"HSA_CORE_API","hsa_executable_symbol_get_info",3133720,3133720,98,6201078842136166,6201078842136196
"HSA_CORE_API","hsa_executable_symbol_get_info",3133720,3133720,99,6201078842136446,6201078842136466
"HSA_CORE_API","hsa_agent_get_info",3133720,3133720,100,6201078842136726,6201078842136756
"HSA_CORE_API","hsa_executable_get_symbol_by_name",3133720,3133720,101,6201078842137186,6201078842137346
"HSA_CORE_API","hsa_executable_symbol_get_info",3133720,3133720,102,6201078842137606,6201078842137636
"HSA_CORE_API","hsa_executable_symbol_get_info",3133720,3133720,103,6201078842137886,6201078842137916
"HSA_CORE_API","hsa_agent_get_info",3133720,3133720,104,6201078842138166,6201078842138196
"HSA_CORE_API","hsa_system_get_info",3133720,3133720,105,6201078842144516,6201078842144616
"HSA_CORE_API","hsa_signal_create",3133720,3133720,106,6201078842154165,6201078842154285
"HSA_CORE_API","hsa_signal_create",3133720,3133720,107,6201078842154665,6201078842156265
"HSA_CORE_API","hsa_signal_create",3133720,3133720,108,6201078842156555,6201078842157065
"HSA_CORE_API","hsa_signal_create",3133720,3133720,109,6201078842157365,6201078842157935
"HSA_CORE_API","hsa_signal_create",3133720,3133720,110,6201078842158235,6201078842158585
"HSA_CORE_API","hsa_signal_load_relaxed",3133720,3133720,111,6201078842422630,6201078842423030
"HSA_CORE_API","hsa_queue_add_write_index_screlease",3133720,3133720,112,6201078842431080,6201078842431429
"HSA_CORE_API","hsa_signal_load_relaxed",3133720,3133720,113,6201078842432059,6201078842432089
"HSA_CORE_API","hsa_signal_load_relaxed",3133720,3133720,114,6201078842432509,6201078842432549
"HSA_CORE_API","hsa_signal_load_relaxed",3133720,3133720,115,6201078842433239,6201078842433259
"HSA_CORE_API","hsa_signal_silent_store_relaxed",3133720,3133720,116,6201078842434579,6201078842434769
"HSA_CORE_API","hsa_queue_load_read_index_scacquire",3133720,3133720,117,6201078842436449,6201078842436579
"HSA_CORE_API","hsa_signal_store_screlease",3133720,3133720,118,6201078842437859,6201078842438149
"HSA_CORE_API","hsa_signal_load_relaxed",3133720,3133720,119,6201078842439609,6201078842439639
"HSA_CORE_API","hsa_signal_wait_scacquire",3133720,3133720,120,6201078842440599,6201078842457339
"HSA_CORE_API","hsa_queue_add_write_index_screlease",3133720,3133720,121,6201078842470449,6201078842470479
"HSA_CORE_API","hsa_signal_load_relaxed",3133720,3133720,122,6201078842470789,6201078842470839
"HSA_CORE_API","hsa_signal_load_relaxed",3133720,3133720,123,6201078842471099,6201078842471129
"HSA_CORE_API","hsa_signal_load_relaxed",3133720,3133720,124,6201078842471409,6201078842471429
"HSA_CORE_API","hsa_signal_silent_store_relaxed",3133720,3133720,125,6201078842471739,6201078842471759
"HSA_CORE_API","hsa_queue_load_read_index_scacquire",3133720,3133720,126,6201078842472049,6201078842472319
"HSA_CORE_API","hsa_signal_store_screlease",3133720,3133720,127,6201078842472609,6201078842472629
"HSA_CORE_API","hsa_signal_load_relaxed",3133720,3133720,128,6201078842473099,6201078842473129
"HSA_CORE_API","hsa_signal_wait_scacquire",3133720,3133720,129,6201078842473529,6201078842481918
"HSA_CORE_API","hsa_queue_add_write_index_screlease",3133720,3133720,130,6201078842485798,6201078842485828
"HSA_CORE_API","hsa_signal_load_relaxed",3133720,3133720,131,6201078842486128,6201078842486178
"HSA_CORE_API","hsa_signal_load_relaxed",3133720,3133720,132,6201078842486468,6201078842486498
"HSA_CORE_API","hsa_signal_load_relaxed",3133720,3133720,133,6201078842486768,6201078842486798
"HSA_CORE_API","hsa_signal_silent_store_relaxed",3133720,3133720,134,6201078842487068,6201078842487098
"HSA_CORE_API","hsa_queue_load_read_index_scacquire",3133720,3133720,135,6201078842487378,6201078842487658
"HSA_CORE_API","hsa_signal_store_screlease",3133720,3133720,136,6201078842487928,6201078842487948
"HSA_CORE_API","hsa_signal_load_relaxed",3133720,3133720,137,6201078842488408,6201078842488428
"HSA_CORE_API","hsa_signal_wait_scacquire",3133720,3133720,138,6201078842488708,6201078842497228
"HSA_CORE_API","hsa_queue_add_write_index_screlease",3133720,3133720,139,6201078842499268,6201078842499298
"HSA_CORE_API","hsa_queue_load_read_index_relaxed",3133720,3133720,140,6201078842500598,6201078842500908
"HSA_CORE_API","hsa_signal_load_relaxed",3133720,3133720,141,6201078842501288,6201078842501328
"HSA_CORE_API","hsa_signal_load_relaxed",3133720,3133720,142,6201078842501588,6201078842501618
"HSA_CORE_API","hsa_signal_load_relaxed",3133720,3133720,143,6201078842501898,6201078842501918
"HSA_CORE_API","hsa_signal_silent_store_relaxed",3133720,3133720,144,6201078842502198,6201078842502228
"HSA_CORE_API","hsa_queue_load_read_index_scacquire",3133720,3133720,145,6201078842502548,6201078842502578
"HSA_CORE_API","hsa_signal_store_screlease",3133720,3133720,146,6201078842502878,6201078842502908
"HSA_CORE_API","hsa_signal_load_relaxed",3133720,3133720,147,6201078842504738,6201078842504758
"HSA_CORE_API","hsa_signal_load_relaxed",3133720,3133720,148,6201078842505328,6201078842505348
"HSA_CORE_API","hsa_signal_load_relaxed",3133720,3133720,149,6201078842505608,6201078842505638
"HSA_CORE_API","hsa_signal_load_relaxed",3133720,3133720,150,6201078842505908,6201078842505938
"HSA_CORE_API","hsa_signal_silent_store_relaxed",3133720,3133720,151,6201078842506198,6201078842506228
"HSA_CORE_API","hsa_signal_load_relaxed",3133720,3133720,152,6201078849781544,6201078849781994
"HSA_CORE_API","hsa_signal_wait_scacquire",3133720,3133720,153,6201078849783054,6201078849841163
"HSA_CORE_API","hsa_signal_load_relaxed",3133720,3133720,154,6201078849858453,6201078849858493
"HSA_CORE_API","hsa_signal_load_relaxed",3133720,3133720,155,6201078849858833,6201078849858883
"HSA_CORE_API","hsa_signal_load_relaxed",3133720,3133720,156,6201078849859153,6201078849859193
"HSA_CORE_API","hsa_signal_load_relaxed",3133720,3133720,157,6201078849859613,6201078849859643
"HSA_CORE_API","hsa_signal_silent_store_relaxed",3133720,3133720,158,6201078849860203,6201078849860333
"HSA_CORE_API","hsa_signal_load_relaxed",3133720,3133720,159,6201078849861793,6201078849861823
"HSA_CORE_API","hsa_signal_wait_scacquire",3133720,3133720,160,6201078849862103,6201078849871613
"HSA_CORE_API","hsa_signal_load_relaxed",3133720,3133720,161,6201078850369792,6201078850370012
"HSA_CORE_API","hsa_signal_load_relaxed",3133720,3133720,162,6201078850370482,6201078850370522
"HSA_CORE_API","hsa_signal_load_relaxed",3133720,3133720,163,6201078850370792,6201078850370822
"HSA_CORE_API","hsa_signal_load_relaxed",3133720,3133720,164,6201078850371112,6201078850371132
"HSA_CORE_API","hsa_signal_silent_store_relaxed",3133720,3133720,165,6201078850371442,6201078850371462
"HSA_CORE_API","hsa_queue_add_write_index_screlease",3133720,3133720,166,6201078850372752,6201078850373182
"HSA_CORE_API","hsa_queue_load_read_index_relaxed",3133720,3133720,167,6201078850373682,6201078850373912
"HSA_CORE_API","hsa_queue_load_read_index_scacquire",3133720,3133720,168,6201078850374502,6201078850374552
"HSA_CORE_API","hsa_signal_store_screlease",3133720,3133720,169,6201078850375052,6201078850375222
"HSA_CORE_API","hsa_queue_add_write_index_screlease",3133720,3133720,170,6201078850394531,6201078850394561
"HSA_CORE_API","hsa_queue_load_read_index_scacquire",3133720,3133720,171,6201078850395011,6201078850395281
"HSA_CORE_API","hsa_signal_store_screlease",3133720,3133720,172,6201078850395591,6201078850395621
"HSA_CORE_API","hsa_queue_add_write_index_screlease",3133720,3133720,173,6201078850397741,6201078850397771
"HSA_CORE_API","hsa_queue_load_read_index_scacquire",3133720,3133720,174,6201078850398071,6201078850398101
"HSA_CORE_API","hsa_signal_store_screlease",3133720,3133720,175,6201078850398361,6201078850398391
"HSA_CORE_API","hsa_queue_add_write_index_screlease",3133720,3133720,176,6201078850401431,6201078850401461
"HSA_CORE_API","hsa_queue_load_read_index_scacquire",3133720,3133720,177,6201078850401811,6201078850401841
"HSA_CORE_API","hsa_signal_store_screlease",3133720,3133720,178,6201078850402111,6201078850402131
"HSA_CORE_API","hsa_executable_create_alt",3133720,3133720,179,6201078850705105,6201078850707305
"HSA_CORE_API","hsa_code_object_reader_create_from_memory",3133720,3133720,180,6201078850708095,6201078850721825
"HSA_CORE_API","hsa_executable_load_agent_code_object",3133720,3133720,181,6201078850722485,6201078850835962
"HSA_CORE_API","hsa_signal_create",3133720,3133720,183,6201078850855682,6201078850856652
"HSA_CORE_API","hsa_signal_wait_scacquire",3133720,3133720,184,6201078850857612,6201078850873231
"HSA_CORE_API","hsa_signal_destroy",3133720,3133720,185,6201078850873801,6201078850874231
"HSA_CORE_API","hsa_executable_freeze",3133720,3133720,182,6201078850837232,6201078850965919
"HSA_CORE_API","hsa_executable_get_symbol_by_name",3133720,3133720,186,6201078850966879,6201078850967699
"HSA_CORE_API","hsa_executable_symbol_get_info",3133720,3133720,187,6201078850968329,6201078850968429
"HSA_CORE_API","hsa_executable_symbol_get_info",3133720,3133720,188,6201078850968759,6201078850968799
"HSA_CORE_API","hsa_agent_get_info",3133720,3133720,189,6201078850969819,6201078850969929
"HSA_CORE_API","hsa_executable_get_symbol_by_name",3133720,3133720,190,6201078850970869,6201078850970989
"HSA_CORE_API","hsa_executable_symbol_get_info",3133720,3133720,191,6201078850971239,6201078850971269
"HSA_CORE_API","hsa_executable_symbol_get_info",3133720,3133720,192,6201078850971519,6201078850971549
"HSA_CORE_API","hsa_agent_get_info",3133720,3133720,193,6201078850971909,6201078850971949
"HSA_CORE_API","hsa_executable_get_symbol_by_name",3133720,3133720,194,6201078850973669,6201078850973769
"HSA_CORE_API","hsa_executable_symbol_get_info",3133720,3133720,195,6201078850974029,6201078850974059
"HSA_CORE_API","hsa_executable_symbol_get_info",3133720,3133720,196,6201078850974309,6201078850974329
"HSA_CORE_API","hsa_agent_get_info",3133720,3133720,197,6201078850974589,6201078850974619
"HSA_CORE_API","hsa_queue_add_write_index_screlease",3133720,3133720,198,6201078850983019,6201078850983129
"HSA_CORE_API","hsa_queue_load_read_index_scacquire",3133720,3133720,199,6201078850983729,6201078850984029
"HSA_CORE_API","hsa_signal_store_screlease",3133720,3133720,200,6201078850984429,6201078850984539
"HSA_CORE_API","hsa_signal_load_relaxed",3133720,3133720,201,6201078850988669,6201078850988859
"HSA_CORE_API","hsa_signal_load_relaxed",3133720,3133720,202,6201078850989249,6201078850989279
"HSA_CORE_API","hsa_signal_load_relaxed",3133720,3133720,203,6201078850989629,6201078850989659
"HSA_CORE_API","hsa_signal_silent_store_relaxed",3133720,3133720,204,6201078850990029,6201078850990099
"HSA_CORE_API","hsa_queue_add_write_index_screlease",3133720,3133720,205,6201078850990639,6201078850990669
"HSA_CORE_API","hsa_queue_load_read_index_relaxed",3133720,3133720,206,6201078850990979,6201078850991059
"HSA_CORE_API","hsa_queue_load_read_index_scacquire",3133720,3133720,207,6201078850991379,6201078850991409
"HSA_CORE_API","hsa_signal_store_screlease",3133720,3133720,208,6201078850991669,6201078850991699
"HSA_CORE_API","hsa_signal_load_relaxed",3133720,3133720,209,6201078850993409,6201078850993439
"HSA_CORE_API","hsa_signal_wait_scacquire",3133720,3133720,210,6201078850993759,6201078854994014
"HSA_CORE_API","hsa_signal_wait_scacquire",3133720,3133720,211,6201078854994534,6201078858994730
"HSA_CORE_API","hsa_signal_wait_scacquire",3133720,3133720,212,6201078858995200,6201078862995406
"HSA_CORE_API","hsa_signal_wait_scacquire",3133720,3133720,213,6201078862995876,6201078866996091
"HSA_CORE_API","hsa_signal_wait_scacquire",3133720,3133720,214,6201078866996371,6201078870996577
"HSA_CORE_API","hsa_signal_wait_scacquire",3133720,3133720,215,6201078870997047,6201078874997262
"HSA_CORE_API","hsa_signal_wait_scacquire",3133720,3133720,216,6201078874997752,6201078878997968
"HSA_CORE_API","hsa_signal_wait_scacquire",3133720,3133720,217,6201078878998318,6201078882998523
"HSA_CORE_API","hsa_signal_wait_scacquire",3133720,3133720,218,6201078882998993,6201078886999209
"HSA_CORE_API","hsa_signal_wait_scacquire",3133720,3133720,219,6201078886999679,6201078891003464
"HSA_CORE_API","hsa_signal_wait_scacquire",3133720,3133720,220,6201078891003754,6201078895003960
"HSA_CORE_API","hsa_signal_wait_scacquire",3133720,3133720,221,6201078895004430,6201078899004635
"HSA_CORE_API","hsa_signal_wait_scacquire",3133720,3133720,222,6201078899005105,6201078903005311
"HSA_CORE_API","hsa_signal_wait_scacquire",3133720,3133720,223,6201078903005781,6201078907005987
"HSA_CORE_API","hsa_signal_wait_scacquire",3133720,3133720,224,6201078907006277,6201078911006482
"HSA_CORE_API","hsa_signal_wait_scacquire",3133720,3133720,225,6201078911007002,6201078915007218
"HSA_CORE_API","hsa_signal_wait_scacquire",3133720,3133720,226,6201078915007678,6201078919007883
"HSA_CORE_API","hsa_signal_wait_scacquire",3133720,3133720,227,6201078919008353,6201078923008559
"HSA_CORE_API","hsa_signal_wait_scacquire",3133720,3133720,228,6201078923009029,6201078927009234
"HSA_CORE_API","hsa_signal_wait_scacquire",3133720,3133720,229,6201078927009704,6201078931009910
"HSA_CORE_API","hsa_signal_wait_scacquire",3133720,3133720,230,6201078931010380,6201078935010585
"HSA_CORE_API","hsa_signal_wait_scacquire",3133720,3133720,231,6201078935010875,6201078939011091
"HSA_CORE_API","hsa_signal_wait_scacquire",3133720,3133720,232,6201078939011561,6201078943011767
"HSA_CORE_API","hsa_signal_wait_scacquire",3133720,3133720,233,6201078943012297,6201078947012512
"HSA_CORE_API","hsa_signal_wait_scacquire",3133720,3133720,234,6201078947012982,6201078951013188
"HSA_CORE_API","hsa_signal_wait_scacquire",3133720,3133720,235,6201078951013658,6201078955013863
"HSA_CORE_API","hsa_signal_wait_scacquire",3133720,3133720,236,6201078955014333,6201078959014539
"HSA_CORE_API","hsa_signal_wait_scacquire",3133720,3133720,237,6201078959015009,6201078963015215
"HSA_CORE_API","hsa_signal_wait_scacquire",3133720,3133720,238,6201078963015505,6201078967015710
"HSA_CORE_API","hsa_signal_wait_scacquire",3133720,3133720,239,6201078967016190,6201078971016396
"HSA_CORE_API","hsa_signal_wait_scacquire",3133720,3133720,240,6201078971016676,6201078975016881
"HSA_CORE_API","hsa_signal_wait_scacquire",3133720,3133720,241,6201078975017421,6201078979017627
"HSA_CORE_API","hsa_signal_wait_scacquire",3133720,3133720,242,6201078979018117,6201078983018322
"HSA_CORE_API","hsa_signal_wait_scacquire",3133720,3133720,243,6201078983018792,6201078987018998
"HSA_CORE_API","hsa_signal_wait_scacquire",3133720,3133720,244,6201078987019468,6201078991019673
"HSA_CORE_API","hsa_signal_wait_scacquire",3133720,3133720,245,6201078991020143,6201078995020349
"HSA_CORE_API","hsa_signal_wait_scacquire",3133720,3133720,246,6201078995020819,6201078999021064
"HSA_CORE_API","hsa_signal_wait_scacquire",3133720,3133720,247,6201078999021364,6201079003021560
"HSA_CORE_API","hsa_signal_wait_scacquire",3133720,3133720,248,6201079003022040,6201079007022246
"HSA_CORE_API","hsa_signal_wait_scacquire",3133720,3133720,249,6201079007022786,6201079011022981
"HSA_CORE_API","hsa_signal_wait_scacquire",3133720,3133720,250,6201079011023461,6201079015023667
"HSA_CORE_API","hsa_signal_wait_scacquire",3133720,3133720,251,6201079015024147,6201079019024352
"HSA_CORE_API","hsa_signal_wait_scacquire",3133720,3133720,252,6201079019024632,6201079023024858
"HSA_CORE_API","hsa_signal_wait_scacquire",3133720,3133720,253,6201079023025328,6201079027025524
"HSA_CORE_API","hsa_signal_wait_scacquire",3133720,3133720,254,6201079027026004,6201079031026209
"HSA_CORE_API","hsa_signal_wait_scacquire",3133720,3133720,255,6201079031026489,6201079035026705
"HSA_CORE_API","hsa_signal_wait_scacquire",3133720,3133720,256,6201079035026995,6201079039027200
"HSA_CORE_API","hsa_signal_wait_scacquire",3133720,3133720,257,6201079039027860,6201079043028056
"HSA_CORE_API","hsa_signal_wait_scacquire",3133720,3133720,258,6201079043031066,6201079047031281
"HSA_CORE_API","hsa_signal_wait_scacquire",3133720,3133720,259,6201079047031561,6201079051031777
"HSA_CORE_API","hsa_signal_wait_scacquire",3133720,3133720,260,6201079051032247,6201079055032452
"HSA_CORE_API","hsa_signal_wait_scacquire",3133720,3133720,261,6201079055032912,6201079059033118
"HSA_CORE_API","hsa_signal_wait_scacquire",3133720,3133720,262,6201079059033588,6201079063033803
"HSA_CORE_API","hsa_signal_wait_scacquire",3133720,3133720,263,6201079063034293,6201079067034499
"HSA_CORE_API","hsa_signal_wait_scacquire",3133720,3133720,264,6201079067034979,6201079071035185
"HSA_CORE_API","hsa_signal_wait_scacquire",3133720,3133720,265,6201079071035725,6201079075035930
"HSA_CORE_API","hsa_signal_wait_scacquire",3133720,3133720,266,6201079075036470,6201079079036676
"HSA_CORE_API","hsa_signal_wait_scacquire",3133720,3133720,267,6201079079037146,6201079083037351
"HSA_CORE_API","hsa_signal_wait_scacquire",3133720,3133720,268,6201079083037831,6201079087038037
"HSA_CORE_API","hsa_signal_wait_scacquire",3133720,3133720,269,6201079087038697,6201079091038902
"HSA_CORE_API","hsa_signal_wait_scacquire",3133720,3133720,270,6201079091039372,6201079095039578
"HSA_CORE_API","hsa_signal_wait_scacquire",3133720,3133720,271,6201079095039858,6201079099040054
"HSA_CORE_API","hsa_signal_wait_scacquire",3133720,3133720,272,6201079099040524,6201079103040729
"HSA_CORE_API","hsa_signal_wait_scacquire",3133720,3133720,273,6201079103041199,6201079107041395
"HSA_CORE_API","hsa_signal_wait_scacquire",3133720,3133720,274,6201079107041915,6201079111042110
"HSA_CORE_API","hsa_signal_wait_scacquire",3133720,3133720,275,6201079111042590,6201079115042786
"HSA_CORE_API","hsa_signal_wait_scacquire",3133720,3133720,276,6201079115043266,6201079119043471
"HSA_CORE_API","hsa_signal_wait_scacquire",3133720,3133720,277,6201079119043941,6201079123044147
"HSA_CORE_API","hsa_signal_wait_scacquire",3133720,3133720,278,6201079123044607,6201079127044822
"HSA_CORE_API","hsa_signal_wait_scacquire",3133720,3133720,279,6201079127045302,6201079131045508
"HSA_CORE_API","hsa_signal_wait_scacquire",3133720,3133720,280,6201079131045988,6201079135046204
"HSA_CORE_API","hsa_signal_wait_scacquire",3133720,3133720,281,6201079135046494,6201079139046699
"HSA_CORE_API","hsa_signal_wait_scacquire",3133720,3133720,282,6201079139047229,6201079143047425
"HSA_CORE_API","hsa_signal_wait_scacquire",3133720,3133720,283,6201079143047905,6201079147048110
"HSA_CORE_API","hsa_signal_wait_scacquire",3133720,3133720,284,6201079147048580,6201079151048786
"HSA_CORE_API","hsa_signal_wait_scacquire",3133720,3133720,285,6201079151049076,6201079155049281
"HSA_CORE_API","hsa_signal_wait_scacquire",3133720,3133720,286,6201079155049761,6201079159049967
"HSA_CORE_API","hsa_signal_wait_scacquire",3133720,3133720,287,6201079159050247,6201079163050453
"HSA_CORE_API","hsa_signal_wait_scacquire",3133720,3133720,288,6201079163050922,6201079167051128
"HSA_CORE_API","hsa_signal_wait_scacquire",3133720,3133720,289,6201079167051588,6201079171051794
"HSA_CORE_API","hsa_signal_wait_scacquire",3133720,3133720,290,6201079171052314,6201079175052519
"HSA_CORE_API","hsa_signal_wait_scacquire",3133720,3133720,291,6201079175052999,6201079179053195
"HSA_CORE_API","hsa_signal_wait_scacquire",3133720,3133720,292,6201079179053665,6201079183053870
"HSA_CORE_API","hsa_signal_wait_scacquire",3133720,3133720,293,6201079183054330,6201079187054536
"HSA_CORE_API","hsa_signal_wait_scacquire",3133720,3133720,294,6201079187055006,6201079191055211
"HSA_CORE_API","hsa_signal_wait_scacquire",3133720,3133720,295,6201079191055681,6201079195055887
"HSA_CORE_API","hsa_signal_wait_scacquire",3133720,3133720,296,6201079195056357,6201079199056553
"HSA_CORE_API","hsa_signal_wait_scacquire",3133720,3133720,297,6201079199057083,6201079203057288
"HSA_CORE_API","hsa_signal_wait_scacquire",3133720,3133720,298,6201079203057818,6201079207058024
"HSA_CORE_API","hsa_signal_wait_scacquire",3133720,3133720,299,6201079207058494,6201079211058699
"HSA_CORE_API","hsa_signal_wait_scacquire",3133720,3133720,300,6201079211059169,6201079215059375
"HSA_CORE_API","hsa_signal_wait_scacquire",3133720,3133720,301,6201079215059845,6201079219060050
"HSA_CORE_API","hsa_signal_wait_scacquire",3133720,3133720,302,6201079219060330,6201079223060536
"HSA_CORE_API","hsa_signal_wait_scacquire",3133720,3133720,303,6201079223061006,6201079227061201
"HSA_CORE_API","hsa_signal_wait_scacquire",3133720,3133720,304,6201079227061671,6201079231061877
"HSA_CORE_API","hsa_signal_wait_scacquire",3133720,3133720,305,6201079231062347,6201079235062563
"HSA_CORE_API","hsa_signal_wait_scacquire",3133720,3133720,306,6201079235062923,6201079239063128
"HSA_CORE_API","hsa_signal_wait_scacquire",3133720,3133720,307,6201079239063598,6201079243063794
"HSA_CORE_API","hsa_signal_wait_scacquire",3133720,3133720,308,6201079243064274,6201079247064479
"HSA_CORE_API","hsa_signal_wait_scacquire",3133720,3133720,309,6201079247064949,6201079251065155
"HSA_CORE_API","hsa_signal_wait_scacquire",3133720,3133720,310,6201079251065625,6201079255065830
"HSA_CORE_API","hsa_signal_wait_scacquire",3133720,3133720,311,6201079255066120,6201079259066326
"HSA_CORE_API","hsa_signal_wait_scacquire",3133720,3133720,312,6201079259066796,6201079263067002
"HSA_CORE_API","hsa_signal_wait_scacquire",3133720,3133720,313,6201079263067472,6201079267067677
"HSA_CORE_API","hsa_signal_wait_scacquire",3133720,3133720,314,6201079267068197,6201079271068403
"HSA_CORE_API","hsa_signal_wait_scacquire",3133720,3133720,315,6201079271068863,6201079275069078
"HSA_CORE_API","hsa_signal_wait_scacquire",3133720,3133720,316,6201079275069548,6201079279069744
"HSA_CORE_API","hsa_signal_wait_scacquire",3133720,3133720,317,6201079279070224,6201079283070429
"HSA_CORE_API","hsa_signal_wait_scacquire",3133720,3133720,318,6201079283070709,6201079287070915
"HSA_CORE_API","hsa_signal_wait_scacquire",3133720,3133720,319,6201079287071385,6201079291071590
"HSA_CORE_API","hsa_signal_wait_scacquire",3133720,3133720,320,6201079291072060,6201079295072266
"HSA_CORE_API","hsa_signal_wait_scacquire",3133720,3133720,321,6201079295072816,6201079299073012
"HSA_CORE_API","hsa_signal_wait_scacquire",3133720,3133720,322,6201079299076071,6201079303076277
"HSA_CORE_API","hsa_signal_wait_scacquire",3133720,3133720,323,6201079303076557,6201079307076773
"HSA_CORE_API","hsa_signal_wait_scacquire",3133720,3133720,324,6201079307077243,6201079311077448
"HSA_CORE_API","hsa_signal_wait_scacquire",3133720,3133720,325,6201079311077918,6201079315078134
"HSA_CORE_API","hsa_signal_wait_scacquire",3133720,3133720,326,6201079315078614,6201079319078819
"HSA_CORE_API","hsa_signal_wait_scacquire",3133720,3133720,327,6201079319079299,6201079323079505
"HSA_CORE_API","hsa_signal_wait_scacquire",3133720,3133720,328,6201079323079975,6201079327080181
"HSA_CORE_API","hsa_signal_wait_scacquire",3133720,3133720,329,6201079327080651,6201079331080856
"HSA_CORE_API","hsa_signal_wait_scacquire",3133720,3133720,330,6201079331081406,6201079335081612
"HSA_CORE_API","hsa_signal_wait_scacquire",3133720,3133720,331,6201079335081902,6201079339082117
"HSA_CORE_API","hsa_signal_wait_scacquire",3133720,3133720,332,6201079339082587,6201079343082783
"HSA_CORE_API","hsa_signal_wait_scacquire",3133720,3133720,333,6201079343083253,6201079347083458
"HSA_CORE_API","hsa_signal_wait_scacquire",3133720,3133720,334,6201079347083738,6201079351083944
"HSA_CORE_API","hsa_signal_wait_scacquire",3133720,3133720,335,6201079351084414,6201079355084619
"HSA_CORE_API","hsa_signal_wait_scacquire",3133720,3133720,336,6201079355085129,6201079359085335
"HSA_CORE_API","hsa_signal_wait_scacquire",3133720,3133720,337,6201079359085645,6201079363085861
"HSA_CORE_API","hsa_signal_wait_scacquire",3133720,3133720,338,6201079363086351,6201079367086556
"HSA_CORE_API","hsa_signal_wait_scacquire",3133720,3133720,339,6201079367087046,6201079371087252
"HSA_CORE_API","hsa_signal_wait_scacquire",3133720,3133720,340,6201079371087732,6201079375087937
"HSA_CORE_API","hsa_signal_wait_scacquire",3133720,3133720,341,6201079375088417,6201079379088623
"HSA_CORE_API","hsa_signal_wait_scacquire",3133720,3133720,342,6201079379089103,6201079383089298
"HSA_CORE_API","hsa_signal_wait_scacquire",3133720,3133720,343,6201079383089778,6201079387089984
"HSA_CORE_API","hsa_signal_wait_scacquire",3133720,3133720,344,6201079387090464,6201079391090670
"HSA_CORE_API","hsa_signal_wait_scacquire",3133720,3133720,345,6201079391091149,6201079395091355
"HSA_CORE_API","hsa_signal_wait_scacquire",3133720,3133720,346,6201079395091835,6201079399092041
"HSA_CORE_API","hsa_signal_wait_scacquire",3133720,3133720,347,6201079399092521,6201079403092726
"HSA_CORE_API","hsa_signal_wait_scacquire",3133720,3133720,348,6201079403093216,6201079407093422
"HSA_CORE_API","hsa_signal_wait_scacquire",3133720,3133720,349,6201079407093942,6201079411094147
"HSA_CORE_API","hsa_signal_wait_scacquire",3133720,3133720,350,6201079411094447,6201079415094653
"HSA_CORE_API","hsa_signal_wait_scacquire",3133720,3133720,351,6201079415095223,6201079419095428
"HSA_CORE_API","hsa_signal_wait_scacquire",3133720,3133720,352,6201079419095918,6201079423096124
"HSA_CORE_API","hsa_signal_wait_scacquire",3133720,3133720,353,6201079423096604,6201079427096810
"HSA_CORE_API","hsa_signal_wait_scacquire",3133720,3133720,354,6201079427097290,6201079431097505
"HSA_CORE_API","hsa_signal_wait_scacquire",3133720,3133720,355,6201079431097995,6201079435098201
"HSA_CORE_API","hsa_signal_wait_scacquire",3133720,3133720,356,6201079435098501,6201079439098706
"HSA_CORE_API","hsa_signal_wait_scacquire",3133720,3133720,357,6201079439099186,6201079443099392
"HSA_CORE_API","hsa_signal_wait_scacquire",3133720,3133720,358,6201079443099872,6201079447100087
"HSA_CORE_API","hsa_signal_wait_scacquire",3133720,3133720,359,6201079447100567,6201079451100773
"HSA_CORE_API","hsa_signal_wait_scacquire",3133720,3133720,360,6201079451101253,6201079455101458
"HSA_CORE_API","hsa_signal_wait_scacquire",3133720,3133720,361,6201079455101748,6201079459101954
"HSA_CORE_API","hsa_signal_wait_scacquire",3133720,3133720,362,6201079459102434,6201079463102640
"HSA_CORE_API","hsa_signal_wait_scacquire",3133720,3133720,363,6201079463102930,6201079467103135
"HSA_CORE_API","hsa_signal_wait_scacquire",3133720,3133720,364,6201079467103625,6201079471103851
"HSA_CORE_API","hsa_signal_wait_scacquire",3133720,3133720,365,6201079471104151,6201079475104346
"HSA_CORE_API","hsa_signal_wait_scacquire",3133720,3133720,366,6201079475104826,6201079479105032
"HSA_CORE_API","hsa_signal_wait_scacquire",3133720,3133720,367,6201079479105512,6201079483105717
"HSA_CORE_API","hsa_signal_wait_scacquire",3133720,3133720,368,6201079483106197,6201079487106403
"HSA_CORE_API","hsa_signal_wait_scacquire",3133720,3133720,369,6201079487106883,6201079491107089
"HSA_CORE_API","hsa_signal_wait_scacquire",3133720,3133720,370,6201079491107569,6201079495107774
"HSA_CORE_API","hsa_signal_wait_scacquire",3133720,3133720,371,6201079495108254,6201079499108460
"HSA_CORE_API","hsa_signal_wait_scacquire",3133720,3133720,372,6201079499108940,6201079503109135
"HSA_CORE_API","hsa_signal_wait_scacquire",3133720,3133720,373,6201079503109615,6201079507109821
"HSA_CORE_API","hsa_signal_wait_scacquire",3133720,3133720,374,6201079507110311,6201079511110516
"HSA_CORE_API","hsa_signal_wait_scacquire",3133720,3133720,375,6201079511111006,6201079515111202
"HSA_CORE_API","hsa_signal_wait_scacquire",3133720,3133720,376,6201079515111682,6201079519111887
"HSA_CORE_API","hsa_signal_wait_scacquire",3133720,3133720,377,6201079519112367,6201079523112573
"HSA_CORE_API","hsa_signal_wait_scacquire",3133720,3133720,378,6201079523113053,6201079527113249
"HSA_CORE_API","hsa_signal_wait_scacquire",3133720,3133720,379,6201079527113729,6201079531113944
"HSA_CORE_API","hsa_signal_wait_scacquire",3133720,3133720,380,6201079531114424,6201079535114630
"HSA_CORE_API","hsa_signal_wait_scacquire",3133720,3133720,381,6201079535114930,6201079539115135
"HSA_CORE_API","hsa_signal_wait_scacquire",3133720,3133720,382,6201079539115625,6201079543115831
"HSA_CORE_API","hsa_signal_wait_scacquire",3133720,3133720,383,6201079543116311,6201079547116516
"HSA_CORE_API","hsa_signal_wait_scacquire",3133720,3133720,384,6201079547116996,6201079551117202
"HSA_CORE_API","hsa_signal_wait_scacquire",3133720,3133720,385,6201079551117862,6201079555118068
"HSA_CORE_API","hsa_signal_wait_scacquire",3133720,3133720,386,6201079555120978,6201079559121203
"HSA_CORE_API","hsa_signal_wait_scacquire",3133720,3133720,387,6201079559121503,6201079563121709
"HSA_CORE_API","hsa_signal_wait_scacquire",3133720,3133720,388,6201079563122189,6201079567122394
"HSA_CORE_API","hsa_signal_wait_scacquire",3133720,3133720,389,6201079567122874,6201079571123080
"HSA_CORE_API","hsa_signal_wait_scacquire",3133720,3133720,390,6201079571123560,6201079575123775
"HSA_CORE_API","hsa_signal_wait_scacquire",3133720,3133720,391,6201079575124255,6201079579124481
"HSA_CORE_API","hsa_signal_wait_scacquire",3133720,3133720,392,6201079579124971,6201079583125176
"HSA_CORE_API","hsa_signal_wait_scacquire",3133720,3133720,393,6201079583125656,6201079587125862
"HSA_CORE_API","hsa_signal_wait_scacquire",3133720,3133720,394,6201079587126352,6201079591126557
"HSA_CORE_API","hsa_signal_wait_scacquire",3133720,3133720,395,6201079591127037,6201079595127243
"HSA_CORE_API","hsa_signal_wait_scacquire",3133720,3133720,396,6201079595127733,6201079599127939
"HSA_CORE_API","hsa_signal_wait_scacquire",3133720,3133720,397,6201079599128229,6201079603128434
"HSA_CORE_API","hsa_signal_wait_scacquire",3133720,3133720,398,6201079603128914,6201079607129120
"HSA_CORE_API","hsa_signal_wait_scacquire",3133720,3133720,399,6201079607129600,6201079611129805
"HSA_CORE_API","hsa_signal_wait_scacquire",3133720,3133720,400,6201079611130285,6201079615130491
"HSA_CORE_API","hsa_signal_wait_scacquire",3133720,3133720,401,6201079615130971,6201079619131176
"HSA_CORE_API","hsa_signal_wait_scacquire",3133720,3133720,402,6201079619131656,6201079623131862
"HSA_CORE_API","hsa_signal_wait_scacquire",3133720,3133720,403,6201079623132332,6201079627132538
"HSA_CORE_API","hsa_signal_wait_scacquire",3133720,3133720,404,6201079627133018,6201079631133223
"HSA_CORE_API","hsa_signal_wait_scacquire",3133720,3133720,405,6201079631133703,6201079635133909
"HSA_CORE_API","hsa_signal_wait_scacquire",3133720,3133720,406,6201079635134209,6201079639134414
"HSA_CORE_API","hsa_signal_wait_scacquire",3133720,3133720,407,6201079639134704,6201079643134920
"HSA_CORE_API","hsa_signal_wait_scacquire",3133720,3133720,408,6201079643135400,6201079647135615
"HSA_CORE_API","hsa_signal_wait_scacquire",3133720,3133720,409,6201079647136295,6201079651136501
"HSA_CORE_API","hsa_signal_wait_scacquire",3133720,3133720,410,6201079651136981,6201079655137186
"HSA_CORE_API","hsa_signal_wait_scacquire",3133720,3133720,411,6201079655137676,6201079659137872
"HSA_CORE_API","hsa_signal_wait_scacquire",3133720,3133720,412,6201079659138362,6201079663138568
"HSA_CORE_API","hsa_signal_wait_scacquire",3133720,3133720,413,6201079663138858,6201079667139063
"HSA_CORE_API","hsa_signal_wait_scacquire",3133720,3133720,414,6201079667139543,6201079671139749
"HSA_CORE_API","hsa_signal_wait_scacquire",3133720,3133720,415,6201079671140229,6201079675140434
"HSA_CORE_API","hsa_signal_wait_scacquire",3133720,3133720,416,6201079675140914,6201079679141120
"HSA_CORE_API","hsa_signal_wait_scacquire",3133720,3133720,417,6201079679141600,6201079683141805
"HSA_CORE_API","hsa_signal_wait_scacquire",3133720,3133720,418,6201079683142295,6201079687142491
"HSA_CORE_API","hsa_signal_wait_scacquire",3133720,3133720,419,6201079687142981,6201079691143187
"HSA_CORE_API","hsa_signal_wait_scacquire",3133720,3133720,420,6201079691143667,6201079695143872
"HSA_CORE_API","hsa_signal_wait_scacquire",3133720,3133720,421,6201079695144362,6201079699144568
"HSA_CORE_API","hsa_signal_wait_scacquire",3133720,3133720,422,6201079699145058,6201079703145263
"HSA_CORE_API","hsa_signal_wait_scacquire",3133720,3133720,423,6201079703145753,6201079707145959
"HSA_CORE_API","hsa_signal_wait_scacquire",3133720,3133720,424,6201079707146449,6201079711146654
"HSA_CORE_API","hsa_signal_wait_scacquire",3133720,3133720,425,6201079711146944,6201079715147150
"HSA_CORE_API","hsa_signal_wait_scacquire",3133720,3133720,426,6201079715147640,6201079719147845
"HSA_CORE_API","hsa_signal_wait_scacquire",3133720,3133720,427,6201079719148325,6201079723148531
"HSA_CORE_API","hsa_signal_wait_scacquire",3133720,3133720,428,6201079723149011,6201079727149216
"HSA_CORE_API","hsa_signal_wait_scacquire",3133720,3133720,429,6201079727149696,6201079731149902
"HSA_CORE_API","hsa_signal_wait_scacquire",3133720,3133720,430,6201079731150382,6201079735150588
"HSA_CORE_API","hsa_signal_wait_scacquire",3133720,3133720,431,6201079735150888,6201079739151103
"HSA_CORE_API","hsa_signal_wait_scacquire",3133720,3133720,432,6201079739151573,6201079743151779
"HSA_CORE_API","hsa_signal_wait_scacquire",3133720,3133720,433,6201079743152259,6201079747152464
"HSA_CORE_API","hsa_signal_wait_scacquire",3133720,3133720,434,6201079747152954,6201079751153150
"HSA_CORE_API","hsa_signal_wait_scacquire",3133720,3133720,435,6201079751153640,6201079755153845
"HSA_CORE_API","hsa_signal_wait_scacquire",3133720,3133720,436,6201079755154325,6201079759154541
"HSA_CORE_API","hsa_signal_wait_scacquire",3133720,3133720,437,6201079759155041,6201079763155236
"HSA_CORE_API","hsa_signal_wait_scacquire",3133720,3133720,438,6201079763155726,6201079767155932
"HSA_CORE_API","hsa_signal_wait_scacquire",3133720,3133720,439,6201079767156412,6201079771156617
"HSA_CORE_API","hsa_signal_wait_scacquire",3133720,3133720,440,6201079771157087,6201079775157333
"HSA_CORE_API","hsa_signal_wait_scacquire",3133720,3133720,441,6201079775157643,6201079779157849
"HSA_CORE_API","hsa_signal_wait_scacquire",3133720,3133720,442,6201079779158329,6201079783158534
"HSA_CORE_API","hsa_signal_wait_scacquire",3133720,3133720,443,6201079783159014,6201079787159220
"HSA_CORE_API","hsa_signal_wait_scacquire",3133720,3133720,444,6201079787159510,6201079791159715
"HSA_CORE_API","hsa_signal_wait_scacquire",3133720,3133720,445,6201079791160195,6201079795160401
"HSA_CORE_API","hsa_signal_wait_scacquire",3133720,3133720,446,6201079795160881,6201079799161086
"HSA_CORE_API","hsa_signal_wait_scacquire",3133720,3133720,447,6201079799161566,6201079803161772
"HSA_CORE_API","hsa_signal_wait_scacquire",3133720,3133720,448,6201079803162252,6201079807162458
"HSA_CORE_API","hsa_signal_wait_scacquire",3133720,3133720,449,6201079807162998,6201079811163193
"HSA_CORE_API","hsa_signal_wait_scacquire",3133720,3133720,450,6201079811164863,6201079815165069
"HSA_CORE_API","hsa_signal_wait_scacquire",3133720,3133720,451,6201079815165349,6201079819165564
"HSA_CORE_API","hsa_signal_wait_scacquire",3133720,3133720,452,6201079819166044,6201079823166250
"HSA_CORE_API","hsa_signal_wait_scacquire",3133720,3133720,453,6201079823166740,6201079827166935
"HSA_CORE_API","hsa_signal_wait_scacquire",3133720,3133720,454,6201079827167415,6201079831167621
"HSA_CORE_API","hsa_signal_wait_scacquire",3133720,3133720,455,6201079831168101,6201079835168306
"HSA_CORE_API","hsa_signal_wait_scacquire",3133720,3133720,456,6201079835168606,6201079839168822
"HSA_CORE_API","hsa_signal_wait_scacquire",3133720,3133720,457,6201079839169322,6201079843169527
"HSA_CORE_API","hsa_signal_wait_scacquire",3133720,3133720,458,6201079843170007,6201079847170213
"HSA_CORE_API","hsa_signal_wait_scacquire",3133720,3133720,459,6201079847170703,6201079851170908
"HSA_CORE_API","hsa_signal_wait_scacquire",3133720,3133720,460,6201079851171218,6201079855171424
"HSA_CORE_API","hsa_signal_wait_scacquire",3133720,3133720,461,6201079855171964,6201079859172170
"HSA_CORE_API","hsa_signal_wait_scacquire",3133720,3133720,462,6201079859172650,6201079863172855
"HSA_CORE_API","hsa_signal_wait_scacquire",3133720,3133720,463,6201079863173335,6201079867173541
"HSA_CORE_API","hsa_signal_wait_scacquire",3133720,3133720,464,6201079867174021,6201079871174236
"HSA_CORE_API","hsa_signal_wait_scacquire",3133720,3133720,465,6201079871174726,6201079875174932
"HSA_CORE_API","hsa_signal_wait_scacquire",3133720,3133720,466,6201079875175412,6201079879175617
"HSA_CORE_API","hsa_signal_wait_scacquire",3133720,3133720,467,6201079879176097,6201079883176303
"HSA_CORE_API","hsa_signal_wait_scacquire",3133720,3133720,468,6201079883176773,6201079887176979
"HSA_CORE_API","hsa_signal_wait_scacquire",3133720,3133720,469,6201079887177469,6201079891177674
"HSA_CORE_API","hsa_signal_wait_scacquire",3133720,3133720,470,6201079891178274,6201079895178480
"HSA_CORE_API","hsa_signal_wait_scacquire",3133720,3133720,471,6201079895179050,6201079899179255
"HSA_CORE_API","hsa_signal_wait_scacquire",3133720,3133720,472,6201079899179735,6201079903179951
"HSA_CORE_API","hsa_signal_wait_scacquire",3133720,3133720,473,6201079903180431,6201079907180636
"HSA_CORE_API","hsa_signal_wait_scacquire",3133720,3133720,474,6201079907181116,6201079911181322
"HSA_CORE_API","hsa_signal_wait_scacquire",3133720,3133720,475,6201079911181802,6201079915182007
"HSA_CORE_API","hsa_signal_wait_scacquire",3133720,3133720,476,6201079915182297,6201079919182493
"HSA_CORE_API","hsa_signal_wait_scacquire",3133720,3133720,477,6201079919182983,6201079923183188
"HSA_CORE_API","hsa_signal_wait_scacquire",3133720,3133720,478,6201079923183668,6201079927184014
"HSA_CORE_API","hsa_signal_wait_scacquire",3133720,3133720,479,6201079927189184,6201079931189699
"HSA_CORE_API","hsa_signal_wait_scacquire",3133720,3133720,480,6201079931190209,6201079935190415
"HSA_CORE_API","hsa_signal_wait_scacquire",3133720,3133720,481,6201079935190745,6201079939190951
"HSA_CORE_API","hsa_signal_wait_scacquire",3133720,3133720,482,6201079939191440,6201079943191646
"HSA_CORE_API","hsa_signal_wait_scacquire",3133720,3133720,483,6201079943192126,6201079947192352
"HSA_CORE_API","hsa_signal_wait_scacquire",3133720,3133720,484,6201079947192842,6201079951193037
"HSA_CORE_API","hsa_signal_wait_scacquire",3133720,3133720,485,6201079951193517,6201079955193723
"HSA_CORE_API","hsa_signal_wait_scacquire",3133720,3133720,486,6201079955194213,6201079959194418
"HSA_CORE_API","hsa_signal_wait_scacquire",3133720,3133720,487,6201079959194708,6201079963194914
"HSA_CORE_API","hsa_signal_wait_scacquire",3133720,3133720,488,6201079963195384,6201079967195599
"HSA_CORE_API","hsa_signal_wait_scacquire",3133720,3133720,489,6201079967196079,6201079971196285
"HSA_CORE_API","hsa_signal_wait_scacquire",3133720,3133720,490,6201079971196765,6201079975196971
"HSA_CORE_API","hsa_signal_wait_scacquire",3133720,3133720,491,6201079975197261,6201079979197476
"HSA_CORE_API","hsa_signal_wait_scacquire",3133720,3133720,492,6201079979197956,6201079983198162
"HSA_CORE_API","hsa_signal_wait_scacquire",3133720,3133720,493,6201079983198642,6201079987198847
"HSA_CORE_API","hsa_signal_wait_scacquire",3133720,3133720,494,6201079987199327,6201079991199533
"HSA_CORE_API","hsa_signal_wait_scacquire",3133720,3133720,495,6201079991200003,6201079995200208
"HSA_CORE_API","hsa_signal_wait_scacquire",3133720,3133720,496,6201079995200688,6201079999200894
"HSA_CORE_API","hsa_signal_wait_scacquire",3133720,3133720,497,6201079999201374,6201080003201569
"HSA_CORE_API","hsa_signal_wait_scacquire",3133720,3133720,498,6201080003202049,6201080007202255
"HSA_CORE_API","hsa_signal_wait_scacquire",3133720,3133720,499,6201080007202725,6201080011202930
"HSA_CORE_API","hsa_signal_wait_scacquire",3133720,3133720,500,6201080011203410,6201080015203616
"HSA_CORE_API","hsa_signal_wait_scacquire",3133720,3133720,501,6201080015204106,6201080019204302
"HSA_CORE_API","hsa_signal_wait_scacquire",3133720,3133720,502,6201080019204782,6201080023204987
"HSA_CORE_API","hsa_signal_wait_scacquire",3133720,3133720,503,6201080023205467,6201080027205673
"HSA_CORE_API","hsa_signal_wait_scacquire",3133720,3133720,504,6201080027206153,6201080031206358
"HSA_CORE_API","hsa_signal_wait_scacquire",3133720,3133720,505,6201080031206848,6201080035207054
"HSA_CORE_API","hsa_signal_wait_scacquire",3133720,3133720,506,6201080035207354,6201080039207559
"HSA_CORE_API","hsa_signal_wait_scacquire",3133720,3133720,507,6201080039207849,6201080043208045
"HSA_CORE_API","hsa_signal_wait_scacquire",3133720,3133720,508,6201080043208535,6201080047208740
"HSA_CORE_API","hsa_signal_wait_scacquire",3133720,3133720,509,6201080047209220,6201080051209426
"HSA_CORE_API","hsa_signal_wait_scacquire",3133720,3133720,510,6201080051209906,6201080055210112
"HSA_CORE_API","hsa_signal_wait_scacquire",3133720,3133720,511,6201080055210591,6201080059210787
"HSA_CORE_API","hsa_signal_wait_scacquire",3133720,3133720,512,6201080059211267,6201080063211473
"HSA_CORE_API","hsa_signal_wait_scacquire",3133720,3133720,513,6201080063212923,6201080067213128
"HSA_CORE_API","hsa_signal_wait_scacquire",3133720,3133720,514,6201080067214898,6201080071215104
"HSA_CORE_API","hsa_signal_wait_scacquire",3133720,3133720,515,6201080071215394,6201080075215629
"HSA_CORE_API","hsa_signal_wait_scacquire",3133720,3133720,516,6201080075216119,6201080079216325
"HSA_CORE_API","hsa_signal_wait_scacquire",3133720,3133720,517,6201080079216805,6201080083217010
"HSA_CORE_API","hsa_signal_wait_scacquire",3133720,3133720,518,6201080083217500,6201080087217706
"HSA_CORE_API","hsa_signal_wait_scacquire",3133720,3133720,519,6201080087218196,6201080091218402
"HSA_CORE_API","hsa_signal_wait_scacquire",3133720,3133720,520,6201080091218882,6201080095219087
"HSA_CORE_API","hsa_signal_wait_scacquire",3133720,3133720,521,6201080095219567,6201080099219783
"HSA_CORE_API","hsa_signal_wait_scacquire",3133720,3133720,522,6201080099220273,6201080103220478
"HSA_CORE_API","hsa_signal_wait_scacquire",3133720,3133720,523,6201080103220958,6201080107221164
"HSA_CORE_API","hsa_signal_wait_scacquire",3133720,3133720,524,6201080107221454,6201080111221659
"HSA_CORE_API","hsa_signal_wait_scacquire",3133720,3133720,525,6201080111222139,6201080115222335
"HSA_CORE_API","hsa_signal_wait_scacquire",3133720,3133720,526,6201080115222825,6201080119223030
"HSA_CORE_API","hsa_signal_wait_scacquire",3133720,3133720,527,6201080119223510,6201080123223706
"HSA_CORE_API","hsa_signal_wait_scacquire",3133720,3133720,528,6201080123224196,6201080127224401
"HSA_CORE_API","hsa_signal_wait_scacquire",3133720,3133720,529,6201080127224881,6201080131225077
"HSA_CORE_API","hsa_signal_wait_scacquire",3133720,3133720,530,6201080131225567,6201080135225773
"HSA_CORE_API","hsa_signal_wait_scacquire",3133720,3133720,531,6201080135226073,6201080139226278
"HSA_CORE_API","hsa_signal_wait_scacquire",3133720,3133720,532,6201080139226758,6201080143226964
"HSA_CORE_API","hsa_signal_wait_scacquire",3133720,3133720,533,6201080143227444,6201080147227649
"HSA_CORE_API","hsa_signal_wait_scacquire",3133720,3133720,534,6201080147228129,6201080151228335
"HSA_CORE_API","hsa_signal_wait_scacquire",3133720,3133720,535,6201080151228815,6201080155229020
"HSA_CORE_API","hsa_signal_wait_scacquire",3133720,3133720,536,6201080155229500,6201080159229696
"HSA_CORE_API","hsa_signal_wait_scacquire",3133720,3133720,537,6201080159230176,6201080163230381
"HSA_CORE_API","hsa_signal_wait_scacquire",3133720,3133720,538,6201080163230861,6201080167231067
"HSA_CORE_API","hsa_signal_wait_scacquire",3133720,3133720,539,6201080167231357,6201080171231552
"HSA_CORE_API","hsa_signal_wait_scacquire",3133720,3133720,540,6201080171232032,6201080175232238
"HSA_CORE_API","hsa_signal_wait_scacquire",3133720,3133720,541,6201080175233198,6201080179233404
"HSA_CORE_API","hsa_signal_wait_scacquire",3133720,3133720,542,6201080179233974,6201080183234179
"HSA_CORE_API","hsa_signal_wait_scacquire",3133720,3133720,543,6201080183234469,6201080187234675
"HSA_CORE_API","hsa_signal_wait_scacquire",3133720,3133720,544,6201080187235255,6201080191235460
"HSA_CORE_API","hsa_signal_wait_scacquire",3133720,3133720,545,6201080191235940,6201080195236156
"HSA_CORE_API","hsa_signal_wait_scacquire",3133720,3133720,546,6201080195236636,6201080199236841
"HSA_CORE_API","hsa_signal_wait_scacquire",3133720,3133720,547,6201080199237321,6201080203237517
"HSA_CORE_API","hsa_signal_wait_scacquire",3133720,3133720,548,6201080203237997,6201080207238203
"HSA_CORE_API","hsa_signal_wait_scacquire",3133720,3133720,549,6201080207238682,6201080211238878
"HSA_CORE_API","hsa_signal_wait_scacquire",3133720,3133720,550,6201080211239368,6201080215239574
"HSA_CORE_API","hsa_signal_wait_scacquire",3133720,3133720,551,6201080215240054,6201080219240259
"HSA_CORE_API","hsa_signal_wait_scacquire",3133720,3133720,552,6201080219240749,6201080223240955
"HSA_CORE_API","hsa_signal_wait_scacquire",3133720,3133720,553,6201080223241435,6201080227241640
"HSA_CORE_API","hsa_signal_wait_scacquire",3133720,3133720,554,6201080227241930,6201080231242136
"HSA_CORE_API","hsa_signal_wait_scacquire",3133720,3133720,555,6201080231242616,6201080235242821
"HSA_CORE_API","hsa_signal_wait_scacquire",3133720,3133720,556,6201080235243121,6201080239243327
"HSA_CORE_API","hsa_signal_wait_scacquire",3133720,3133720,557,6201080239243807,6201080243244012
"HSA_CORE_API","hsa_signal_wait_scacquire",3133720,3133720,558,6201080243244492,6201080247244698
"HSA_CORE_API","hsa_signal_wait_scacquire",3133720,3133720,559,6201080247245178,6201080251245384
"HSA_CORE_API","hsa_signal_wait_scacquire",3133720,3133720,560,6201080251245874,6201080255246079
"HSA_CORE_API","hsa_signal_wait_scacquire",3133720,3133720,561,6201080255246559,6201080259246765
"HSA_CORE_API","hsa_signal_wait_scacquire",3133720,3133720,562,6201080259247245,6201080263247450
"HSA_CORE_API","hsa_signal_wait_scacquire",3133720,3133720,563,6201080263247930,6201080267248136
"HSA_CORE_API","hsa_signal_wait_scacquire",3133720,3133720,564,6201080267248616,6201080271248821
"HSA_CORE_API","hsa_signal_wait_scacquire",3133720,3133720,565,6201080271249291,6201080275249497
"HSA_CORE_API","hsa_signal_wait_scacquire",3133720,3133720,566,6201080275249977,6201080279250182
"HSA_CORE_API","hsa_signal_wait_scacquire",3133720,3133720,567,6201080279250662,6201080283250888
"HSA_CORE_API","hsa_signal_wait_scacquire",3133720,3133720,568,6201080283251378,6201080287251584
"HSA_CORE_API","hsa_signal_wait_scacquire",3133720,3133720,569,6201080287252064,6201080291252289
"HSA_CORE_API","hsa_signal_wait_scacquire",3133720,3133720,570,6201080291252589,6201080295252815
"HSA_CORE_API","hsa_signal_wait_scacquire",3133720,3133720,571,6201080295253235,6201080299253460
"HSA_CORE_API","hsa_signal_wait_scacquire",3133720,3133720,572,6201080299253910,6201080303254106
"HSA_CORE_API","hsa_signal_wait_scacquire",3133720,3133720,573,6201080303254406,6201080307254611
"HSA_CORE_API","hsa_signal_wait_scacquire",3133720,3133720,574,6201080307255101,6201080311255307
"HSA_CORE_API","hsa_signal_wait_scacquire",3133720,3133720,575,6201080311255597,6201080315255792
"HSA_CORE_API","hsa_signal_wait_scacquire",3133720,3133720,576,6201080315256282,6201080319256488
"HSA_CORE_API","hsa_signal_wait_scacquire",3133720,3133720,577,6201080319257238,6201080323257443
"HSA_CORE_API","hsa_signal_wait_scacquire",3133720,3133720,578,6201080323259273,6201080327259479
"HSA_CORE_API","hsa_signal_wait_scacquire",3133720,3133720,579,6201080327259769,6201080331259975
"HSA_CORE_API","hsa_signal_wait_scacquire",3133720,3133720,580,6201080331260455,6201080335260660
"HSA_CORE_API","hsa_signal_wait_scacquire",3133720,3133720,581,6201080335260970,6201080339261176
"HSA_CORE_API","hsa_signal_wait_scacquire",3133720,3133720,582,6201080339261656,6201080343261851
"HSA_CORE_API","hsa_signal_wait_scacquire",3133720,3133720,583,6201080343262331,6201080347262547
"HSA_CORE_API","hsa_signal_wait_scacquire",3133720,3133720,584,6201080347263027,6201080351263232
"HSA_CORE_API","hsa_signal_wait_scacquire",3133720,3133720,585,6201080351263712,6201080355263918
"HSA_CORE_API","hsa_signal_wait_scacquire",3133720,3133720,586,6201080355264208,6201080359264413
"HSA_CORE_API","hsa_signal_wait_scacquire",3133720,3133720,587,6201080359264893,6201080363265099
"HSA_CORE_API","hsa_signal_wait_scacquire",3133720,3133720,588,6201080363265579,6201080367265794
"HSA_CORE_API","hsa_signal_wait_scacquire",3133720,3133720,589,6201080367266284,6201080371266490
"HSA_CORE_API","hsa_signal_wait_scacquire",3133720,3133720,590,6201080371266960,6201080375267166
"HSA_CORE_API","hsa_signal_wait_scacquire",3133720,3133720,591,6201080375267646,6201080379267851
"HSA_CORE_API","hsa_signal_wait_scacquire",3133720,3133720,592,6201080379268331,6201080383268537
"HSA_CORE_API","hsa_signal_wait_scacquire",3133720,3133720,593,6201080383269017,6201080387269212
"HSA_CORE_API","hsa_signal_wait_scacquire",3133720,3133720,594,6201080387269702,6201080391269898
"HSA_CORE_API","hsa_signal_wait_scacquire",3133720,3133720,595,6201080391270388,6201080395270593
"HSA_CORE_API","hsa_signal_wait_scacquire",3133720,3133720,596,6201080395271073,6201080399271289
"HSA_CORE_API","hsa_signal_wait_scacquire",3133720,3133720,597,6201080399271579,6201080403271785
"HSA_CORE_API","hsa_signal_wait_scacquire",3133720,3133720,598,6201080403272265,6201080407272470
"HSA_CORE_API","hsa_signal_wait_scacquire",3133720,3133720,599,6201080407272950,6201080411273156
"HSA_CORE_API","hsa_signal_wait_scacquire",3133720,3133720,600,6201080411273636,6201080415273841
"HSA_CORE_API","hsa_signal_wait_scacquire",3133720,3133720,601,6201080415274321,6201080419274537
"HSA_CORE_API","hsa_signal_wait_scacquire",3133720,3133720,602,6201080419275017,6201080423275222
"HSA_CORE_API","hsa_signal_wait_scacquire",3133720,3133720,603,6201080423275512,6201080427275718
"HSA_CORE_API","hsa_signal_wait_scacquire",3133720,3133720,604,6201080427276208,6201080431276413
"HSA_CORE_API","hsa_signal_wait_scacquire",3133720,3133720,605,6201080431276983,6201080435277199
"HSA_CORE_API","hsa_signal_wait_scacquire",3133720,3133720,606,6201080435277499,6201080439277714
"HSA_CORE_API","hsa_signal_wait_scacquire",3133720,3133720,607,6201080439278284,6201080443278490
"HSA_CORE_API","hsa_signal_wait_scacquire",3133720,3133720,608,6201080443278780,6201080447278986
"HSA_CORE_API","hsa_signal_wait_scacquire",3133720,3133720,609,6201080447279566,6201080451279771
"HSA_CORE_API","hsa_signal_wait_scacquire",3133720,3133720,610,6201080451280251,6201080455280457
"HSA_CORE_API","hsa_signal_wait_scacquire",3133720,3133720,611,6201080455280927,6201080459281122
"HSA_CORE_API","hsa_signal_wait_scacquire",3133720,3133720,612,6201080459281602,6201080463281828
"HSA_CORE_API","hsa_signal_wait_scacquire",3133720,3133720,613,6201080463282318,6201080467282523
"HSA_CORE_API","hsa_signal_wait_scacquire",3133720,3133720,614,6201080467283003,6201080471283209
"HSA_CORE_API","hsa_signal_wait_scacquire",3133720,3133720,615,6201080471284939,6201080475285144
"HSA_CORE_API","hsa_signal_wait_scacquire",3133720,3133720,616,6201080475285434,6201080479285640
"HSA_CORE_API","hsa_signal_wait_scacquire",3133720,3133720,617,6201080479286120,6201080483286325
"HSA_CORE_API","hsa_signal_wait_scacquire",3133720,3133720,618,6201080483286715,6201080487286921
"HSA_CORE_API","hsa_signal_wait_scacquire",3133720,3133720,619,6201080487287411,6201080491287627
"HSA_CORE_API","hsa_signal_wait_scacquire",3133720,3133720,620,6201080491288117,6201080495288312
"HSA_CORE_API","hsa_signal_wait_scacquire",3133720,3133720,621,6201080495288792,6201080499288998
"HSA_CORE_API","hsa_signal_wait_scacquire",3133720,3133720,622,6201080499289478,6201080503289683
"HSA_CORE_API","hsa_signal_wait_scacquire",3133720,3133720,623,6201080503290153,6201080507290369
"HSA_CORE_API","hsa_signal_wait_scacquire",3133720,3133720,624,6201080507290849,6201080511291054
"HSA_CORE_API","hsa_signal_wait_scacquire",3133720,3133720,625,6201080511291544,6201080515291750
"HSA_CORE_API","hsa_signal_wait_scacquire",3133720,3133720,626,6201080515292230,6201080519292436
"HSA_CORE_API","hsa_signal_wait_scacquire",3133720,3133720,627,6201080519292926,6201080523293131
"HSA_CORE_API","hsa_signal_wait_scacquire",3133720,3133720,628,6201080523293611,6201080527293817
"HSA_CORE_API","hsa_signal_wait_scacquire",3133720,3133720,629,6201080527294297,6201080531294502
"HSA_CORE_API","hsa_signal_wait_scacquire",3133720,3133720,630,6201080531294982,6201080535295188
"HSA_CORE_API","hsa_signal_wait_scacquire",3133720,3133720,631,6201080535295488,6201080539295693
"HSA_CORE_API","hsa_signal_wait_scacquire",3133720,3133720,632,6201080539296173,6201080543296379
"HSA_CORE_API","hsa_signal_wait_scacquire",3133720,3133720,633,6201080543296669,6201080547296884
"HSA_CORE_API","hsa_signal_wait_scacquire",3133720,3133720,634,6201080547297364,6201080551297570
"HSA_CORE_API","hsa_signal_wait_scacquire",3133720,3133720,635,6201080551298050,6201080555298245
"HSA_CORE_API","hsa_signal_wait_scacquire",3133720,3133720,636,6201080555298735,6201080559298931
"HSA_CORE_API","hsa_signal_wait_scacquire",3133720,3133720,637,6201080559299421,6201080563299627
"HSA_CORE_API","hsa_signal_wait_scacquire",3133720,3133720,638,6201080563300107,6201080567300312
"HSA_CORE_API","hsa_signal_wait_scacquire",3133720,3133720,639,6201080567300792,6201080571300988
"HSA_CORE_API","hsa_signal_wait_scacquire",3133720,3133720,640,6201080571301468,6201080575301683
"HSA_CORE_API","hsa_signal_wait_scacquire",3133720,3133720,641,6201080575302213,6201080579302409
"HSA_CORE_API","hsa_signal_wait_scacquire",3133720,3133720,642,6201080579303859,6201080583304054
"HSA_CORE_API","hsa_signal_wait_scacquire",3133720,3133720,643,6201080583304344,6201080587304540
"HSA_CORE_API","hsa_signal_wait_scacquire",3133720,3133720,644,6201080587305020,6201080591305225
"HSA_CORE_API","hsa_signal_wait_scacquire",3133720,3133720,645,6201080591305965,6201080595306171
"HSA_CORE_API","hsa_signal_wait_scacquire",3133720,3133720,646,6201080595306651,6201080599306856
"HSA_CORE_API","hsa_signal_wait_scacquire",3133720,3133720,647,6201080599307456,6201080603307672
"HSA_CORE_API","hsa_signal_wait_scacquire",3133720,3133720,648,6201080603307972,6201080607308188
"HSA_CORE_API","hsa_signal_wait_scacquire",3133720,3133720,649,6201080607308478,6201080611308683
"HSA_CORE_API","hsa_signal_wait_scacquire",3133720,3133720,650,6201080611309583,6201080615309789
"HSA_CORE_API","hsa_signal_wait_scacquire",3133720,3133720,651,6201080615310079,6201080619310294
"HSA_CORE_API","hsa_signal_wait_scacquire",3133720,3133720,652,6201080619310984,6201080623311180
"HSA_CORE_API","hsa_signal_wait_scacquire",3133720,3133720,653,6201080623311680,6201080627311875
"HSA_CORE_API","hsa_signal_wait_scacquire",3133720,3133720,654,6201080627313175,6201080631983267
"HSA_CORE_API","hsa_signal_wait_scacquire",3133720,3133720,655,6201080631989107,6201080635989912
"HSA_CORE_API","hsa_signal_wait_scacquire",3133720,3133720,656,6201080635990382,6201080639990588
"HSA_CORE_API","hsa_signal_wait_scacquire",3133720,3133720,657,6201080639991078,6201080643991283
"HSA_CORE_API","hsa_signal_wait_scacquire",3133720,3133720,658,6201080643991783,6201080647991979
"HSA_CORE_API","hsa_signal_wait_scacquire",3133720,3133720,659,6201080647993239,6201080651993434
"HSA_CORE_API","hsa_signal_wait_scacquire",3133720,3133720,660,6201080651993734,6201080655993940
"HSA_CORE_API","hsa_signal_wait_scacquire",3133720,3133720,661,6201080655994430,6201080659994655
"HSA_CORE_API","hsa_signal_wait_scacquire",3133720,3133720,662,6201080659995155,6201080663995541
"HSA_CORE_API","hsa_signal_wait_scacquire",3133720,3133720,663,6201080663996081,6201080667996276
"HSA_CORE_API","hsa_signal_wait_scacquire",3133720,3133720,664,6201080667996766,6201080671996972
"HSA_CORE_API","hsa_signal_wait_scacquire",3133720,3133720,665,6201080671997262,6201080675997458
"HSA_CORE_API","hsa_signal_wait_scacquire",3133720,3133720,666,6201080675997948,6201080679998163
"HSA_CORE_API","hsa_signal_wait_scacquire",3133720,3133720,667,6201080679998653,6201080683998849
"HSA_CORE_API","hsa_signal_wait_scacquire",3133720,3133720,668,6201080683999329,6201080687999524
"HSA_CORE_API","hsa_signal_wait_scacquire",3133720,3133720,669,6201080687999874,6201080692003650
"HSA_CORE_API","hsa_signal_wait_scacquire",3133720,3133720,670,6201080692003970,6201080696004155
"HSA_CORE_API","hsa_signal_wait_scacquire",3133720,3133720,671,6201080696004645,6201080700004841
"HSA_CORE_API","hsa_signal_wait_scacquire",3133720,3133720,672,6201080700005321,6201080704005516
"HSA_CORE_API","hsa_signal_wait_scacquire",3133720,3133720,673,6201080704006206,6201080708006402
"HSA_CORE_API","hsa_signal_wait_scacquire",3133720,3133720,674,6201080708007292,6201080712007487
"HSA_CORE_API","hsa_signal_wait_scacquire",3133720,3133720,675,6201080712007967,6201080716008163
"HSA_CORE_API","hsa_signal_wait_scacquire",3133720,3133720,676,6201080716008643,6201080720008838
"HSA_CORE_API","hsa_signal_wait_scacquire",3133720,3133720,677,6201080720009328,6201080724009534
"HSA_CORE_API","hsa_signal_wait_scacquire",3133720,3133720,678,6201080724009824,6201080728010020
"HSA_CORE_API","hsa_signal_wait_scacquire",3133720,3133720,679,6201080728010500,6201080732010715
"HSA_CORE_API","hsa_signal_wait_scacquire",3133720,3133720,680,6201080732011005,6201080736011211
"HSA_CORE_API","hsa_signal_wait_scacquire",3133720,3133720,681,6201080736011521,6201080740011716
"HSA_CORE_API","hsa_signal_wait_scacquire",3133720,3133720,682,6201080740012206,6201080744012422
"HSA_CORE_API","hsa_signal_wait_scacquire",3133720,3133720,683,6201080744012712,6201080748012907
"HSA_CORE_API","hsa_signal_wait_scacquire",3133720,3133720,684,6201080748013387,6201080752013603
"HSA_CORE_API","hsa_signal_wait_scacquire",3133720,3133720,685,6201080752014173,6201080756014378
"HSA_CORE_API","hsa_signal_wait_scacquire",3133720,3133720,686,6201080756014928,6201080760015134
"HSA_CORE_API","hsa_signal_wait_scacquire",3133720,3133720,687,6201080760015614,6201080764015819
"HSA_CORE_API","hsa_signal_wait_scacquire",3133720,3133720,688,6201080764016299,6201080768016505
"HSA_CORE_API","hsa_signal_wait_scacquire",3133720,3133720,689,6201080768016985,6201080772017181
"HSA_CORE_API","hsa_signal_wait_scacquire",3133720,3133720,690,6201080772017661,6201080776017856
"HSA_CORE_API","hsa_signal_wait_scacquire",3133720,3133720,691,6201080776018146,6201080780018352
"HSA_CORE_API","hsa_signal_wait_scacquire",3133720,3133720,692,6201080780018832,6201080784019037
"HSA_CORE_API","hsa_signal_wait_scacquire",3133720,3133720,693,6201080784019517,6201080788019723
"HSA_CORE_API","hsa_signal_wait_scacquire",3133720,3133720,694,6201080788020103,6201080792020318
"HSA_CORE_API","hsa_signal_wait_scacquire",3133720,3133720,695,6201080792020798,6201080796021114
"HSA_CORE_API","hsa_signal_wait_scacquire",3133720,3133720,696,6201080796021644,6201080800021859
"HSA_CORE_API","hsa_signal_wait_scacquire",3133720,3133720,697,6201080800022349,6201080804022545
"HSA_CORE_API","hsa_signal_wait_scacquire",3133720,3133720,698,6201080804023135,6201080808023530
"HSA_CORE_API","hsa_signal_wait_scacquire",3133720,3133720,699,6201080808024360,6201080812024566
"HSA_CORE_API","hsa_signal_wait_scacquire",3133720,3133720,700,6201080812025046,6201080816025242
"HSA_CORE_API","hsa_signal_wait_scacquire",3133720,3133720,701,6201080816025732,6201080820025927
"HSA_CORE_API","hsa_signal_wait_scacquire",3133720,3133720,702,6201080820026707,6201080824026913
"HSA_CORE_API","hsa_signal_wait_scacquire",3133720,3133720,703,6201080824027383,6201080828027588
"HSA_CORE_API","hsa_signal_wait_scacquire",3133720,3133720,704,6201080828028068,6201080832028264
"HSA_CORE_API","hsa_signal_wait_scacquire",3133720,3133720,705,6201080832029214,6201080836029419
"HSA_CORE_API","hsa_signal_wait_scacquire",3133720,3133720,706,6201080836036729,6201080840036945
"HSA_CORE_API","hsa_signal_wait_scacquire",3133720,3133720,707,6201080840037425,6201080844037630
"HSA_CORE_API","hsa_signal_wait_scacquire",3133720,3133720,708,6201080844038110,6201080848038316
"HSA_CORE_API","hsa_signal_wait_scacquire",3133720,3133720,709,6201080848038996,6201080852039211
"HSA_CORE_API","hsa_signal_wait_scacquire",3133720,3133720,710,6201080852039711,6201080856039917
"HSA_CORE_API","hsa_signal_wait_scacquire",3133720,3133720,711,6201080856040397,6201080860040602
"HSA_CORE_API","hsa_signal_wait_scacquire",3133720,3133720,712,6201080860040892,6201080864041098
"HSA_CORE_API","hsa_signal_wait_scacquire",3133720,3133720,713,6201080864041568,6201080868041773
"HSA_CORE_API","hsa_signal_wait_scacquire",3133720,3133720,714,6201080868042253,6201080872042459
"HSA_CORE_API","hsa_signal_wait_scacquire",3133720,3133720,715,6201080872042949,6201080876043154
"HSA_CORE_API","hsa_signal_wait_scacquire",3133720,3133720,716,6201080876043624,6201080880043830
"HSA_CORE_API","hsa_signal_wait_scacquire",3133720,3133720,717,6201080880044330,6201080884044536
"HSA_CORE_API","hsa_signal_wait_scacquire",3133720,3133720,718,6201080884045026,6201080888045221
"HSA_CORE_API","hsa_signal_wait_scacquire",3133720,3133720,719,6201080888045711,6201080892045907
"HSA_CORE_API","hsa_signal_wait_scacquire",3133720,3133720,720,6201080892046397,6201080896046802
"HSA_CORE_API","hsa_signal_wait_scacquire",3133720,3133720,721,6201080896047282,6201080900047488
"HSA_CORE_API","hsa_signal_wait_scacquire",3133720,3133720,722,6201080900047978,6201080904048183
"HSA_CORE_API","hsa_signal_wait_scacquire",3133720,3133720,723,6201080904049273,6201080908049479
"HSA_CORE_API","hsa_signal_wait_scacquire",3133720,3133720,724,6201080908050179,6201080912050374
"HSA_CORE_API","hsa_signal_wait_scacquire",3133720,3133720,725,6201080912050864,6201080916051080
"HSA_CORE_API","hsa_signal_wait_scacquire",3133720,3133720,726,6201080916051570,6201080920051765
"HSA_CORE_API","hsa_signal_wait_scacquire",3133720,3133720,727,6201080920052055,6201080924052271
"HSA_CORE_API","hsa_signal_wait_scacquire",3133720,3133720,728,6201080924052761,6201080928052956
"HSA_CORE_API","hsa_signal_wait_scacquire",3133720,3133720,729,6201080928053636,6201080932053842
"HSA_CORE_API","hsa_signal_wait_scacquire",3133720,3133720,730,6201080932054512,6201080936054718
"HSA_CORE_API","hsa_signal_wait_scacquire",3133720,3133720,731,6201080936055248,6201080940055453
"HSA_CORE_API","hsa_signal_wait_scacquire",3133720,3133720,732,6201080940055943,6201080944056149
"HSA_CORE_API","hsa_signal_wait_scacquire",3133720,3133720,733,6201080944056639,6201080948056854
"HSA_CORE_API","hsa_signal_wait_scacquire",3133720,3133720,734,6201080948057354,6201080952057550
"HSA_CORE_API","hsa_signal_wait_scacquire",3133720,3133720,735,6201080952058040,6201080956058245
"HSA_CORE_API","hsa_signal_wait_scacquire",3133720,3133720,736,6201080956058735,6201080960058931
"HSA_CORE_API","hsa_signal_wait_scacquire",3133720,3133720,737,6201080960059221,6201080964059436
"HSA_CORE_API","hsa_signal_wait_scacquire",3133720,3133720,738,6201080964059906,6201080968060122
"HSA_CORE_API","hsa_signal_wait_scacquire",3133720,3133720,739,6201080968060612,6201080972060817
"HSA_CORE_API","hsa_signal_wait_scacquire",3133720,3133720,740,6201080972061297,6201080976061503
"HSA_CORE_API","hsa_signal_wait_scacquire",3133720,3133720,741,6201080976061973,6201080980062188
"HSA_CORE_API","hsa_signal_wait_scacquire",3133720,3133720,742,6201080980063508,6201080984063724
"HSA_CORE_API","hsa_signal_wait_scacquire",3133720,3133720,743,6201080984070344,6201080988070559
"HSA_CORE_API","hsa_signal_wait_scacquire",3133720,3133720,744,6201080988070849,6201080992071055
"HSA_CORE_API","hsa_signal_wait_scacquire",3133720,3133720,745,6201080992071585,6201080996071791
"HSA_CORE_API","hsa_signal_wait_scacquire",3133720,3133720,746,6201080996072271,6201081000072466
"HSA_CORE_API","hsa_signal_wait_scacquire",3133720,3133720,747,6201081000072986,6201081004073472
"HSA_CORE_API","hsa_signal_wait_scacquire",3133720,3133720,748,6201081004074172,6201081008074397
"HSA_CORE_API","hsa_signal_wait_scacquire",3133720,3133720,749,6201081008074867,6201081012075083
"HSA_CORE_API","hsa_signal_wait_scacquire",3133720,3133720,750,6201081012075553,6201081016075768
"HSA_CORE_API","hsa_signal_wait_scacquire",3133720,3133720,751,6201081016076448,6201081020076654
"HSA_CORE_API","hsa_signal_wait_scacquire",3133720,3133720,752,6201081020077134,6201081024077339
"HSA_CORE_API","hsa_signal_wait_scacquire",3133720,3133720,753,6201081024078359,6201081028078555
"HSA_CORE_API","hsa_signal_wait_scacquire",3133720,3133720,754,6201081028079255,6201081032079450
"HSA_CORE_API","hsa_signal_wait_scacquire",3133720,3133720,755,6201081032080310,6201081036080536
"HSA_CORE_API","hsa_signal_wait_scacquire",3133720,3133720,756,6201081036081376,6201081040081582
"HSA_CORE_API","hsa_signal_wait_scacquire",3133720,3133720,757,6201081040082292,6201081044082487
"HSA_CORE_API","hsa_signal_wait_scacquire",3133720,3133720,758,6201081044083157,6201081048083403
"HSA_CORE_API","hsa_signal_wait_scacquire",3133720,3133720,759,6201081048083723,6201081052083938
"HSA_CORE_API","hsa_signal_wait_scacquire",3133720,3133720,760,6201081052084228,6201081056084424
"HSA_CORE_API","hsa_signal_wait_scacquire",3133720,3133720,761,6201081056085674,6201081060085879
"HSA_CORE_API","hsa_signal_wait_scacquire",3133720,3133720,762,6201081060086359,6201081064086565
"HSA_CORE_API","hsa_signal_wait_scacquire",3133720,3133720,763,6201081064087045,6201081068087260
"HSA_CORE_API","hsa_signal_wait_scacquire",3133720,3133720,764,6201081068088350,6201081072088696
"HSA_CORE_API","hsa_signal_wait_scacquire",3133720,3133720,765,6201081072093836,6201081076094561
"HSA_CORE_API","hsa_signal_wait_scacquire",3133720,3133720,766,6201081076095701,6201081080095917
"HSA_CORE_API","hsa_signal_wait_scacquire",3133720,3133720,767,6201081080096217,6201081084096422
"HSA_CORE_API","hsa_signal_wait_scacquire",3133720,3133720,768,6201081084096902,6201081088097108
"HSA_CORE_API","hsa_signal_wait_scacquire",3133720,3133720,769,6201081088100148,6201081092100333
"HSA_CORE_API","hsa_signal_wait_scacquire",3133720,3133720,770,6201081092105063,6201081096105269
"HSA_CORE_API","hsa_signal_wait_scacquire",3133720,3133720,771,6201081096105849,6201081100106054
"HSA_CORE_API","hsa_signal_wait_scacquire",3133720,3133720,772,6201081100106524,6201081104106720
"HSA_CORE_API","hsa_signal_wait_scacquire",3133720,3133720,773,6201081104107200,6201081108107395
"HSA_CORE_API","hsa_signal_wait_scacquire",3133720,3133720,774,6201081108107875,6201081112108081
"HSA_CORE_API","hsa_signal_wait_scacquire",3133720,3133720,775,6201081112108371,6201081116108566
"HSA_CORE_API","hsa_signal_wait_scacquire",3133720,3133720,776,6201081116109136,6201081120109342
"HSA_CORE_API","hsa_signal_wait_scacquire",3133720,3133720,777,6201081120109902,6201081124110098
"HSA_CORE_API","hsa_signal_wait_scacquire",3133720,3133720,778,6201081124110578,6201081128110773
"HSA_CORE_API","hsa_signal_wait_scacquire",3133720,3133720,779,6201081128111243,6201081132111449
"HSA_CORE_API","hsa_signal_wait_scacquire",3133720,3133720,780,6201081132111919,6201081136112114
"HSA_CORE_API","hsa_signal_wait_scacquire",3133720,3133720,781,6201081136112424,6201081140112620
"HSA_CORE_API","hsa_signal_wait_scacquire",3133720,3133720,782,6201081140113100,6201081144113295
"HSA_CORE_API","hsa_signal_wait_scacquire",3133720,3133720,783,6201081144113765,6201081148114071
"HSA_CORE_API","hsa_signal_wait_scacquire",3133720,3133720,784,6201081148114561,6201081152114756
"HSA_CORE_API","hsa_signal_wait_scacquire",3133720,3133720,785,6201081152115226,6201081156115422
"HSA_CORE_API","hsa_signal_wait_scacquire",3133720,3133720,786,6201081156115712,6201081160115917
"HSA_CORE_API","hsa_signal_wait_scacquire",3133720,3133720,787,6201081160116607,6201081164116803
"HSA_CORE_API","hsa_signal_wait_scacquire",3133720,3133720,788,6201081164117493,6201081168117699
"HSA_CORE_API","hsa_signal_wait_scacquire",3133720,3133720,789,6201081168118169,6201081172118364
"HSA_CORE_API","hsa_signal_wait_scacquire",3133720,3133720,790,6201081172118844,6201081176119040
"HSA_CORE_API","hsa_signal_wait_scacquire",3133720,3133720,791,6201081176119330,6201081180119515
"HSA_CORE_API","hsa_signal_wait_scacquire",3133720,3133720,792,6201081180120125,6201081184120511
"HSA_CORE_API","hsa_signal_wait_scacquire",3133720,3133720,793,6201081184120991,6201081188121186
"HSA_CORE_API","hsa_signal_wait_scacquire",3133720,3133720,794,6201081188121656,6201081192121852
"HSA_CORE_API","hsa_signal_wait_scacquire",3133720,3133720,795,6201081192122402,6201081196122797
"HSA_CORE_API","hsa_signal_wait_scacquire",3133720,3133720,796,6201081196123337,6201081200123533
"HSA_CORE_API","hsa_signal_wait_scacquire",3133720,3133720,797,6201081200124403,6201081204124598
"HSA_CORE_API","hsa_signal_wait_scacquire",3133720,3133720,798,6201081204125268,6201081208125464
"HSA_CORE_API","hsa_signal_wait_scacquire",3133720,3133720,799,6201081208125934,6201081212126130
"HSA_CORE_API","hsa_signal_wait_scacquire",3133720,3133720,800,6201081212126620,6201081216126815
"HSA_CORE_API","hsa_signal_wait_scacquire",3133720,3133720,801,6201081216127685,6201081220127881
"HSA_CORE_API","hsa_signal_wait_scacquire",3133720,3133720,802,6201081220128361,6201081224128556
"HSA_CORE_API","hsa_signal_wait_scacquire",3133720,3133720,803,6201081224129376,6201081228129572
"HSA_CORE_API","hsa_signal_wait_scacquire",3133720,3133720,804,6201081228130062,6201081232130267
"HSA_CORE_API","hsa_signal_wait_scacquire",3133720,3133720,805,6201081232130747,6201081236130953
"HSA_CORE_API","hsa_signal_wait_scacquire",3133720,3133720,806,6201081236131243,6201081240131448
"HSA_CORE_API","hsa_signal_wait_scacquire",3133720,3133720,807,6201081240131938,6201081244132144
"HSA_CORE_API","hsa_signal_wait_scacquire",3133720,3133720,808,6201081244132624,6201081248132819
"HSA_CORE_API","hsa_signal_wait_scacquire",3133720,3133720,809,6201081248133719,6201081252133925
"HSA_CORE_API","hsa_signal_wait_scacquire",3133720,3133720,810,6201081252134405,6201081256134610
"HSA_CORE_API","hsa_signal_wait_scacquire",3133720,3133720,811,6201081256135680,6201081260135896
"HSA_CORE_API","hsa_signal_wait_scacquire",3133720,3133720,812,6201081260136226,6201081264136432
"HSA_CORE_API","hsa_signal_wait_scacquire",3133720,3133720,813,6201081264136911,6201081268137107
"HSA_CORE_API","hsa_signal_wait_scacquire",3133720,3133720,814,6201081268138327,6201081272138523
"HSA_CORE_API","hsa_signal_wait_scacquire",3133720,3133720,815,6201081272143282,6201081276143478
"HSA_CORE_API","hsa_signal_wait_scacquire",3133720,3133720,816,6201081276144138,6201081280144334
"HSA_CORE_API","hsa_signal_wait_scacquire",3133720,3133720,817,6201081280144804,6201081284144999
"HSA_CORE_API","hsa_signal_wait_scacquire",3133720,3133720,818,6201081284145479,6201081288145685
"HSA_CORE_API","hsa_signal_wait_scacquire",3133720,3133720,819,6201081288146455,6201081292146650
"HSA_CORE_API","hsa_signal_wait_scacquire",3133720,3133720,820,6201081292147280,6201081296147476
"HSA_CORE_API","hsa_signal_wait_scacquire",3133720,3133720,821,6201081296147966,6201081300148161
"HSA_CORE_API","hsa_signal_wait_scacquire",3133720,3133720,822,6201081300148621,6201081304148817
"HSA_CORE_API","hsa_signal_wait_scacquire",3133720,3133720,823,6201081304149287,6201081308149482
"HSA_CORE_API","hsa_signal_wait_scacquire",3133720,3133720,824,6201081308150162,6201081312150358
"HSA_CORE_API","hsa_signal_wait_scacquire",3133720,3133720,825,6201081312150848,6201081316151043
"HSA_CORE_API","hsa_signal_wait_scacquire",3133720,3133720,826,6201081316151523,6201081320151719
"HSA_CORE_API","hsa_signal_wait_scacquire",3133720,3133720,827,6201081320152189,6201081324152394
"HSA_CORE_API","hsa_signal_wait_scacquire",3133720,3133720,828,6201081324152874,6201081328153070
"HSA_CORE_API","hsa_signal_wait_scacquire",3133720,3133720,829,6201081328153540,6201081332153736
"HSA_CORE_API","hsa_signal_wait_scacquire",3133720,3133720,830,6201081332154026,6201081336154221
"HSA_CORE_API","hsa_signal_wait_scacquire",3133720,3133720,831,6201081336154531,6201081340154717
"HSA_CORE_API","hsa_signal_wait_scacquire",3133720,3133720,832,6201081340155377,6201081344155572
"HSA_CORE_API","hsa_signal_wait_scacquire",3133720,3133720,833,6201081344156272,6201081348156468
"HSA_CORE_API","hsa_signal_wait_scacquire",3133720,3133720,834,6201081348162748,6201081352162953
"HSA_CORE_API","hsa_signal_wait_scacquire",3133720,3133720,835,6201081352163433,6201081356163649
"HSA_CORE_API","hsa_signal_wait_scacquire",3133720,3133720,836,6201081356164149,6201081360164344
"HSA_CORE_API","hsa_signal_wait_scacquire",3133720,3133720,837,6201081360165184,6201081364165380
"HSA_CORE_API","hsa_signal_wait_scacquire",3133720,3133720,838,6201081364165670,6201081368165865
"HSA_CORE_API","hsa_signal_wait_scacquire",3133720,3133720,839,6201081368166345,6201081372166541
"HSA_CORE_API","hsa_signal_wait_scacquire",3133720,3133720,840,6201081372167431,6201081376167626
"HSA_CORE_API","hsa_signal_wait_scacquire",3133720,3133720,841,6201081376168126,6201081380168322
"HSA_CORE_API","hsa_signal_wait_scacquire",3133720,3133720,842,6201081380169022,6201081384169217
"HSA_CORE_API","hsa_signal_wait_scacquire",3133720,3133720,843,6201081384169707,6201081388169903
"HSA_CORE_API","hsa_signal_wait_scacquire",3133720,3133720,844,6201081388170603,6201081392170799
"HSA_CORE_API","hsa_signal_wait_scacquire",3133720,3133720,845,6201081392171269,6201081396171464
"HSA_CORE_API","hsa_signal_wait_scacquire",3133720,3133720,846,6201081396171954,6201081400172150
"HSA_CORE_API","hsa_signal_wait_scacquire",3133720,3133720,847,6201081400173430,6201081404173625
"HSA_CORE_API","hsa_signal_wait_scacquire",3133720,3133720,848,6201081404174195,6201081408174391
"HSA_CORE_API","hsa_signal_wait_scacquire",3133720,3133720,849,6201081408174871,6201081412175066
"HSA_CORE_API","hsa_signal_wait_scacquire",3133720,3133720,850,6201081412175536,6201081416175732
"HSA_CORE_API","hsa_signal_wait_scacquire",3133720,3133720,851,6201081416176222,6201081420176417
"HSA_CORE_API","hsa_signal_wait_scacquire",3133720,3133720,852,6201081420176897,6201081424177113
"HSA_CORE_API","hsa_signal_wait_scacquire",3133720,3133720,853,6201081424177973,6201081428178168
"HSA_CORE_API","hsa_signal_wait_scacquire",3133720,3133720,854,6201081428178458,6201081432178664
"HSA_CORE_API","hsa_signal_wait_scacquire",3133720,3133720,855,6201081432179144,6201081436179350
"HSA_CORE_API","hsa_signal_wait_scacquire",3133720,3133720,856,6201081436179660,6201081440179855
"HSA_CORE_API","hsa_signal_wait_scacquire",3133720,3133720,857,6201081440180345,6201081444180551
"HSA_CORE_API","hsa_signal_wait_scacquire",3133720,3133720,858,6201081444181041,6201081448181236
"HSA_CORE_API","hsa_signal_wait_scacquire",3133720,3133720,859,6201081448181716,6201081452181922
"HSA_CORE_API","hsa_signal_wait_scacquire",3133720,3133720,860,6201081452182222,6201081456182417
"HSA_CORE_API","hsa_signal_wait_scacquire",3133720,3133720,861,6201081456182907,6201081460183113
"HSA_CORE_API","hsa_signal_wait_scacquire",3133720,3133720,862,6201081460183593,6201081464183798
"HSA_CORE_API","hsa_signal_wait_scacquire",3133720,3133720,863,6201081464184838,6201081468185034
"HSA_CORE_API","hsa_signal_wait_scacquire",3133720,3133720,864,6201081468185524,6201081472185739
"HSA_CORE_API","hsa_signal_wait_scacquire",3133720,3133720,865,6201081472186239,6201081476186445
"HSA_CORE_API","hsa_signal_wait_scacquire",3133720,3133720,866,6201081476186915,6201081480187130
"HSA_CORE_API","hsa_signal_wait_scacquire",3133720,3133720,867,6201081480187610,6201081484187816
"HSA_CORE_API","hsa_signal_wait_scacquire",3133720,3133720,868,6201081484188296,6201081488188502
"HSA_CORE_API","hsa_signal_wait_scacquire",3133720,3133720,869,6201081488188792,6201081492188997
"HSA_CORE_API","hsa_signal_wait_scacquire",3133720,3133720,870,6201081492189477,6201081496189673
"HSA_CORE_API","hsa_signal_wait_scacquire",3133720,3133720,871,6201081496190153,6201081500190348
"HSA_CORE_API","hsa_signal_wait_scacquire",3133720,3133720,872,6201081500190828,6201081504191034
"HSA_CORE_API","hsa_signal_wait_scacquire",3133720,3133720,873,6201081504191514,6201081508191709
"HSA_CORE_API","hsa_signal_wait_scacquire",3133720,3133720,874,6201081508192569,6201081512192965
"HSA_CORE_API","hsa_signal_wait_scacquire",3133720,3133720,875,6201081512193445,6201081516193640
"HSA_CORE_API","hsa_signal_wait_scacquire",3133720,3133720,876,6201081516194120,6201081520194316
"HSA_CORE_API","hsa_signal_wait_scacquire",3133720,3133720,877,6201081520194796,6201081524194991
"HSA_CORE_API","hsa_signal_wait_scacquire",3133720,3133720,878,6201081524195471,6201081528195667
"HSA_CORE_API","hsa_signal_wait_scacquire",3133720,3133720,879,6201081528196157,6201081532196352
"HSA_CORE_API","hsa_signal_wait_scacquire",3133720,3133720,880,6201081532196832,6201081536197038
"HSA_CORE_API","hsa_signal_wait_scacquire",3133720,3133720,881,6201081536197398,6201081540197614
"HSA_CORE_API","hsa_signal_wait_scacquire",3133720,3133720,882,6201081540198094,6201081544198289
"HSA_CORE_API","hsa_signal_wait_scacquire",3133720,3133720,883,6201081544198769,6201081548198975
"HSA_CORE_API","hsa_signal_wait_scacquire",3133720,3133720,884,6201081548199455,6201081552199660
"HSA_CORE_API","hsa_signal_wait_scacquire",3133720,3133720,885,6201081552199950,6201081556200156
"HSA_CORE_API","hsa_signal_wait_scacquire",3133720,3133720,886,6201081556200636,6201081560200831
"HSA_CORE_API","hsa_signal_wait_scacquire",3133720,3133720,887,6201081560201321,6201081564201527
"HSA_CORE_API","hsa_signal_wait_scacquire",3133720,3133720,888,6201081564202007,6201081568202202
"HSA_CORE_API","hsa_signal_wait_scacquire",3133720,3133720,889,6201081568207732,6201081572207938
"HSA_CORE_API","hsa_signal_wait_scacquire",3133720,3133720,890,6201081572208418,6201081576208623
"HSA_CORE_API","hsa_signal_wait_scacquire",3133720,3133720,891,6201081576208913,6201081580209119
"HSA_CORE_API","hsa_signal_wait_scacquire",3133720,3133720,892,6201081580209689,6201081584209884
"HSA_CORE_API","hsa_signal_wait_scacquire",3133720,3133720,893,6201081584210364,6201081588210570
"HSA_CORE_API","hsa_signal_wait_scacquire",3133720,3133720,894,6201081588211050,6201081592211265
"HSA_CORE_API","hsa_signal_wait_scacquire",3133720,3133720,895,6201081592211755,6201081596211951
"HSA_CORE_API","hsa_signal_wait_scacquire",3133720,3133720,896,6201081596212421,6201081600212617
"HSA_CORE_API","hsa_signal_wait_scacquire",3133720,3133720,897,6201081600213487,6201081604213682
"HSA_CORE_API","hsa_signal_wait_scacquire",3133720,3133720,898,6201081604219152,6201081608219367
"HSA_CORE_API","hsa_signal_wait_scacquire",3133720,3133720,899,6201081608219667,6201081612219863
"HSA_CORE_API","hsa_signal_wait_scacquire",3133720,3133720,900,6201081612220343,6201081616220549
"HSA_CORE_API","hsa_signal_wait_scacquire",3133720,3133720,901,6201081616221049,6201081620221254
"HSA_CORE_API","hsa_signal_wait_scacquire",3133720,3133720,902,6201081620221734,6201081624221940
"HSA_CORE_API","hsa_signal_wait_scacquire",3133720,3133720,903,6201081624222620,6201081628222815
"HSA_CORE_API","hsa_signal_wait_scacquire",3133720,3133720,904,6201081628223105,6201081632223321
"HSA_CORE_API","hsa_signal_wait_scacquire",3133720,3133720,905,6201081632223821,6201081636224026
"HSA_CORE_API","hsa_signal_wait_scacquire",3133720,3133720,906,6201081636224316,6201081640224512
"HSA_CORE_API","hsa_signal_wait_scacquire",3133720,3133720,907,6201081640225002,6201081644225987
"HSA_CORE_API","hsa_signal_wait_scacquire",3133720,3133720,908,6201081644235397,6201081648236263
"HSA_CORE_API","hsa_signal_wait_scacquire",3133720,3133720,909,6201081648236543,6201081652236748
"HSA_CORE_API","hsa_signal_wait_scacquire",3133720,3133720,910,6201081652237228,6201081656237434
"HSA_CORE_API","hsa_signal_wait_scacquire",3133720,3133720,911,6201081656238134,6201081660238329
"HSA_CORE_API","hsa_signal_wait_scacquire",3133720,3133720,912,6201081660238809,6201081664239015
"HSA_CORE_API","hsa_signal_wait_scacquire",3133720,3133720,913,6201081664239495,6201081668239700
"HSA_CORE_API","hsa_signal_wait_scacquire",3133720,3133720,914,6201081668240190,6201081672240396
"HSA_CORE_API","hsa_signal_wait_scacquire",3133720,3133720,915,6201081672240886,6201081676241092
"HSA_CORE_API","hsa_signal_wait_scacquire",3133720,3133720,916,6201081676241382,6201081680241587
"HSA_CORE_API","hsa_signal_wait_scacquire",3133720,3133720,917,6201081680242077,6201081684242293
"HSA_CORE_API","hsa_signal_wait_scacquire",3133720,3133720,918,6201081684242783,6201081688242978
"HSA_CORE_API","hsa_signal_wait_scacquire",3133720,3133720,919,6201081688243458,6201081692243664
"HSA_CORE_API","hsa_signal_wait_scacquire",3133720,3133720,920,6201081692244144,6201081696244349
"HSA_CORE_API","hsa_signal_wait_scacquire",3133720,3133720,921,6201081696244829,6201081700245035
"HSA_CORE_API","hsa_signal_wait_scacquire",3133720,3133720,922,6201081700245325,6201081704245540
"HSA_CORE_API","hsa_signal_wait_scacquire",3133720,3133720,923,6201081704246040,6201081708246246
"HSA_CORE_API","hsa_signal_wait_scacquire",3133720,3133720,924,6201081708246726,6201081712246921
"HSA_CORE_API","hsa_signal_wait_scacquire",3133720,3133720,925,6201081712247421,6201081716247627
"HSA_CORE_API","hsa_signal_wait_scacquire",3133720,3133720,926,6201081716248257,6201081720248452
"HSA_CORE_API","hsa_signal_wait_scacquire",3133720,3133720,927,6201081720248922,6201081724249138
"HSA_CORE_API","hsa_signal_wait_scacquire",3133720,3133720,928,6201081724249638,6201081728249843
"HSA_CORE_API","hsa_signal_wait_scacquire",3133720,3133720,929,6201081728250413,6201081732250619
"HSA_CORE_API","hsa_signal_wait_scacquire",3133720,3133720,930,6201081732251099,6201081736251304
"HSA_CORE_API","hsa_signal_wait_scacquire",3133720,3133720,931,6201081736251614,6201081740251820
"HSA_CORE_API","hsa_signal_wait_scacquire",3133720,3133720,932,6201081740252110,6201081744252305
"HSA_CORE_API","hsa_signal_wait_scacquire",3133720,3133720,933,6201081744252785,6201081748252981
"HSA_CORE_API","hsa_signal_wait_scacquire",3133720,3133720,934,6201081748253461,6201081752253657
"HSA_CORE_API","hsa_signal_wait_scacquire",3133720,3133720,935,6201081752254337,6201081756254532
"HSA_CORE_API","hsa_signal_wait_scacquire",3133720,3133720,936,6201081756255022,6201081760255228
"HSA_CORE_API","hsa_signal_wait_scacquire",3133720,3133720,937,6201081760255698,6201081764255893
"HSA_CORE_API","hsa_signal_wait_scacquire",3133720,3133720,938,6201081764256373,6201081768256579
"HSA_CORE_API","hsa_signal_wait_scacquire",3133720,3133720,939,6201081768257239,6201081772257444
"HSA_CORE_API","hsa_signal_wait_scacquire",3133720,3133720,940,6201081772257924,6201081776258130
"HSA_CORE_API","hsa_signal_wait_scacquire",3133720,3133720,941,6201081776258610,6201081780258815
"HSA_CORE_API","hsa_signal_wait_scacquire",3133720,3133720,942,6201081780259295,6201081784259511
"HSA_CORE_API","hsa_signal_wait_scacquire",3133720,3133720,943,6201081784259991,6201081788260196
"HSA_CORE_API","hsa_signal_wait_scacquire",3133720,3133720,944,6201081788260676,6201081792260882
"HSA_CORE_API","hsa_signal_wait_scacquire",3133720,3133720,945,6201081792261352,6201081796261547
"HSA_CORE_API","hsa_signal_wait_scacquire",3133720,3133720,946,6201081796262027,6201081800262243
"HSA_CORE_API","hsa_signal_wait_scacquire",3133720,3133720,947,6201081800262723,6201081804262919
"HSA_CORE_API","hsa_signal_wait_scacquire",3133720,3133720,948,6201081804263209,6201081808263414
"HSA_CORE_API","hsa_signal_wait_scacquire",3133720,3133720,949,6201081808263884,6201081812264110
"HSA_CORE_API","hsa_signal_wait_scacquire",3133720,3133720,950,6201081812264600,6201081816264805
"HSA_CORE_API","hsa_signal_wait_scacquire",3133720,3133720,951,6201081816265285,6201081820265491
"HSA_CORE_API","hsa_signal_wait_scacquire",3133720,3133720,952,6201081820265971,6201081824266166
"HSA_CORE_API","hsa_signal_wait_scacquire",3133720,3133720,953,6201081824266636,6201081828266832
"HSA_CORE_API","hsa_signal_wait_scacquire",3133720,3133720,954,6201081828267302,6201081832267497
"HSA_CORE_API","hsa_signal_wait_scacquire",3133720,3133720,955,6201081832267967,6201081836268163
"HSA_CORE_API","hsa_signal_wait_scacquire",3133720,3133720,956,6201081836268463,6201081840268658
"HSA_CORE_API","hsa_signal_wait_scacquire",3133720,3133720,957,6201081840269128,6201081844269334
"HSA_CORE_API","hsa_signal_wait_scacquire",3133720,3133720,958,6201081844269624,6201081848269819
"HSA_CORE_API","hsa_signal_wait_scacquire",3133720,3133720,959,6201081848270299,6201081852270505
"HSA_CORE_API","hsa_signal_wait_scacquire",3133720,3133720,960,6201081852270985,6201081856271170
"HSA_CORE_API","hsa_signal_wait_scacquire",3133720,3133720,961,6201081856301910,6201081860302125
"HSA_CORE_API","hsa_signal_wait_scacquire",3133720,3133720,962,6201081860303765,6201081864303961
"HSA_CORE_API","hsa_signal_wait_scacquire",3133720,3133720,963,6201081864304431,6201081868304636
"HSA_CORE_API","hsa_signal_wait_scacquire",3133720,3133720,964,6201081868305266,6201081872305462
"HSA_CORE_API","hsa_signal_wait_scacquire",3133720,3133720,965,6201081872305952,6201081876306147
"HSA_CORE_API","hsa_signal_wait_scacquire",3133720,3133720,966,6201081876306617,6201081880306823
"HSA_CORE_API","hsa_signal_wait_scacquire",3133720,3133720,967,6201081880307323,6201081884307518
"HSA_CORE_API","hsa_signal_wait_scacquire",3133720,3133720,968,6201081884307998,6201081888308204
"HSA_CORE_API","hsa_signal_wait_scacquire",3133720,3133720,969,6201081888308734,6201081892308930
"HSA_CORE_API","hsa_signal_wait_scacquire",3133720,3133720,970,6201081892309420,6201081896309615
"HSA_CORE_API","hsa_signal_wait_scacquire",3133720,3133720,971,6201081896310095,6201081900310491
"HSA_CORE_API","hsa_signal_wait_scacquire",3133720,3133720,972,6201081900311161,6201081904311356
"HSA_CORE_API","hsa_signal_wait_scacquire",3133720,3133720,973,6201081904312026,6201081908312242
"HSA_CORE_API","hsa_signal_wait_scacquire",3133720,3133720,974,6201081908312722,6201081912312927
"HSA_CORE_API","hsa_signal_wait_scacquire",3133720,3133720,975,6201081912313417,6201081916313613
"HSA_CORE_API","hsa_signal_wait_scacquire",3133720,3133720,976,6201081916314093,6201081920314378
"HSA_CORE_API","hsa_signal_wait_scacquire",3133720,3133720,977,6201081920315068,6201081924315284
"HSA_CORE_API","hsa_signal_wait_scacquire",3133720,3133720,978,6201081924315784,6201081928315999
"HSA_CORE_API","hsa_signal_wait_scacquire",3133720,3133720,979,6201081928316489,6201081932316785
"HSA_CORE_API","hsa_signal_wait_scacquire",3133720,3133720,980,6201081932317465,6201081936317660
"HSA_CORE_API","hsa_signal_wait_scacquire",3133720,3133720,981,6201081936317970,6201081940317976
"HSA_CORE_API","hsa_signal_wait_scacquire",3133720,3133720,982,6201081940318456,6201081944318671
"HSA_CORE_API","hsa_signal_wait_scacquire",3133720,3133720,983,6201081944319141,6201081948319347
"HSA_CORE_API","hsa_signal_wait_scacquire",3133720,3133720,984,6201081948319817,6201081952319823
"HSA_CORE_API","hsa_signal_wait_scacquire",3133720,3133720,985,6201081952320303,6201081956320508
"HSA_CORE_API","hsa_signal_wait_scacquire",3133720,3133720,986,6201081956320988,6201081960321194
"HSA_CORE_API","hsa_signal_wait_scacquire",3133720,3133720,987,6201081960321664,6201081964321879
"HSA_CORE_API","hsa_signal_wait_scacquire",3133720,3133720,988,6201081964322349,6201081968322545
"HSA_CORE_API","hsa_signal_wait_scacquire",3133720,3133720,989,6201081968323035,6201081972323230
"HSA_CORE_API","hsa_signal_wait_scacquire",3133720,3133720,990,6201081972323720,6201081976323916
"HSA_CORE_API","hsa_signal_wait_scacquire",3133720,3133720,991,6201081976324396,6201081980324601
"HSA_CORE_API","hsa_signal_wait_scacquire",3133720,3133720,992,6201081980324891,6201081984325097
"HSA_CORE_API","hsa_signal_wait_scacquire",3133720,3133720,993,6201081984325587,6201081988325792
"HSA_CORE_API","hsa_signal_wait_scacquire",3133720,3133720,994,6201081988326292,6201081992326498
"HSA_CORE_API","hsa_signal_wait_scacquire",3133720,3133720,995,6201081992326788,6201081996327213
"HSA_CORE_API","hsa_signal_wait_scacquire",3133720,3133720,996,6201081996328063,6201082000328259
"HSA_CORE_API","hsa_signal_wait_scacquire",3133720,3133720,997,6201082000328769,6201082004328994
"HSA_CORE_API","hsa_signal_wait_scacquire",3133720,3133720,998,6201082004330214,6201082008330420
"HSA_CORE_API","hsa_signal_wait_scacquire",3133720,3133720,999,6201082008331110,6201082012331315
"HSA_CORE_API","hsa_signal_wait_scacquire",3133720,3133720,1000,6201082012332015,6201082016332221
"HSA_CORE_API","hsa_signal_wait_scacquire",3133720,3133720,1001,6201082016332701,6201082020332907
"HSA_CORE_API","hsa_signal_wait_scacquire",3133720,3133720,1002,6201082020333387,6201082024333602
"HSA_CORE_API","hsa_signal_wait_scacquire",3133720,3133720,1003,6201082024334092,6201082028334298
"HSA_CORE_API","hsa_signal_wait_scacquire",3133720,3133720,1004,6201082028334778,6201082032334973
"HSA_CORE_API","hsa_signal_wait_scacquire",3133720,3133720,1005,6201082032335453,6201082036335649
"HSA_CORE_API","hsa_signal_wait_scacquire",3133720,3133720,1006,6201082036335959,6201082040336164
"HSA_CORE_API","hsa_signal_wait_scacquire",3133720,3133720,1007,6201082040337024,6201082044337220
"HSA_CORE_API","hsa_signal_wait_scacquire",3133720,3133720,1008,6201082044337710,6201082048337915
"HSA_CORE_API","hsa_signal_wait_scacquire",3133720,3133720,1009,6201082048338395,6201082052338591
"HSA_CORE_API","hsa_signal_wait_scacquire",3133720,3133720,1010,6201082052339071,6201082056339276
"HSA_CORE_API","hsa_signal_wait_scacquire",3133720,3133720,1011,6201082056339566,6201082060339772
"HSA_CORE_API","hsa_signal_wait_scacquire",3133720,3133720,1012,6201082060340252,6201082064340447
"HSA_CORE_API","hsa_signal_wait_scacquire",3133720,3133720,1013,6201082064340927,6201082068341123
"HSA_CORE_API","hsa_signal_wait_scacquire",3133720,3133720,1014,6201082068341603,6201082072341808
"HSA_CORE_API","hsa_signal_wait_scacquire",3133720,3133720,1015,6201082072342278,6201082076342484
"HSA_CORE_API","hsa_signal_wait_scacquire",3133720,3133720,1016,6201082076343064,6201082080343270
"HSA_CORE_API","hsa_signal_wait_scacquire",3133720,3133720,1017,6201082080343749,6201082084343945
"HSA_CORE_API","hsa_signal_wait_scacquire",3133720,3133720,1018,6201082084344425,6201082088344621
"HSA_CORE_API","hsa_signal_wait_scacquire",3133720,3133720,1019,6201082088345191,6201082092345396
"HSA_CORE_API","hsa_signal_wait_scacquire",3133720,3133720,1020,6201082092345876,6201082096346082
"HSA_CORE_API","hsa_signal_wait_scacquire",3133720,3133720,1021,6201082096346562,6201082100346777
"HSA_CORE_API","hsa_signal_wait_scacquire",3133720,3133720,1022,6201082100347267,6201082104347463
"HSA_CORE_API","hsa_signal_wait_scacquire",3133720,3133720,1023,6201082104347943,6201082108348148
"HSA_CORE_API","hsa_signal_wait_scacquire",3133720,3133720,1024,6201082108348858,6201082112349054
"HSA_CORE_API","hsa_signal_wait_scacquire",3133720,3133720,1025,6201082112355524,6201082116355739
"HSA_CORE_API","hsa_signal_wait_scacquire",3133720,3133720,1026,6201082116360219,6201082120360415
"HSA_CORE_API","hsa_signal_wait_scacquire",3133720,3133720,1027,6201082120360705,6201082124360910
"HSA_CORE_API","hsa_signal_wait_scacquire",3133720,3133720,1028,6201082124361380,6201082128361576
"HSA_CORE_API","hsa_signal_wait_scacquire",3133720,3133720,1029,6201082128362056,6201082132362261
"HSA_CORE_API","hsa_signal_wait_scacquire",3133720,3133720,1030,6201082132362741,6201082136362937
"HSA_CORE_API","hsa_signal_wait_scacquire",3133720,3133720,1031,6201082136363237,6201082140363442
"HSA_CORE_API","hsa_signal_wait_scacquire",3133720,3133720,1032,6201082140363922,6201082144364118
"HSA_CORE_API","hsa_signal_wait_scacquire",3133720,3133720,1033,6201082144364598,6201082148364793
"HSA_CORE_API","hsa_signal_wait_scacquire",3133720,3133720,1034,6201082148365273,6201082152365479
"HSA_CORE_API","hsa_signal_wait_scacquire",3133720,3133720,1035,6201082152365959,6201082156366164
"HSA_CORE_API","hsa_signal_wait_scacquire",3133720,3133720,1036,6201082156366644,6201082160366840
"HSA_CORE_API","hsa_signal_wait_scacquire",3133720,3133720,1037,6201082160367320,6201082164367525
"HSA_CORE_API","hsa_signal_wait_scacquire",3133720,3133720,1038,6201082164368005,6201082168368201
"HSA_CORE_API","hsa_signal_wait_scacquire",3133720,3133720,1039,6201082168368681,6201082172368887
"HSA_CORE_API","hsa_signal_wait_scacquire",3133720,3133720,1040,6201082172369357,6201082176369562
"HSA_CORE_API","hsa_signal_wait_scacquire",3133720,3133720,1041,6201082176370032,6201082180370238
"HSA_CORE_API","hsa_signal_wait_scacquire",3133720,3133720,1042,6201082180370528,6201082184370733
"HSA_CORE_API","hsa_signal_wait_scacquire",3133720,3133720,1043,6201082184371213,6201082188371649
"HSA_CORE_API","hsa_signal_wait_scacquire",3133720,3133720,1044,6201082188372499,6201082192372704
"HSA_CORE_API","hsa_signal_wait_scacquire",3133720,3133720,1045,6201082192373174,6201082196373370
"HSA_CORE_API","hsa_signal_wait_scacquire",3133720,3133720,1046,6201082196373850,6201082200374045
"HSA_CORE_API","hsa_signal_wait_scacquire",3133720,3133720,1047,6201082200374525,6201082204374731
"HSA_CORE_API","hsa_signal_wait_scacquire",3133720,3133720,1048,6201082204375391,6201082208375596
"HSA_CORE_API","hsa_signal_wait_scacquire",3133720,3133720,1049,6201082208376076,6201082212376082
"HSA_CORE_API","hsa_signal_wait_scacquire",3133720,3133720,1050,6201082212379132,6201082216379147
"HSA_CORE_API","hsa_signal_wait_scacquire",3133720,3133720,1051,6201082216379437,6201082220379443
"HSA_CORE_API","hsa_signal_wait_scacquire",3133720,3133720,1052,6201082220380213,6201082224380218
"HSA_CORE_API","hsa_signal_wait_scacquire",3133720,3133720,1053,6201082224380508,6201082228380514
"HSA_CORE_API","hsa_signal_wait_scacquire",3133720,3133720,1054,6201082228381004,6201082232381009
"HSA_CORE_API","hsa_signal_wait_scacquire",3133720,3133720,1055,6201082232381299,6201082236381305
"HSA_CORE_API","hsa_signal_wait_scacquire",3133720,3133720,1056,6201082236381985,6201082240381990
"HSA_CORE_API","hsa_signal_wait_scacquire",3133720,3133720,1057,6201082240382280,6201082244382286
"HSA_CORE_API","hsa_signal_wait_scacquire",3133720,3133720,1058,6201082244382576,6201082248382582
"HSA_CORE_API","hsa_signal_wait_scacquire",3133720,3133720,1059,6201082248383442,6201082252383447
"HSA_CORE_API","hsa_signal_wait_scacquire",3133720,3133720,1060,6201082252383927,6201082256383923
"HSA_CORE_API","hsa_signal_wait_scacquire",3133720,3133720,1061,6201082256384783,6201082260384788
"HSA_CORE_API","hsa_signal_wait_scacquire",3133720,3133720,1062,6201082260385078,6201082264385084
"HSA_CORE_API","hsa_signal_wait_scacquire",3133720,3133720,1063,6201082264385374,6201082268385569
"HSA_CORE_API","hsa_signal_wait_scacquire",3133720,3133720,1064,6201082268386089,6201082272386095
"HSA_CORE_API","hsa_signal_wait_scacquire",3133720,3133720,1065,6201082272386385,6201082276386390
"HSA_CORE_API","hsa_signal_wait_scacquire",3133720,3133720,1066,6201082276386680,6201082280386696
"HSA_CORE_API","hsa_signal_wait_scacquire",3133720,3133720,1067,6201082280387686,6201082284387891
"HSA_CORE_API","hsa_signal_wait_scacquire",3133720,3133720,1068,6201082284388371,6201082288388367
"HSA_CORE_API","hsa_signal_wait_scacquire",3133720,3133720,1069,6201082288388667,6201082292388672
"HSA_CORE_API","hsa_signal_wait_scacquire",3133720,3133720,1070,6201082292388962,6201082296388958
"HSA_CORE_API","hsa_signal_wait_scacquire",3133720,3133720,1071,6201082296389248,6201082300389264
"HSA_CORE_API","hsa_signal_wait_scacquire",3133720,3133720,1072,6201082300389554,6201082304389559
"HSA_CORE_API","hsa_signal_wait_scacquire",3133720,3133720,1073,6201082304389919,6201082308389925
"HSA_CORE_API","hsa_signal_wait_scacquire",3133720,3133720,1074,6201082308390215,6201082312390210
"HSA_CORE_API","hsa_signal_wait_scacquire",3133720,3133720,1075,6201082312390510,6201082316390516
"HSA_CORE_API","hsa_signal_wait_scacquire",3133720,3133720,1076,6201082316390806,6201082320390811
"HSA_CORE_API","hsa_signal_wait_scacquire",3133720,3133720,1077,6201082320391481,6201082324391687
"HSA_CORE_API","hsa_signal_wait_scacquire",3133720,3133720,1078,6201082324392167,6201082328392162
"HSA_CORE_API","hsa_signal_wait_scacquire",3133720,3133720,1079,6201082328392462,6201082332392468
"HSA_CORE_API","hsa_signal_wait_scacquire",3133720,3133720,1080,6201082332392768,6201082336392773
"HSA_CORE_API","hsa_signal_wait_scacquire",3133720,3133720,1081,6201082336393073,6201082340393069
"HSA_CORE_API","hsa_signal_wait_scacquire",3133720,3133720,1082,6201082340393369,6201082344393564
"HSA_CORE_API","hsa_signal_wait_scacquire",3133720,3133720,1083,6201082344393854,6201082348393870
"HSA_CORE_API","hsa_signal_wait_scacquire",3133720,3133720,1084,6201082348394730,6201082352394936
"HSA_CORE_API","hsa_signal_wait_scacquire",3133720,3133720,1085,6201082352395226,6201082356395231
"HSA_CORE_API","hsa_signal_wait_scacquire",3133720,3133720,1086,6201082356395521,6201082360395517
"HSA_CORE_API","hsa_signal_wait_scacquire",3133720,3133720,1087,6201082360395817,6201082364395822
"HSA_CORE_API","hsa_signal_wait_scacquire",3133720,3133720,1088,6201082364396112,6201082368396118
"HSA_CORE_API","hsa_signal_wait_scacquire",3133720,3133720,1089,6201082368396658,6201082372396653
"HSA_CORE_API","hsa_signal_wait_scacquire",3133720,3133720,1090,6201082372402573,6201082376402569
"HSA_CORE_API","hsa_signal_wait_scacquire",3133720,3133720,1091,6201082376402869,6201082380402874
"HSA_CORE_API","hsa_signal_wait_scacquire",3133720,3133720,1092,6201082380403164,6201082384403160
"HSA_CORE_API","hsa_signal_wait_scacquire",3133720,3133720,1093,6201082384403460,6201082388403465
"HSA_CORE_API","hsa_signal_wait_scacquire",3133720,3133720,1094,6201082388403755,6201082392403761
"HSA_CORE_API","hsa_signal_wait_scacquire",3133720,3133720,1095,6201082392404381,6201082396404396
"HSA_CORE_API","hsa_signal_wait_scacquire",3133720,3133720,1096,6201082396404686,6201082400404692
"HSA_CORE_API","hsa_signal_wait_scacquire",3133720,3133720,1097,6201082400405072,6201082404405077
"HSA_CORE_API","hsa_signal_wait_scacquire",3133720,3133720,1098,6201082404405377,6201082408405383
"HSA_CORE_API","hsa_signal_wait_scacquire",3133720,3133720,1099,6201082408405753,6201082412405749
"HSA_CORE_API","hsa_signal_wait_scacquire",3133720,3133720,1100,6201082412406039,6201082416406044
"HSA_CORE_API","hsa_signal_wait_scacquire",3133720,3133720,1101,6201082416406334,6201082420406340
"HSA_CORE_API","hsa_signal_wait_scacquire",3133720,3133720,1102,6201082420406630,6201082424406635
"HSA_CORE_API","hsa_signal_wait_scacquire",3133720,3133720,1103,6201082424406925,6201082428406931
"HSA_CORE_API","hsa_signal_wait_scacquire",3133720,3133720,1104,6201082428407221,6201082432407226
"HSA_CORE_API","hsa_signal_wait_scacquire",3133720,3133720,1105,6201082432407516,6201082436407522
"HSA_CORE_API","hsa_signal_wait_scacquire",3133720,3133720,1106,6201082436407822,6201082440407827
"HSA_CORE_API","hsa_signal_wait_scacquire",3133720,3133720,1107,6201082440408117,6201082444408123
"HSA_CORE_API","hsa_signal_wait_scacquire",3133720,3133720,1108,6201082444408423,6201082448408428
"HSA_CORE_API","hsa_signal_wait_scacquire",3133720,3133720,1109,6201082448408728,6201082452408734
"HSA_CORE_API","hsa_signal_wait_scacquire",3133720,3133720,1110,6201082452409034,6201082456409040
"HSA_CORE_API","hsa_signal_wait_scacquire",3133720,3133720,1111,6201082456409330,6201082460409335
"HSA_CORE_API","hsa_signal_wait_scacquire",3133720,3133720,1112,6201082460409625,6201082464409631
"HSA_CORE_API","hsa_signal_wait_scacquire",3133720,3133720,1113,6201082464409921,6201082468409926
"HSA_CORE_API","hsa_signal_wait_scacquire",3133720,3133720,1114,6201082468410216,6201082472410222
"HSA_CORE_API","hsa_signal_wait_scacquire",3133720,3133720,1115,6201082472410522,6201082476410527
"HSA_CORE_API","hsa_signal_wait_scacquire",3133720,3133720,1116,6201082476410907,6201082480410913
"HSA_CORE_API","hsa_signal_wait_scacquire",3133720,3133720,1117,6201082480411293,6201082484411298
"HSA_CORE_API","hsa_signal_wait_scacquire",3133720,3133720,1118,6201082484411588,6201082488411584
"HSA_CORE_API","hsa_signal_wait_scacquire",3133720,3133720,1119,6201082488411974,6201082492411979
"HSA_CORE_API","hsa_signal_wait_scacquire",3133720,3133720,1120,6201082492412359,6201082496412365
"HSA_CORE_API","hsa_signal_wait_scacquire",3133720,3133720,1121,6201082496412655,6201082500412660
"HSA_CORE_API","hsa_signal_wait_scacquire",3133720,3133720,1122,6201082500412950,6201082504412956
"HSA_CORE_API","hsa_signal_wait_scacquire",3133720,3133720,1123,6201082504413256,6201082508413262
"HSA_CORE_API","hsa_signal_wait_scacquire",3133720,3133720,1124,6201082508415801,6201082512415817
"HSA_CORE_API","hsa_signal_wait_scacquire",3133720,3133720,1125,6201082512416107,6201082516416313
"HSA_CORE_API","hsa_signal_wait_scacquire",3133720,3133720,1126,6201082516416793,6201082520416798
"HSA_CORE_API","hsa_signal_wait_scacquire",3133720,3133720,1127,6201082520417088,6201082524417094
"HSA_CORE_API","hsa_signal_wait_scacquire",3133720,3133720,1128,6201082524417384,6201082528417389
"HSA_CORE_API","hsa_signal_wait_scacquire",3133720,3133720,1129,6201082528417679,6201082532417685
"HSA_CORE_API","hsa_signal_wait_scacquire",3133720,3133720,1130,6201082532417975,6201082536417980
"HSA_CORE_API","hsa_signal_wait_scacquire",3133720,3133720,1131,6201082536418280,6201082540418286
"HSA_CORE_API","hsa_signal_wait_scacquire",3133720,3133720,1132,6201082540418586,6201082544418591
"HSA_CORE_API","hsa_signal_wait_scacquire",3133720,3133720,1133,6201082544418881,6201082548419087
"HSA_CORE_API","hsa_signal_wait_scacquire",3133720,3133720,1134,6201082548419377,6201082552419382
"HSA_CORE_API","hsa_signal_wait_scacquire",3133720,3133720,1135,6201082552419672,6201082556419678
"HSA_CORE_API","hsa_signal_wait_scacquire",3133720,3133720,1136,6201082556419968,6201082560419963
"HSA_CORE_API","hsa_signal_wait_scacquire",3133720,3133720,1137,6201082560420253,6201082564420259
"HSA_CORE_API","hsa_signal_wait_scacquire",3133720,3133720,1138,6201082564420549,6201082568420565
"HSA_CORE_API","hsa_signal_wait_scacquire",3133720,3133720,1139,6201082568420855,6201082572420860
"HSA_CORE_API","hsa_signal_wait_scacquire",3133720,3133720,1140,6201082572421150,6201082576421156
"HSA_CORE_API","hsa_signal_wait_scacquire",3133720,3133720,1141,6201082576421516,6201082580421531
"HSA_CORE_API","hsa_signal_wait_scacquire",3133720,3133720,1142,6201082580421821,6201082584421827
"HSA_CORE_API","hsa_signal_wait_scacquire",3133720,3133720,1143,6201082584422117,6201082588422112
"HSA_CORE_API","hsa_signal_wait_scacquire",3133720,3133720,1144,6201082588422412,6201082592422418
"HSA_CORE_API","hsa_signal_wait_scacquire",3133720,3133720,1145,6201082592422708,6201082596422713
"HSA_CORE_API","hsa_signal_wait_scacquire",3133720,3133720,1146,6201082596423003,6201082600423009
"HSA_CORE_API","hsa_signal_wait_scacquire",3133720,3133720,1147,6201082600423299,6201082604423304
"HSA_CORE_API","hsa_signal_wait_scacquire",3133720,3133720,1148,6201082604423594,6201082608423600
"HSA_CORE_API","hsa_signal_wait_scacquire",3133720,3133720,1149,6201082608423960,6201082612423955
"HSA_CORE_API","hsa_signal_wait_scacquire",3133720,3133720,1150,6201082612424255,6201082616424261
"HSA_CORE_API","hsa_signal_wait_scacquire",3133720,3133720,1151,6201082616424551,6201082620424557
"HSA_CORE_API","hsa_signal_wait_scacquire",3133720,3133720,1152,6201082620424847,6201082624424862
"HSA_CORE_API","hsa_signal_wait_scacquire",3133720,3133720,1153,6201082624425192,6201082628425198
"HSA_CORE_API","hsa_signal_wait_scacquire",3133720,3133720,1154,6201082628426918,6201082632426913
"HSA_CORE_API","hsa_signal_wait_scacquire",3133720,3133720,1155,6201082632427213,6201082636427219
"HSA_CORE_API","hsa_signal_wait_scacquire",3133720,3133720,1156,6201082636427519,6201082640427524
"HSA_CORE_API","hsa_signal_wait_scacquire",3133720,3133720,1157,6201082640427814,6201082644427810
"HSA_CORE_API","hsa_signal_wait_scacquire",3133720,3133720,1158,6201082644428110,6201082648428115
"HSA_CORE_API","hsa_signal_wait_scacquire",3133720,3133720,1159,6201082648428405,6201082652428401
"HSA_CORE_API","hsa_signal_wait_scacquire",3133720,3133720,1160,6201082652428701,6201082656428696
"HSA_CORE_API","hsa_signal_wait_scacquire",3133720,3133720,1161,6201082656428996,6201082660429002
"HSA_CORE_API","hsa_signal_wait_scacquire",3133720,3133720,1162,6201082660429292,6201082664429297
"HSA_CORE_API","hsa_signal_wait_scacquire",3133720,3133720,1163,6201082664429587,6201082668429593
"HSA_CORE_API","hsa_signal_wait_scacquire",3133720,3133720,1164,6201082668429883,6201082672429889
"HSA_CORE_API","hsa_signal_wait_scacquire",3133720,3133720,1165,6201082672430179,6201082676430184
"HSA_CORE_API","hsa_signal_wait_scacquire",3133720,3133720,1166,6201082676430474,6201082680430480
"HSA_CORE_API","hsa_signal_wait_scacquire",3133720,3133720,1167,6201082680430780,6201082684430785
"HSA_CORE_API","hsa_signal_wait_scacquire",3133720,3133720,1168,6201082684431075,6201082688431081
"HSA_CORE_API","hsa_signal_wait_scacquire",3133720,3133720,1169,6201082688431371,6201082692431376
"HSA_CORE_API","hsa_signal_wait_scacquire",3133720,3133720,1170,6201082692431666,6201082696431672
"HSA_CORE_API","hsa_signal_wait_scacquire",3133720,3133720,1171,6201082696431962,6201082700431967
"HSA_CORE_API","hsa_signal_wait_scacquire",3133720,3133720,1172,6201082700432257,6201082704432253
"HSA_CORE_API","hsa_signal_wait_scacquire",3133720,3133720,1173,6201082704432603,6201082708432618
"HSA_CORE_API","hsa_signal_wait_scacquire",3133720,3133720,1174,6201082708432908,6201082712432914
"HSA_CORE_API","hsa_signal_wait_scacquire",3133720,3133720,1175,6201082712433214,6201082716433209
"HSA_CORE_API","hsa_signal_wait_scacquire",3133720,3133720,1176,6201082716433509,6201082720433515
"HSA_CORE_API","hsa_signal_wait_scacquire",3133720,3133720,1177,6201082720433805,6201082724433810
"HSA_CORE_API","hsa_signal_wait_scacquire",3133720,3133720,1178,6201082724434100,6201082728434106
"HSA_CORE_API","hsa_signal_wait_scacquire",3133720,3133720,1179,6201082728434396,6201082732434391
"HSA_CORE_API","hsa_signal_wait_scacquire",3133720,3133720,1180,6201082732434681,6201082736434687
"HSA_CORE_API","hsa_signal_wait_scacquire",3133720,3133720,1181,6201082736435057,6201082740435062
"HSA_CORE_API","hsa_signal_wait_scacquire",3133720,3133720,1182,6201082740435352,6201082744435358
"HSA_CORE_API","hsa_signal_wait_scacquire",3133720,3133720,1183,6201082744436218,6201082748436224
"HSA_CORE_API","hsa_signal_wait_scacquire",3133720,3133720,1184,6201082748436514,6201082752436509
"HSA_CORE_API","hsa_signal_wait_scacquire",3133720,3133720,1185,6201082752436809,6201082756436815
"HSA_CORE_API","hsa_signal_wait_scacquire",3133720,3133720,1186,6201082756437105,6201082760437100
"HSA_CORE_API","hsa_signal_wait_scacquire",3133720,3133720,1187,6201082760437400,6201082764437406
"HSA_CORE_API","hsa_signal_wait_scacquire",3133720,3133720,1188,6201082764437696,6201082768437701
"HSA_CORE_API","hsa_signal_wait_scacquire",3133720,3133720,1189,6201082768438061,6201082772438067
"HSA_CORE_API","hsa_signal_wait_scacquire",3133720,3133720,1190,6201082772438377,6201082776438382
"HSA_CORE_API","hsa_signal_wait_scacquire",3133720,3133720,1191,6201082776438672,6201082780438678
"HSA_CORE_API","hsa_signal_wait_scacquire",3133720,3133720,1192,6201082780438968,6201082784438973
"HSA_CORE_API","hsa_signal_wait_scacquire",3133720,3133720,1193,6201082784439273,6201082788439279
"HSA_CORE_API","hsa_signal_wait_scacquire",3133720,3133720,1194,6201082788439569,6201082792439574
"HSA_CORE_API","hsa_signal_wait_scacquire",3133720,3133720,1195,6201082792439864,6201082796439860
"HSA_CORE_API","hsa_signal_wait_scacquire",3133720,3133720,1196,6201082796440160,6201082800440165
"HSA_CORE_API","hsa_signal_wait_scacquire",3133720,3133720,1197,6201082800440455,6201082804440461
"HSA_CORE_API","hsa_signal_wait_scacquire",3133720,3133720,1198,6201082804441531,6201082808441526
"HSA_CORE_API","hsa_signal_wait_scacquire",3133720,3133720,1199,6201082808441826,6201082812441832
"HSA_CORE_API","hsa_signal_wait_scacquire",3133720,3133720,1200,6201082812442122,6201082816442118
"HSA_CORE_API","hsa_signal_wait_scacquire",3133720,3133720,1201,6201082816442488,6201082820442703
"HSA_CORE_API","hsa_signal_wait_scacquire",3133720,3133720,1202,6201082820443183,6201082824443179
"HSA_CORE_API","hsa_signal_wait_scacquire",3133720,3133720,1203,6201082824443469,6201082828443474
"HSA_CORE_API","hsa_signal_wait_scacquire",3133720,3133720,1204,6201082828443774,6201082832443780
"HSA_CORE_API","hsa_signal_wait_scacquire",3133720,3133720,1205,6201082832444090,6201082836444295
"HSA_CORE_API","hsa_signal_wait_scacquire",3133720,3133720,1206,6201082836444605,6201082840444611
"HSA_CORE_API","hsa_signal_wait_scacquire",3133720,3133720,1207,6201082840444901,6201082844444906
"HSA_CORE_API","hsa_signal_wait_scacquire",3133720,3133720,1208,6201082844445206,6201082848445202
"HSA_CORE_API","hsa_signal_wait_scacquire",3133720,3133720,1209,6201082848445622,6201082852445627
"HSA_CORE_API","hsa_signal_wait_scacquire",3133720,3133720,1210,6201082852446107,6201082856446113
"HSA_CORE_API","hsa_signal_wait_scacquire",3133720,3133720,1211,6201082856446403,6201082860446408
"HSA_CORE_API","hsa_signal_wait_scacquire",3133720,3133720,1212,6201082860446708,6201082864446714
"HSA_CORE_API","hsa_signal_wait_scacquire",3133720,3133720,1213,6201082864447004,6201082868447009
"HSA_CORE_API","hsa_signal_wait_scacquire",3133720,3133720,1214,6201082868447299,6201082872447305
"HSA_CORE_API","hsa_signal_wait_scacquire",3133720,3133720,1215,6201082872447595,6201082876447601
"HSA_CORE_API","hsa_signal_wait_scacquire",3133720,3133720,1216,6201082876447891,6201082880447896
"HSA_CORE_API","hsa_signal_wait_scacquire",3133720,3133720,1217,6201082880449306,6201082884449312
"HSA_CORE_API","hsa_signal_wait_scacquire",3133720,3133720,1218,6201082884450532,6201082888450537
"HSA_CORE_API","hsa_signal_wait_scacquire",3133720,3133720,1219,6201082888450827,6201082892450823
"HSA_CORE_API","hsa_signal_wait_scacquire",3133720,3133720,1220,6201082892451123,6201082895338392
"HSA_CORE_API","hsa_signal_load_relaxed",3133720,3133720,1221,6201082895351461,6201082895351541
"HSA_CORE_API","hsa_signal_load_relaxed",3133720,3133720,1222,6201082895351931,6201082895351961
"HSA_CORE_API","hsa_signal_load_relaxed",3133720,3133720,1223,6201082895352271,6201082895352301
"HSA_CORE_API","hsa_signal_load_relaxed",3133720,3133720,1224,6201082895352581,6201082895352611
"HSA_CORE_API","hsa_queue_add_write_index_screlease",3133720,3133720,1225,6201082895382051,6201082895382171
"HSA_CORE_API","hsa_signal_load_relaxed",3133720,3133720,1226,6201082895383021,6201082895383051
"HSA_CORE_API","hsa_signal_load_relaxed",3133720,3133720,1227,6201082895383321,6201082895383351
"HSA_CORE_API","hsa_signal_load_relaxed",3133720,3133720,1228,6201082895383691,6201082895383721
"HSA_CORE_API","hsa_signal_silent_store_relaxed",3133720,3133720,1229,6201082895384021,6201082895384051
"HSA_CORE_API","hsa_queue_load_read_index_scacquire",3133720,3133720,1230,6201082895384621,6201082895384861
"HSA_CORE_API","hsa_signal_store_screlease",3133720,3133720,1231,6201082895385411,6201082895385461
"HSA_CORE_API","hsa_signal_load_relaxed",3133720,3133720,1232,6201082895385981,6201082895386011
"HSA_CORE_API","hsa_signal_load_relaxed",3133720,3133720,1233,6201082895386381,6201082895386411
"HSA_CORE_API","hsa_signal_wait_scacquire",3133720,3133720,1234,6201082895386691,6201082895395630
"HSA_CORE_API","hsa_signal_load_relaxed",3133720,3133720,1235,6201082895396630,6201082895396650
"HSA_CORE_API","hsa_queue_add_write_index_screlease",3133720,3133720,1236,6201082895446759,6201082895446789
"HSA_CORE_API","hsa_queue_load_read_index_relaxed",3133720,3133720,1237,6201082895447149,6201082895447379
"HSA_CORE_API","hsa_signal_load_relaxed",3133720,3133720,1238,6201082895447819,6201082895448339
"HSA_CORE_API","hsa_signal_load_relaxed",3133720,3133720,1239,6201082895448609,6201082895448639
"HSA_CORE_API","hsa_signal_load_relaxed",3133720,3133720,1240,6201082895448919,6201082895448939
"HSA_CORE_API","hsa_signal_silent_store_relaxed",3133720,3133720,1241,6201082895449409,6201082895449819
"HSA_CORE_API","hsa_queue_load_read_index_scacquire",3133720,3133720,1242,6201082895458379,6201082895458409
"HSA_CORE_API","hsa_signal_store_screlease",3133720,3133720,1243,6201082895458729,6201082895458759
"HSA_CORE_API","hsa_signal_load_relaxed",3133720,3133740,1244,6201082895502568,6201082895502838
"HSA_CORE_API","hsa_signal_load_relaxed",3133720,3133740,1245,6201082895508578,6201082895508658
"HSA_CORE_API","hsa_signal_load_relaxed",3133720,3133740,1246,6201082895509548,6201082895509708
