"Domain","Function","Process_Id","Thread_Id","Correlation_Id","Start_Timestamp","End_Timestamp"
"HSA_CORE_API","hsa_system_get_major_extension_table",2810675,2810675,1,6196919146155952,6196919146156562
"HSA_CORE_API","hsa_agent_get_info",2810675,2810675,3,6196919146167522,6196919146167682
"HSA_CORE_API","hsa_agent_get_info",2810675,2810675,4,6196919146175622,6196919146175652
"HSA_CORE_API","hsa_agent_get_info",2810675,2810675,5,6196919146176472,6196919146176552
"HSA_CORE_API","hsa_iterate_agents",2810675,2810675,2,6196919146165112,6196919146176962
"HSA_CORE_API","hsa_agent_get_info",2810675,2810675,6,6196919146178952,6196919146179202
"HSA_CORE_API","hsa_agent_get_info",2810675,2810675,7,6196919146179502,6196919146179552
"HSA_CORE_API","hsa_agent_iterate_isas",2810675,2810675,8,6196919146182342,6196919146182892
"HSA_CORE_API","hsa_isa_get_info_alt",2810675,2810675,9,6196919146184492,6196919146195921
"HSA_CORE_API","hsa_isa_get_info_alt",2810675,2810675,10,6196919146196521,6196919146197631
"HSA_CORE_API","hsa_agent_get_info",2810675,2810675,11,6196919146204981,6196919146205041
"HSA_CORE_API","hsa_agent_get_info",2810675,2810675,12,6196919146205351,6196919146205581
"HSA_CORE_API","hsa_agent_get_info",2810675,2810675,13,6196919146208341,6196919146208381
"HSA_CORE_API","hsa_agent_get_info",2810675,2810675,14,6196919146251510,6196919146251550
"HSA_CORE_API","hsa_agent_get_info",2810675,2810675,15,6196919146251840,6196919146251880
"HSA_CORE_API","hsa_agent_get_info",2810675,2810675,16,6196919146253950,6196919146254020
"HSA_CORE_API","hsa_agent_get_info",2810675,2810675,17,6196919146254330,6196919146257590
"HSA_CORE_API","hsa_agent_get_info",2810675,2810675,18,6196919146257890,6196919146257940
"HSA_CORE_API","hsa_agent_get_info",2810675,2810675,19,6196919146258200,6196919146258250
"HSA_CORE_API","hsa_agent_get_info",2810675,2810675,20,6196919146258520,6196919146259330
"HSA_CORE_API","hsa_agent_get_info",2810675,2810675,21,6196919146259760,6196919146260040
"HSA_CORE_API","hsa_agent_get_info",2810675,2810675,22,6196919146268669,6196919146268719
"HSA_CORE_API","hsa_agent_get_info",2810675,2810675,23,6196919146269019,6196919146269049
"HSA_CORE_API","hsa_agent_get_info",2810675,2810675,24,6196919146269319,6196919146269359
"HSA_CORE_API","hsa_agent_get_info",2810675,2810675,25,6196919146269629,6196919146269659
"HSA_CORE_API","hsa_agent_get_info",2810675,2810675,26,6196919146269939,6196919146269969
"HSA_CORE_API","hsa_agent_get_info",2810675,2810675,27,6196919146270239,6196919146270269
"HSA_CORE_API","hsa_agent_get_info",2810675,2810675,28,6196919146273639,6196919146273679
"HSA_CORE_API","hsa_agent_get_info",2810675,2810675,29,6196919146280689,6196919146280729
"HSA_CORE_API","hsa_agent_get_info",2810675,2810675,30,6196919146281009,6196919146281049
"HSA_CORE_API","hsa_agent_get_info",2810675,2810675,31,6196919146281429,6196919146281469
"HSA_CORE_API","hsa_agent_get_info",2810675,2810675,32,6196919146281729,6196919146281759
"HSA_CORE_API","hsa_agent_get_info",2810675,2810675,33,6196919146289959,6196919146318418
"HSA_CORE_API","hsa_agent_get_info",2810675,2810675,34,6196919146318878,6196919146318928
"HSA_CORE_API","hsa_agent_get_info",2810675,2810675,35,6196919146319198,6196919146319228
"HSA_CORE_API","hsa_agent_get_info",2810675,2810675,36,6196919146319518,6196919146319548
"HSA_CORE_API","hsa_agent_get_info",2810675,2810675,37,6196919146319818,6196919146319848
"HSA_CORE_API","hsa_agent_get_info",2810675,2810675,38,6196919146320118,6196919146320148
"HSA_CORE_API","hsa_agent_get_info",2810675,2810675,39,6196919146320418,6196919146320448
"HSA_CORE_API","hsa_agent_get_info",2810675,2810675,40,6196919146320718,6196919146320738
"HSA_CORE_API","hsa_agent_get_info",2810675,2810675,41,6196919146321008,6196919146321038
"HSA_CORE_API","hsa_agent_get_info",2810675,2810675,42,6196919146321308,6196919146321338
"HSA_CORE_API","hsa_agent_get_info",2810675,2810675,43,6196919146321598,6196919146321628
"HSA_CORE_API","hsa_agent_get_info",2810675,2810675,44,6196919146321918,6196919146321958
"HSA_CORE_API","hsa_agent_get_info",2810675,2810675,45,6196919146322228,6196919146322278
"HSA_CORE_API","hsa_agent_get_info",2810675,2810675,46,6196919146322538,6196919146322578
"HSA_CORE_API","hsa_agent_get_info",2810675,2810675,47,6196919146322848,6196919146322888
"HSA_CORE_API","hsa_agent_get_info",2810675,2810675,48,6196919146323158,6196919146323538
"HSA_CORE_API","hsa_agent_get_info",2810675,2810675,49,6196919146323808,6196919146323838
"HSA_CORE_API","hsa_system_get_info",2810675,2810675,50,6196919146382456,6196919146383056
"HSA_CORE_API","hsa_system_get_info",2810675,2810675,51,6196919146383466,6196919146383866
"HSA_CORE_API","hsa_agent_get_info",2810675,2810675,52,6196919146384166,6196919146384216
"HSA_CORE_API","hsa_agent_get_info",2810675,2810675,53,6196919146384506,6196919146384556
"HSA_CORE_API","hsa_system_get_info",2810675,2810675,54,6196919146385276,6196919146385306
"HSA_CORE_API","hsa_signal_create",2810675,2810675,55,6196919146393116,6196919146394826
"HSA_CORE_API","hsa_agent_get_info",2810675,2810675,56,6196919146771256,6196919146771336
"HSA_CORE_API","hsa_queue_create",2810675,2810675,57,6196919146773296,6196919157625570
"HSA_CORE_API","hsa_executable_create_alt",2810675,2810675,58,6196919164416502,6196919164428021
"HSA_CORE_API","hsa_code_object_reader_create_from_memory",2810675,2810675,59,6196919164430491,6196919164456581
"HSA_CORE_API","hsa_executable_load_agent_code_object",2810675,2810675,60,6196919164458710,6196919164609836
"HSA_CORE_API","hsa_signal_create",2810675,2810675,62,6196919164624576,6196919164626086
"HSA_CORE_API","hsa_signal_wait_scacquire",2810675,2810675,63,6196919164627816,6196919164642866
"HSA_CORE_API","hsa_signal_destroy",2810675,2810675,64,6196919164643986,6196919164644486
"HSA_CORE_API","hsa_executable_freeze",2810675,2810675,61,6196919164612036,6196919164839900
"HSA_CORE_API","hsa_executable_get_symbol_by_name",2810675,2810675,65,6196919164841950,6196919164843330
"HSA_CORE_API","hsa_executable_symbol_get_info",2810675,2810675,66,6196919164846130,6196919164846230
"HSA_CORE_API","hsa_executable_symbol_get_info",2810675,2810675,67,6196919164846610,6196919164846650
"HSA_CORE_API","hsa_agent_get_info",2810675,2810675,68,6196919164847080,6196919164847200
"HSA_CORE_API","hsa_executable_get_symbol_by_name",2810675,2810675,69,6196919164848030,6196919164848140
"HSA_CORE_API","hsa_executable_symbol_get_info",2810675,2810675,70,6196919164848430,6196919164848460
"HSA_CORE_API","hsa_executable_symbol_get_info",2810675,2810675,71,6196919164848710,6196919164848730
"HSA_CORE_API","hsa_agent_get_info",2810675,2810675,72,6196919164849060,6196919164849080
"HSA_CORE_API","hsa_executable_get_symbol_by_name",2810675,2810675,73,6196919164849590,6196919164849790
"HSA_CORE_API","hsa_executable_symbol_get_info",2810675,2810675,74,6196919164850060,6196919164850090
"HSA_CORE_API","hsa_executable_symbol_get_info",2810675,2810675,75,6196919164850340,6196919164850370
"HSA_CORE_API","hsa_agent_get_info",2810675,2810675,76,6196919164850620,6196919164850640
"HSA_CORE_API","hsa_executable_get_symbol_by_name",2810675,2810675,77,6196919164851050,6196919164851160
"HSA_CORE_API","hsa_executable_symbol_get_info",2810675,2810675,78,6196919164851420,6196919164851450
"HSA_CORE_API","hsa_executable_symbol_get_info",2810675,2810675,79,6196919164851700,6196919164851730
"HSA_CORE_API","hsa_agent_get_info",2810675,2810675,80,6196919164852020,6196919164852050
"HSA_CORE_API","hsa_executable_get_symbol_by_name",2810675,2810675,81,6196919164852440,6196919164852600
"HSA_CORE_API","hsa_executable_symbol_get_info",2810675,2810675,82,6196919164852860,6196919164852890
"HSA_CORE_API","hsa_executable_symbol_get_info",2810675,2810675,83,6196919164853140,6196919164853170
"HSA_CORE_API","hsa_agent_get_info",2810675,2810675,84,6196919164853420,6196919164853440
"HSA_CORE_API","hsa_executable_get_symbol_by_name",2810675,2810675,85,6196919164853860,6196919164853980
"HSA_CORE_API","hsa_executable_symbol_get_info",2810675,2810675,86,6196919164854230,6196919164854260
"HSA_CORE_API","hsa_executable_symbol_get_info",2810675,2810675,87,6196919164854510,6196919164854540
"HSA_CORE_API","hsa_agent_get_info",2810675,2810675,88,6196919164854830,6196919164854860
"HSA_CORE_API","hsa_executable_get_symbol_by_name",2810675,2810675,89,6196919164855250,6196919164855340
"HSA_CORE_API","hsa_executable_symbol_get_info",2810675,2810675,90,6196919164855600,6196919164855620
"HSA_CORE_API","hsa_executable_symbol_get_info",2810675,2810675,91,6196919164855870,6196919164855900
"HSA_CORE_API","hsa_agent_get_info",2810675,2810675,92,6196919164856150,6196919164856180
"HSA_CORE_API","hsa_executable_get_symbol_by_name",2810675,2810675,93,6196919164856600,6196919164856720
"HSA_CORE_API","hsa_executable_symbol_get_info",2810675,2810675,94,6196919164856970,6196919164857000
"HSA_CORE_API","hsa_executable_symbol_get_info",2810675,2810675,95,6196919164857250,6196919164857280
"HSA_CORE_API","hsa_agent_get_info",2810675,2810675,96,6196919164857550,6196919164857580
"HSA_CORE_API","hsa_executable_get_symbol_by_name",2810675,2810675,97,6196919164858010,6196919164858160
"HSA_CORE_API","hsa_executable_symbol_get_info",2810675,2810675,98,6196919164858420,6196919164858450
"HSA_CORE_API","hsa_executable_symbol_get_info",2810675,2810675,99,6196919164858700,6196919164858730
"HSA_CORE_API","hsa_agent_get_info",2810675,2810675,100,6196919164858980,6196919164859010
"HSA_CORE_API","hsa_executable_get_symbol_by_name",2810675,2810675,101,6196919164859450,6196919164859570
"HSA_CORE_API","hsa_executable_symbol_get_info",2810675,2810675,102,6196919164859820,6196919164859850
"HSA_CORE_API","hsa_executable_symbol_get_info",2810675,2810675,103,6196919164860100,6196919164860130
"HSA_CORE_API","hsa_agent_get_info",2810675,2810675,104,6196919164860380,6196919164860410
"HSA_CORE_API","hsa_system_get_info",2810675,2810675,105,6196919164866210,6196919164866320
"HSA_CORE_API","hsa_signal_create",2810675,2810675,106,6196919164875719,6196919164875839
"HSA_CORE_API","hsa_signal_create",2810675,2810675,107,6196919164876199,6196919164877339
"HSA_CORE_API","hsa_signal_create",2810675,2810675,108,6196919164877639,6196919164878169
"HSA_CORE_API","hsa_signal_create",2810675,2810675,109,6196919164878459,6196919164879089
"HSA_CORE_API","hsa_signal_create",2810675,2810675,110,6196919164879379,6196919164879829
"HSA_CORE_API","hsa_signal_load_relaxed",2810675,2810675,111,6196919165164642,6196919165164862
"HSA_CORE_API","hsa_queue_add_write_index_screlease",2810675,2810675,112,6196919165172212,6196919165172642
"HSA_CORE_API","hsa_signal_load_relaxed",2810675,2810675,113,6196919165173202,6196919165173252
"HSA_CORE_API","hsa_signal_load_relaxed",2810675,2810675,114,6196919165173652,6196919165173692
"HSA_CORE_API","hsa_signal_load_relaxed",2810675,2810675,115,6196919165174532,6196919165174562
"HSA_CORE_API","hsa_signal_silent_store_relaxed",2810675,2810675,116,6196919165175982,6196919165176072
"HSA_CORE_API","hsa_queue_load_read_index_scacquire",2810675,2810675,117,6196919165177812,6196919165177932
"HSA_CORE_API","hsa_signal_store_screlease",2810675,2810675,118,6196919165179291,6196919165179501
"HSA_CORE_API","hsa_signal_load_relaxed",2810675,2810675,119,6196919165181181,6196919165181211
"HSA_CORE_API","hsa_signal_wait_scacquire",2810675,2810675,120,6196919165182231,6196919165198411
"HSA_CORE_API","hsa_queue_add_write_index_screlease",2810675,2810675,121,6196919165209601,6196919165209641
"HSA_CORE_API","hsa_signal_load_relaxed",2810675,2810675,122,6196919165209931,6196919165209971
"HSA_CORE_API","hsa_signal_load_relaxed",2810675,2810675,123,6196919165210241,6196919165210261
"HSA_CORE_API","hsa_signal_load_relaxed",2810675,2810675,124,6196919165210541,6196919165210571
"HSA_CORE_API","hsa_signal_silent_store_relaxed",2810675,2810675,125,6196919165210871,6196919165210901
"HSA_CORE_API","hsa_queue_load_read_index_scacquire",2810675,2810675,126,6196919165211191,6196919165211421
"HSA_CORE_API","hsa_signal_store_screlease",2810675,2810675,127,6196919165211711,6196919165211741
"HSA_CORE_API","hsa_signal_load_relaxed",2810675,2810675,128,6196919165212221,6196919165212241
"HSA_CORE_API","hsa_signal_wait_scacquire",2810675,2810675,129,6196919165212641,6196919165221030
"HSA_CORE_API","hsa_queue_add_write_index_screlease",2810675,2810675,130,6196919165225370,6196919165225400
"HSA_CORE_API","hsa_signal_load_relaxed",2810675,2810675,131,6196919165225670,6196919165225720
"HSA_CORE_API","hsa_signal_load_relaxed",2810675,2810675,132,6196919165225980,6196919165226010
"HSA_CORE_API","hsa_signal_load_relaxed",2810675,2810675,133,6196919165226280,6196919165226310
"HSA_CORE_API","hsa_signal_silent_store_relaxed",2810675,2810675,134,6196919165226590,6196919165226620
"HSA_CORE_API","hsa_queue_load_read_index_scacquire",2810675,2810675,135,6196919165226890,6196919165227110
"HSA_CORE_API","hsa_signal_store_screlease",2810675,2810675,136,6196919165227380,6196919165227400
"HSA_CORE_API","hsa_signal_load_relaxed",2810675,2810675,137,6196919165227840,6196919165227870
"HSA_CORE_API","hsa_signal_wait_scacquire",2810675,2810675,138,6196919165228150,6196919165236660
"HSA_CORE_API","hsa_queue_add_write_index_screlease",2810675,2810675,139,6196919165239130,6196919165239160
"HSA_CORE_API","hsa_queue_load_read_index_relaxed",2810675,2810675,140,6196919165240270,6196919165240590
"HSA_CORE_API","hsa_signal_load_relaxed",2810675,2810675,141,6196919165240970,6196919165241000
"HSA_CORE_API","hsa_signal_load_relaxed",2810675,2810675,142,6196919165241260,6196919165241290
"HSA_CORE_API","hsa_signal_load_relaxed",2810675,2810675,143,6196919165241560,6196919165241590
"HSA_CORE_API","hsa_signal_silent_store_relaxed",2810675,2810675,144,6196919165241870,6196919165241900
"HSA_CORE_API","hsa_queue_load_read_index_scacquire",2810675,2810675,145,6196919165242240,6196919165242270
"HSA_CORE_API","hsa_signal_store_screlease",2810675,2810675,146,6196919165242570,6196919165242600
"HSA_CORE_API","hsa_signal_load_relaxed",2810675,2810675,147,6196919165244370,6196919165244400
"HSA_CORE_API","hsa_signal_load_relaxed",2810675,2810675,148,6196919165244970,6196919165244990
"HSA_CORE_API","hsa_signal_load_relaxed",2810675,2810675,149,6196919165245250,6196919165245280
"HSA_CORE_API","hsa_signal_load_relaxed",2810675,2810675,150,6196919165245550,6196919165245580
"HSA_CORE_API","hsa_signal_silent_store_relaxed",2810675,2810675,151,6196919165245840,6196919165245870
"HSA_CORE_API","hsa_signal_load_relaxed",2810675,2810675,152,6196919172390742,6196919172390832
"HSA_CORE_API","hsa_signal_wait_scacquire",2810675,2810675,153,6196919172391752,6196919172449940
"HSA_CORE_API","hsa_signal_load_relaxed",2810675,2810675,154,6196919172465670,6196919172465700
"HSA_CORE_API","hsa_signal_load_relaxed",2810675,2810675,155,6196919172466060,6196919172466100
"HSA_CORE_API","hsa_signal_load_relaxed",2810675,2810675,156,6196919172466400,6196919172466540
"HSA_CORE_API","hsa_signal_load_relaxed",2810675,2810675,157,6196919172467000,6196919172467030
"HSA_CORE_API","hsa_signal_silent_store_relaxed",2810675,2810675,158,6196919172467780,6196919172467810
"HSA_CORE_API","hsa_signal_load_relaxed",2810675,2810675,159,6196919172469220,6196919172469240
"HSA_CORE_API","hsa_signal_wait_scacquire",2810675,2810675,160,6196919172469540,6196919172479949
"HSA_CORE_API","hsa_signal_load_relaxed",2810675,2810675,161,6196919172947867,6196919172947897
"HSA_CORE_API","hsa_signal_load_relaxed",2810675,2810675,162,6196919172948367,6196919172948417
"HSA_CORE_API","hsa_signal_load_relaxed",2810675,2810675,163,6196919172948687,6196919172948717
"HSA_CORE_API","hsa_signal_load_relaxed",2810675,2810675,164,6196919172949007,6196919172949037
"HSA_CORE_API","hsa_signal_silent_store_relaxed",2810675,2810675,165,6196919172949357,6196919172949387
"HSA_CORE_API","hsa_queue_add_write_index_screlease",2810675,2810675,166,6196919172950237,6196919172950687
"HSA_CORE_API","hsa_queue_load_read_index_relaxed",2810675,2810675,167,6196919172951387,6196919172951817
"HSA_CORE_API","hsa_queue_load_read_index_scacquire",2810675,2810675,168,6196919172952497,6196919172952527
"HSA_CORE_API","hsa_signal_store_screlease",2810675,2810675,169,6196919172953017,6196919172953157
"HSA_CORE_API","hsa_queue_add_write_index_screlease",2810675,2810675,170,6196919172971666,6196919172971696
"HSA_CORE_API","hsa_queue_load_read_index_scacquire",2810675,2810675,171,6196919172972026,6196919172972266
"HSA_CORE_API","hsa_signal_store_screlease",2810675,2810675,172,6196919172972576,6196919172972606
"HSA_CORE_API","hsa_queue_add_write_index_screlease",2810675,2810675,173,6196919172974646,6196919172974676
"HSA_CORE_API","hsa_queue_load_read_index_scacquire",2810675,2810675,174,6196919172974956,6196919172974986
"HSA_CORE_API","hsa_signal_store_screlease",2810675,2810675,175,6196919172975246,6196919172975276
"HSA_CORE_API","hsa_queue_add_write_index_screlease",2810675,2810675,176,6196919172978226,6196919172978256
"HSA_CORE_API","hsa_queue_load_read_index_scacquire",2810675,2810675,177,6196919172978546,6196919172978576
"HSA_CORE_API","hsa_signal_store_screlease",2810675,2810675,178,6196919172978836,6196919172978866
"HSA_CORE_API","hsa_executable_create_alt",2810675,2810675,179,6196919173296558,6196919173298688
"HSA_CORE_API","hsa_code_object_reader_create_from_memory",2810675,2810675,180,6196919173299418,6196919173313747
"HSA_CORE_API","hsa_executable_load_agent_code_object",2810675,2810675,181,6196919173314427,6196919173434204
"HSA_CORE_API","hsa_signal_create",2810675,2810675,183,6196919173455574,6196919173456694
"HSA_CORE_API","hsa_signal_wait_scacquire",2810675,2810675,184,6196919173457374,6196919173473083
"HSA_CORE_API","hsa_signal_destroy",2810675,2810675,185,6196919173473663,6196919173474243
"HSA_CORE_API","hsa_executable_freeze",2810675,2810675,182,6196919173435104,6196919173570271
"HSA_CORE_API","hsa_executable_get_symbol_by_name",2810675,2810675,186,6196919173570981,6196919173571911
"HSA_CORE_API","hsa_executable_symbol_get_info",2810675,2810675,187,6196919173572590,6196919173572680
"HSA_CORE_API","hsa_executable_symbol_get_info",2810675,2810675,188,6196919173573020,6196919173573050
"HSA_CORE_API","hsa_agent_get_info",2810675,2810675,189,6196919173573680,6196919173573800
"HSA_CORE_API","hsa_executable_get_symbol_by_name",2810675,2810675,190,6196919173575290,6196919173575420
"HSA_CORE_API","hsa_executable_symbol_get_info",2810675,2810675,191,6196919173575680,6196919173575710
"HSA_CORE_API","hsa_executable_symbol_get_info",2810675,2810675,192,6196919173575950,6196919173575980
"HSA_CORE_API","hsa_agent_get_info",2810675,2810675,193,6196919173576360,6196919173576380
"HSA_CORE_API","hsa_executable_get_symbol_by_name",2810675,2810675,194,6196919173577930,6196919173578080
"HSA_CORE_API","hsa_executable_symbol_get_info",2810675,2810675,195,6196919173578340,6196919173578370
"HSA_CORE_API","hsa_executable_symbol_get_info",2810675,2810675,196,6196919173578620,6196919173578650
"HSA_CORE_API","hsa_agent_get_info",2810675,2810675,197,6196919173578900,6196919173578930
"HSA_CORE_API","hsa_queue_add_write_index_screlease",2810675,2810675,198,6196919173587930,6196919173588050
"HSA_CORE_API","hsa_queue_load_read_index_scacquire",2810675,2810675,199,6196919173588500,6196919173588740
"HSA_CORE_API","hsa_signal_store_screlease",2810675,2810675,200,6196919173589160,6196919173589260
"HSA_CORE_API","hsa_signal_load_relaxed",2810675,2810675,201,6196919173593180,6196919173593470
"HSA_CORE_API","hsa_signal_load_relaxed",2810675,2810675,202,6196919173593840,6196919173593870
"HSA_CORE_API","hsa_signal_load_relaxed",2810675,2810675,203,6196919173594240,6196919173594270
"HSA_CORE_API","hsa_signal_silent_store_relaxed",2810675,2810675,204,6196919173594620,6196919173594680
"HSA_CORE_API","hsa_queue_add_write_index_screlease",2810675,2810675,205,6196919173595180,6196919173595210
"HSA_CORE_API","hsa_queue_load_read_index_relaxed",2810675,2810675,206,6196919173595530,6196919173595590
"HSA_CORE_API","hsa_queue_load_read_index_scacquire",2810675,2810675,207,6196919173595900,6196919173595930
"HSA_CORE_API","hsa_signal_store_screlease",2810675,2810675,208,6196919173596200,6196919173596230
"HSA_CORE_API","hsa_signal_load_relaxed",2810675,2810675,209,6196919173598230,6196919173598260
"HSA_CORE_API","hsa_signal_wait_scacquire",2810675,2810675,210,6196919173598550,6196919177598694
"HSA_CORE_API","hsa_signal_wait_scacquire",2810675,2810675,211,6196919177599214,6196919181599299
"HSA_CORE_API","hsa_signal_wait_scacquire",2810675,2810675,212,6196919181599779,6196919185599874
"HSA_CORE_API","hsa_signal_wait_scacquire",2810675,2810675,213,6196919185600174,6196919189600268
"HSA_CORE_API","hsa_signal_wait_scacquire",2810675,2810675,214,6196919189600548,6196919193600643
"HSA_CORE_API","hsa_signal_wait_scacquire",2810675,2810675,215,6196919193601523,6196919197601658
"HSA_CORE_API","hsa_signal_wait_scacquire",2810675,2810675,216,6196919197602138,6196919201602372
"HSA_CORE_API","hsa_signal_wait_scacquire",2810675,2810675,217,6196919201603362,6196919205603447
"HSA_CORE_API","hsa_signal_wait_scacquire",2810675,2810675,218,6196919205603937,6196919209604032
"HSA_CORE_API","hsa_signal_wait_scacquire",2810675,2810675,219,6196919209604842,6196919213604946
"HSA_CORE_API","hsa_signal_wait_scacquire",2810675,2810675,220,6196919213605426,6196919217605551
"HSA_CORE_API","hsa_signal_wait_scacquire",2810675,2810675,221,6196919217606101,6196919221606185
"HSA_CORE_API","hsa_signal_wait_scacquire",2810675,2810675,222,6196919221606665,6196919225606800
"HSA_CORE_API","hsa_signal_wait_scacquire",2810675,2810675,223,6196919225607080,6196919229607215
"HSA_CORE_API","hsa_signal_wait_scacquire",2810675,2810675,224,6196919229607835,6196919233607929
"HSA_CORE_API","hsa_signal_wait_scacquire",2810675,2810675,225,6196919233608459,6196919237608554
"HSA_CORE_API","hsa_signal_wait_scacquire",2810675,2810675,226,6196919237609014,6196919241609099
"HSA_CORE_API","hsa_signal_wait_scacquire",2810675,2810675,227,6196919241609589,6196919245609674
"HSA_CORE_API","hsa_signal_wait_scacquire",2810675,2810675,228,6196919245610143,6196919249610238
"HSA_CORE_API","hsa_signal_wait_scacquire",2810675,2810675,229,6196919249610768,6196919253610863
"HSA_CORE_API","hsa_signal_wait_scacquire",2810675,2810675,230,6196919253611333,6196919257611427
"HSA_CORE_API","hsa_signal_wait_scacquire",2810675,2810675,231,6196919257611717,6196919261611822
"HSA_CORE_API","hsa_signal_wait_scacquire",2810675,2810675,232,6196919261612312,6196919265612407
"HSA_CORE_API","hsa_signal_wait_scacquire",2810675,2810675,233,6196919265612937,6196919269613031
"HSA_CORE_API","hsa_signal_wait_scacquire",2810675,2810675,234,6196919269613331,6196919273613426
"HSA_CORE_API","hsa_signal_wait_scacquire",2810675,2810675,235,6196919273613916,6196919277614001
"HSA_CORE_API","hsa_signal_wait_scacquire",2810675,2810675,236,6196919277614471,6196919281614575
"HSA_CORE_API","hsa_signal_wait_scacquire",2810675,2810675,237,6196919281615205,6196919285615320
"HSA_CORE_API","hsa_signal_wait_scacquire",2810675,2810675,238,6196919285615590,6196919289615915
"HSA_CORE_API","hsa_signal_wait_scacquire",2810675,2810675,239,6196919289616374,6196919293616459
"HSA_CORE_API","hsa_signal_wait_scacquire",2810675,2810675,240,6196919293616739,6196919297616844
"HSA_CORE_API","hsa_signal_wait_scacquire",2810675,2810675,241,6196919297617384,6196919301617469
"HSA_CORE_API","hsa_signal_wait_scacquire",2810675,2810675,242,6196919301617939,6196919305618033
"HSA_CORE_API","hsa_signal_wait_scacquire",2810675,2810675,243,6196919305618493,6196919309618578
"HSA_CORE_API","hsa_signal_wait_scacquire",2810675,2810675,244,6196919309619058,6196919313619153
"HSA_CORE_API","hsa_signal_wait_scacquire",2810675,2810675,245,6196919313619663,6196919317619917
"HSA_CORE_API","hsa_signal_wait_scacquire",2810675,2810675,246,6196919317620387,6196919321620482
"HSA_CORE_API","hsa_signal_wait_scacquire",2810675,2810675,247,6196919321620942,6196919325621036
"HSA_CORE_API","hsa_signal_wait_scacquire",2810675,2810675,248,6196919325621506,6196919329621601
"HSA_CORE_API","hsa_signal_wait_scacquire",2810675,2810675,249,6196919329622151,6196919333622246
"HSA_CORE_API","hsa_signal_wait_scacquire",2810675,2810675,250,6196919333622736,6196919337622830
"HSA_CORE_API","hsa_signal_wait_scacquire",2810675,2810675,251,6196919337623310,6196919341623495
"HSA_CORE_API","hsa_signal_wait_scacquire",2810675,2810675,252,6196919341623965,6196919345624090
"HSA_CORE_API","hsa_signal_wait_scacquire",2810675,2810675,253,6196919345624560,6196919349624874
"HSA_CORE_API","hsa_signal_wait_scacquire",2810675,2810675,254,6196919349625154,6196919353625259
"HSA_CORE_API","hsa_signal_wait_scacquire",2810675,2810675,255,6196919353625539,6196919357625634
"HSA_CORE_API","hsa_signal_wait_scacquire",2810675,2810675,256,6196919357625924,6196919361626008
"HSA_CORE_API","hsa_signal_wait_scacquire",2810675,2810675,257,6196919361626938,6196919365627033
"HSA_CORE_API","hsa_signal_wait_scacquire",2810675,2810675,258,6196919365633383,6196919369633477
"HSA_CORE_API","hsa_signal_wait_scacquire",2810675,2810675,259,6196919369633757,6196919373633852
"HSA_CORE_API","hsa_signal_wait_scacquire",2810675,2810675,260,6196919373634342,6196919377634437
"HSA_CORE_API","hsa_signal_wait_scacquire",2810675,2810675,261,6196919377634907,6196919381635001
"HSA_CORE_API","hsa_signal_wait_scacquire",2810675,2810675,262,6196919381635281,6196919385635386
"HSA_CORE_API","hsa_signal_wait_scacquire",2810675,2810675,263,6196919385635846,6196919389635931
"HSA_CORE_API","hsa_signal_wait_scacquire",2810675,2810675,264,6196919389636391,6196919393636495
"HSA_CORE_API","hsa_signal_wait_scacquire",2810675,2810675,265,6196919393636955,6196919397637050
"HSA_CORE_API","hsa_signal_wait_scacquire",2810675,2810675,266,6196919397638150,6196919401638245
"HSA_CORE_API","hsa_signal_wait_scacquire",2810675,2810675,267,6196919401638705,6196919405638799
"HSA_CORE_API","hsa_signal_wait_scacquire",2810675,2810675,268,6196919405639269,6196919409639364
"HSA_CORE_API","hsa_signal_wait_scacquire",2810675,2810675,269,6196919409639834,6196919413639929
"HSA_CORE_API","hsa_signal_wait_scacquire",2810675,2810675,270,6196919413640209,6196919417640293
"HSA_CORE_API","hsa_signal_wait_scacquire",2810675,2810675,271,6196919417640773,6196919421640868
"HSA_CORE_API","hsa_signal_wait_scacquire",2810675,2810675,272,6196919421641148,6196919425641243
"HSA_CORE_API","hsa_signal_wait_scacquire",2810675,2810675,273,6196919425641913,6196919429641997
"HSA_CORE_API","hsa_signal_wait_scacquire",2810675,2810675,274,6196919429642897,6196919433642992
"HSA_CORE_API","hsa_signal_wait_scacquire",2810675,2810675,275,6196919433643462,6196919437643546
"HSA_CORE_API","hsa_signal_wait_scacquire",2810675,2810675,276,6196919437644236,6196919441644331
"HSA_CORE_API","hsa_signal_wait_scacquire",2810675,2810675,277,6196919441644801,6196919445644886
"HSA_CORE_API","hsa_signal_wait_scacquire",2810675,2810675,278,6196919445645356,6196919449645450
"HSA_CORE_API","hsa_signal_wait_scacquire",2810675,2810675,279,6196919449645920,6196919453646015
"HSA_CORE_API","hsa_signal_wait_scacquire",2810675,2810675,280,6196919453646475,6196919457646570
"HSA_CORE_API","hsa_signal_wait_scacquire",2810675,2810675,281,6196919457646850,6196919461646944
"HSA_CORE_API","hsa_signal_wait_scacquire",2810675,2810675,282,6196919461647474,6196919465647559
"HSA_CORE_API","hsa_signal_wait_scacquire",2810675,2810675,283,6196919465647839,6196919469647934
"HSA_CORE_API","hsa_signal_wait_scacquire",2810675,2810675,284,6196919469648404,6196919473648498
"HSA_CORE_API","hsa_signal_wait_scacquire",2810675,2810675,285,6196919473648968,6196919477649063
"HSA_CORE_API","hsa_signal_wait_scacquire",2810675,2810675,286,6196919477649353,6196919481649458
"HSA_CORE_API","hsa_signal_wait_scacquire",2810675,2810675,287,6196919481649918,6196919485650012
"HSA_CORE_API","hsa_signal_wait_scacquire",2810675,2810675,288,6196919485650292,6196919489650387
"HSA_CORE_API","hsa_signal_wait_scacquire",2810675,2810675,289,6196919489650857,6196919493650952
"HSA_CORE_API","hsa_signal_wait_scacquire",2810675,2810675,290,6196919493651472,6196919497651566
"HSA_CORE_API","hsa_signal_wait_scacquire",2810675,2810675,291,6196919497652046,6196919501652141
"HSA_CORE_API","hsa_signal_wait_scacquire",2810675,2810675,292,6196919501652611,6196919505652706
"HSA_CORE_API","hsa_signal_wait_scacquire",2810675,2810675,293,6196919505653176,6196919509653310
"HSA_CORE_API","hsa_signal_wait_scacquire",2810675,2810675,294,6196919509653610,6196919513653695
"HSA_CORE_API","hsa_signal_wait_scacquire",2810675,2810675,295,6196919513653985,6196919517654080
"HSA_CORE_API","hsa_signal_wait_scacquire",2810675,2810675,296,6196919517654550,6196919521654644
"HSA_CORE_API","hsa_signal_wait_scacquire",2810675,2810675,297,6196919521655114,6196919525655209
"HSA_CORE_API","hsa_signal_wait_scacquire",2810675,2810675,298,6196919525655759,6196919529655864
"HSA_CORE_API","hsa_signal_wait_scacquire",2810675,2810675,299,6196919529656344,6196919533656438
"HSA_CORE_API","hsa_signal_wait_scacquire",2810675,2810675,300,6196919533656898,6196919537656993
"HSA_CORE_API","hsa_signal_wait_scacquire",2810675,2810675,301,6196919537657273,6196919541657388
"HSA_CORE_API","hsa_signal_wait_scacquire",2810675,2810675,302,6196919541657918,6196919545658022
"HSA_CORE_API","hsa_signal_wait_scacquire",2810675,2810675,303,6196919545658492,6196919549658597
"HSA_CORE_API","hsa_signal_wait_scacquire",2810675,2810675,304,6196919549659067,6196919553659161
"HSA_CORE_API","hsa_signal_wait_scacquire",2810675,2810675,305,6196919553659641,6196919557659736
"HSA_CORE_API","hsa_signal_wait_scacquire",2810675,2810675,306,6196919557660076,6196919561660171
"HSA_CORE_API","hsa_signal_wait_scacquire",2810675,2810675,307,6196919561660641,6196919565660735
"HSA_CORE_API","hsa_signal_wait_scacquire",2810675,2810675,308,6196919565661015,6196919569661120
"HSA_CORE_API","hsa_signal_wait_scacquire",2810675,2810675,309,6196919569661580,6196919573661685
"HSA_CORE_API","hsa_signal_wait_scacquire",2810675,2810675,310,6196919573662165,6196919577662259
"HSA_CORE_API","hsa_signal_wait_scacquire",2810675,2810675,311,6196919577662729,6196919581662824
"HSA_CORE_API","hsa_signal_wait_scacquire",2810675,2810675,312,6196919581663114,6196919585663219
"HSA_CORE_API","hsa_signal_wait_scacquire",2810675,2810675,313,6196919585663699,6196919589663793
"HSA_CORE_API","hsa_signal_wait_scacquire",2810675,2810675,314,6196919589664693,6196919593664788
"HSA_CORE_API","hsa_signal_wait_scacquire",2810675,2810675,315,6196919593665288,6196919597665383
"HSA_CORE_API","hsa_signal_wait_scacquire",2810675,2810675,316,6196919597665853,6196919601665947
"HSA_CORE_API","hsa_signal_wait_scacquire",2810675,2810675,317,6196919601666227,6196919605666312
"HSA_CORE_API","hsa_signal_wait_scacquire",2810675,2810675,318,6196919605666782,6196919609666887
"HSA_CORE_API","hsa_signal_wait_scacquire",2810675,2810675,319,6196919609667167,6196919613667261
"HSA_CORE_API","hsa_signal_wait_scacquire",2810675,2810675,320,6196919613667731,6196919617667826
"HSA_CORE_API","hsa_signal_wait_scacquire",2810675,2810675,321,6196919617668616,6196919621668720
"HSA_CORE_API","hsa_signal_wait_scacquire",2810675,2810675,322,6196919621674300,6196919625674415
"HSA_CORE_API","hsa_signal_wait_scacquire",2810675,2810675,323,6196919625674715,6196919629674820
"HSA_CORE_API","hsa_signal_wait_scacquire",2810675,2810675,324,6196919629675290,6196919633675384
"HSA_CORE_API","hsa_signal_wait_scacquire",2810675,2810675,325,6196919633675864,6196919637675949
"HSA_CORE_API","hsa_signal_wait_scacquire",2810675,2810675,326,6196919637676449,6196919641676544
"HSA_CORE_API","hsa_signal_wait_scacquire",2810675,2810675,327,6196919641677014,6196919645677108
"HSA_CORE_API","hsa_signal_wait_scacquire",2810675,2810675,328,6196919645677628,6196919649677723
"HSA_CORE_API","hsa_signal_wait_scacquire",2810675,2810675,329,6196919649678183,6196919653678267
"HSA_CORE_API","hsa_signal_wait_scacquire",2810675,2810675,330,6196919653678807,6196919657678902
"HSA_CORE_API","hsa_signal_wait_scacquire",2810675,2810675,331,6196919657679182,6196919661679277
"HSA_CORE_API","hsa_signal_wait_scacquire",2810675,2810675,332,6196919661679747,6196919665679842
"HSA_CORE_API","hsa_signal_wait_scacquire",2810675,2810675,333,6196919665680401,6196919669680496
"HSA_CORE_API","hsa_signal_wait_scacquire",2810675,2810675,334,6196919669680796,6196919673680891
"HSA_CORE_API","hsa_signal_wait_scacquire",2810675,2810675,335,6196919673681381,6196919677681466
"HSA_CORE_API","hsa_signal_wait_scacquire",2810675,2810675,336,6196919677681996,6196919681682210
"HSA_CORE_API","hsa_signal_wait_scacquire",2810675,2810675,337,6196919681682690,6196919685682775
"HSA_CORE_API","hsa_signal_wait_scacquire",2810675,2810675,338,6196919685683075,6196919689683160
"HSA_CORE_API","hsa_signal_wait_scacquire",2810675,2810675,339,6196919689683640,6196919693683734
"HSA_CORE_API","hsa_signal_wait_scacquire",2810675,2810675,340,6196919693684024,6196919697684129
"HSA_CORE_API","hsa_signal_wait_scacquire",2810675,2810675,341,6196919697685039,6196919701685124
"HSA_CORE_API","hsa_signal_wait_scacquire",2810675,2810675,342,6196919701685594,6196919705685688
"HSA_CORE_API","hsa_signal_wait_scacquire",2810675,2810675,343,6196919705686168,6196919709686363
"HSA_CORE_API","hsa_signal_wait_scacquire",2810675,2810675,344,6196919709686833,6196919713686927
"HSA_CORE_API","hsa_signal_wait_scacquire",2810675,2810675,345,6196919713687407,6196919717687502
"HSA_CORE_API","hsa_signal_wait_scacquire",2810675,2810675,346,6196919717687982,6196919721688077
"HSA_CORE_API","hsa_signal_wait_scacquire",2810675,2810675,347,6196919721688757,6196919725688861
"HSA_CORE_API","hsa_signal_wait_scacquire",2810675,2810675,348,6196919725689331,6196919729689426
"HSA_CORE_API","hsa_signal_wait_scacquire",2810675,2810675,349,6196919729689966,6196919733690091
"HSA_CORE_API","hsa_signal_wait_scacquire",2810675,2810675,350,6196919733690831,6196919737690925
"HSA_CORE_API","hsa_signal_wait_scacquire",2810675,2810675,351,6196919737691405,6196919741691500
"HSA_CORE_API","hsa_signal_wait_scacquire",2810675,2810675,352,6196919741692020,6196919745692115
"HSA_CORE_API","hsa_signal_wait_scacquire",2810675,2810675,353,6196919745692665,6196919749692759
"HSA_CORE_API","hsa_signal_wait_scacquire",2810675,2810675,354,6196919749693309,6196919753693414
"HSA_CORE_API","hsa_signal_wait_scacquire",2810675,2810675,355,6196919753694104,6196919757694199
"HSA_CORE_API","hsa_signal_wait_scacquire",2810675,2810675,356,6196919757694509,6196919761694603
"HSA_CORE_API","hsa_signal_wait_scacquire",2810675,2810675,357,6196919761695093,6196919765695188
"HSA_CORE_API","hsa_signal_wait_scacquire",2810675,2810675,358,6196919765695488,6196919769695583
"HSA_CORE_API","hsa_signal_wait_scacquire",2810675,2810675,359,6196919769696063,6196919773696157
"HSA_CORE_API","hsa_signal_wait_scacquire",2810675,2810675,360,6196919773696637,6196919777696732
"HSA_CORE_API","hsa_signal_wait_scacquire",2810675,2810675,361,6196919777697212,6196919781697307
"HSA_CORE_API","hsa_signal_wait_scacquire",2810675,2810675,362,6196919781697787,6196919785697881
"HSA_CORE_API","hsa_signal_wait_scacquire",2810675,2810675,363,6196919785698361,6196919789698456
"HSA_CORE_API","hsa_signal_wait_scacquire",2810675,2810675,364,6196919789698756,6196919793698871
"HSA_CORE_API","hsa_signal_wait_scacquire",2810675,2810675,365,6196919793699161,6196919797699255
"HSA_CORE_API","hsa_signal_wait_scacquire",2810675,2810675,366,6196919797699745,6196919801699840
"HSA_CORE_API","hsa_signal_wait_scacquire",2810675,2810675,367,6196919801700320,6196919805700415
"HSA_CORE_API","hsa_signal_wait_scacquire",2810675,2810675,368,6196919805700895,6196919809700989
"HSA_CORE_API","hsa_signal_wait_scacquire",2810675,2810675,369,6196919809701469,6196919813701574
"HSA_CORE_API","hsa_signal_wait_scacquire",2810675,2810675,370,6196919813702254,6196919817702349
"HSA_CORE_API","hsa_signal_wait_scacquire",2810675,2810675,371,6196919817703019,6196919821703123
"HSA_CORE_API","hsa_signal_wait_scacquire",2810675,2810675,372,6196919821703603,6196919825703698
"HSA_CORE_API","hsa_signal_wait_scacquire",2810675,2810675,373,6196919825704238,6196919829704373
"HSA_CORE_API","hsa_signal_wait_scacquire",2810675,2810675,374,6196919829704683,6196919833704787
"HSA_CORE_API","hsa_signal_wait_scacquire",2810675,2810675,375,6196919833705077,6196919837705172
"HSA_CORE_API","hsa_signal_wait_scacquire",2810675,2810675,376,6196919837705652,6196919841705756
"HSA_CORE_API","hsa_signal_wait_scacquire",2810675,2810675,377,6196919841706236,6196919845706341
"HSA_CORE_API","hsa_signal_wait_scacquire",2810675,2810675,378,6196919845706821,6196919849706916
"HSA_CORE_API","hsa_signal_wait_scacquire",2810675,2810675,379,6196919849707406,6196919853707501
"HSA_CORE_API","hsa_signal_wait_scacquire",2810675,2810675,380,6196919853707981,6196919857708075
"HSA_CORE_API","hsa_signal_wait_scacquire",2810675,2810675,381,6196919857708675,6196919861708770
"HSA_CORE_API","hsa_signal_wait_scacquire",2810675,2810675,382,6196919861709250,6196919865709355
"HSA_CORE_API","hsa_signal_wait_scacquire",2810675,2810675,383,6196919865710395,6196919869710499
"HSA_CORE_API","hsa_signal_wait_scacquire",2810675,2810675,384,6196919869710979,6196919873711084
"HSA_CORE_API","hsa_signal_wait_scacquire",2810675,2810675,385,6196919873712014,6196919877712119
"HSA_CORE_API","hsa_signal_wait_scacquire",2810675,2810675,386,6196919877720708,6196919881720803
"HSA_CORE_API","hsa_signal_wait_scacquire",2810675,2810675,387,6196919881721103,6196919885721198
"HSA_CORE_API","hsa_signal_wait_scacquire",2810675,2810675,388,6196919885721688,6196919889721782
"HSA_CORE_API","hsa_signal_wait_scacquire",2810675,2810675,389,6196919889722332,6196919893722427
"HSA_CORE_API","hsa_signal_wait_scacquire",2810675,2810675,390,6196919893722917,6196919897723011
"HSA_CORE_API","hsa_signal_wait_scacquire",2810675,2810675,391,6196919897723501,6196919901723606
"HSA_CORE_API","hsa_signal_wait_scacquire",2810675,2810675,392,6196919901724086,6196919905724181
"HSA_CORE_API","hsa_signal_wait_scacquire",2810675,2810675,393,6196919905724661,6196919909724755
"HSA_CORE_API","hsa_signal_wait_scacquire",2810675,2810675,394,6196919909725235,6196919913725340
"HSA_CORE_API","hsa_signal_wait_scacquire",2810675,2810675,395,6196919913725820,6196919917725915
"HSA_CORE_API","hsa_signal_wait_scacquire",2810675,2810675,396,6196919917726405,6196919921726510
"HSA_CORE_API","hsa_signal_wait_scacquire",2810675,2810675,397,6196919921726879,6196919925726984
"HSA_CORE_API","hsa_signal_wait_scacquire",2810675,2810675,398,6196919925727464,6196919929727569
"HSA_CORE_API","hsa_signal_wait_scacquire",2810675,2810675,399,6196919929728439,6196919933728544
"HSA_CORE_API","hsa_signal_wait_scacquire",2810675,2810675,400,6196919933729014,6196919937729128
"HSA_CORE_API","hsa_signal_wait_scacquire",2810675,2810675,401,6196919937729598,6196919941729703
"HSA_CORE_API","hsa_signal_wait_scacquire",2810675,2810675,402,6196919941730183,6196919945730288
"HSA_CORE_API","hsa_signal_wait_scacquire",2810675,2810675,403,6196919945730768,6196919949730872
"HSA_CORE_API","hsa_signal_wait_scacquire",2810675,2810675,404,6196919949731352,6196919953731457
"HSA_CORE_API","hsa_signal_wait_scacquire",2810675,2810675,405,6196919953731937,6196919957732041
"HSA_CORE_API","hsa_signal_wait_scacquire",2810675,2810675,406,6196919957732341,6196919961732446
"HSA_CORE_API","hsa_signal_wait_scacquire",2810675,2810675,407,6196919961732926,6196919965733021
"HSA_CORE_API","hsa_signal_wait_scacquire",2810675,2810675,408,6196919965733511,6196919969733615
"HSA_CORE_API","hsa_signal_wait_scacquire",2810675,2810675,409,6196919969734095,6196919973734200
"HSA_CORE_API","hsa_signal_wait_scacquire",2810675,2810675,410,6196919973734680,6196919977734775
"HSA_CORE_API","hsa_signal_wait_scacquire",2810675,2810675,411,6196919977735255,6196919981735349
"HSA_CORE_API","hsa_signal_wait_scacquire",2810675,2810675,412,6196919981735649,6196919985735754
"HSA_CORE_API","hsa_signal_wait_scacquire",2810675,2810675,413,6196919985736234,6196919989736349
"HSA_CORE_API","hsa_signal_wait_scacquire",2810675,2810675,414,6196919989736829,6196919993736923
"HSA_CORE_API","hsa_signal_wait_scacquire",2810675,2810675,415,6196919993737403,6196919997737498
"HSA_CORE_API","hsa_signal_wait_scacquire",2810675,2810675,416,6196919997737978,6196920001738073
"HSA_CORE_API","hsa_signal_wait_scacquire",2810675,2810675,417,6196920001738553,6196920005738657
"HSA_CORE_API","hsa_signal_wait_scacquire",2810675,2810675,418,6196920005739307,6196920009739412
"HSA_CORE_API","hsa_signal_wait_scacquire",2810675,2810675,419,6196920009740092,6196920013740187
"HSA_CORE_API","hsa_signal_wait_scacquire",2810675,2810675,420,6196920013740667,6196920017740771
"HSA_CORE_API","hsa_signal_wait_scacquire",2810675,2810675,421,6196920017741251,6196920021741356
"HSA_CORE_API","hsa_signal_wait_scacquire",2810675,2810675,422,6196920021741836,6196920025741941
"HSA_CORE_API","hsa_signal_wait_scacquire",2810675,2810675,423,6196920025742421,6196920029742515
"HSA_CORE_API","hsa_signal_wait_scacquire",2810675,2810675,424,6196920029743005,6196920033743110
"HSA_CORE_API","hsa_signal_wait_scacquire",2810675,2810675,425,6196920033743580,6196920037743685
"HSA_CORE_API","hsa_signal_wait_scacquire",2810675,2810675,426,6196920037744165,6196920041744259
"HSA_CORE_API","hsa_signal_wait_scacquire",2810675,2810675,427,6196920041744739,6196920045744834
"HSA_CORE_API","hsa_signal_wait_scacquire",2810675,2810675,428,6196920045745324,6196920049745429
"HSA_CORE_API","hsa_signal_wait_scacquire",2810675,2810675,429,6196920049745909,6196920053746013
"HSA_CORE_API","hsa_signal_wait_scacquire",2810675,2810675,430,6196920053746493,6196920057746588
"HSA_CORE_API","hsa_signal_wait_scacquire",2810675,2810675,431,6196920057746888,6196920061746993
"HSA_CORE_API","hsa_signal_wait_scacquire",2810675,2810675,432,6196920061747463,6196920065747557
"HSA_CORE_API","hsa_signal_wait_scacquire",2810675,2810675,433,6196920065748037,6196920069748142
"HSA_CORE_API","hsa_signal_wait_scacquire",2810675,2810675,434,6196920069748612,6196920073748717
"HSA_CORE_API","hsa_signal_wait_scacquire",2810675,2810675,435,6196920073749197,6196920077749291
"HSA_CORE_API","hsa_signal_wait_scacquire",2810675,2810675,436,6196920077749771,6196920081749866
"HSA_CORE_API","hsa_signal_wait_scacquire",2810675,2810675,437,6196920081750346,6196920085750640
"HSA_CORE_API","hsa_signal_wait_scacquire",2810675,2810675,438,6196920085751120,6196920089751215
"HSA_CORE_API","hsa_signal_wait_scacquire",2810675,2810675,439,6196920089751695,6196920093751790
"HSA_CORE_API","hsa_signal_wait_scacquire",2810675,2810675,440,6196920093752270,6196920097752364
"HSA_CORE_API","hsa_signal_wait_scacquire",2810675,2810675,441,6196920097752654,6196920101752749
"HSA_CORE_API","hsa_signal_wait_scacquire",2810675,2810675,442,6196920101753219,6196920105753314
"HSA_CORE_API","hsa_signal_wait_scacquire",2810675,2810675,443,6196920105753974,6196920109754079
"HSA_CORE_API","hsa_signal_wait_scacquire",2810675,2810675,444,6196920109754569,6196920113754663
"HSA_CORE_API","hsa_signal_wait_scacquire",2810675,2810675,445,6196920113755223,6196920117755318
"HSA_CORE_API","hsa_signal_wait_scacquire",2810675,2810675,446,6196920117755798,6196920121755893
"HSA_CORE_API","hsa_signal_wait_scacquire",2810675,2810675,447,6196920121756373,6196920125756467
"HSA_CORE_API","hsa_signal_wait_scacquire",2810675,2810675,448,6196920125756947,6196920129757062
"HSA_CORE_API","hsa_signal_wait_scacquire",2810675,2810675,449,6196920129757982,6196920133758077
"HSA_CORE_API","hsa_signal_wait_scacquire",2810675,2810675,450,6196920133764746,6196920137764841
"HSA_CORE_API","hsa_signal_wait_scacquire",2810675,2810675,451,6196920137765131,6196920141765236
"HSA_CORE_API","hsa_signal_wait_scacquire",2810675,2810675,452,6196920141765716,6196920145765810
"HSA_CORE_API","hsa_signal_wait_scacquire",2810675,2810675,453,6196920145766290,6196920149766385
"HSA_CORE_API","hsa_signal_wait_scacquire",2810675,2810675,454,6196920149766855,6196920153766960
"HSA_CORE_API","hsa_signal_wait_scacquire",2810675,2810675,455,6196920153767430,6196920157767524
"HSA_CORE_API","hsa_signal_wait_scacquire",2810675,2810675,456,6196920157767824,6196920161767919
"HSA_CORE_API","hsa_signal_wait_scacquire",2810675,2810675,457,6196920161768399,6196920165768494
"HSA_CORE_API","hsa_signal_wait_scacquire",2810675,2810675,458,6196920165768974,6196920169769068
"HSA_CORE_API","hsa_signal_wait_scacquire",2810675,2810675,459,6196920169769548,6196920173769643
"HSA_CORE_API","hsa_signal_wait_scacquire",2810675,2810675,460,6196920173769933,6196920177770028
"HSA_CORE_API","hsa_signal_wait_scacquire",2810675,2810675,461,6196920177770758,6196920181770842
"HSA_CORE_API","hsa_signal_wait_scacquire",2810675,2810675,462,6196920181771592,6196920185771707
"HSA_CORE_API","hsa_signal_wait_scacquire",2810675,2810675,463,6196920185772197,6196920189772312
"HSA_CORE_API","hsa_signal_wait_scacquire",2810675,2810675,464,6196920189773032,6196920193773156
"HSA_CORE_API","hsa_signal_wait_scacquire",2810675,2810675,465,6196920193773636,6196920197773761
"HSA_CORE_API","hsa_signal_wait_scacquire",2810675,2810675,466,6196920197774231,6196920201774325
"HSA_CORE_API","hsa_signal_wait_scacquire",2810675,2810675,467,6196920201774805,6196920205774900
"HSA_CORE_API","hsa_signal_wait_scacquire",2810675,2810675,468,6196920205775380,6196920209775475
"HSA_CORE_API","hsa_signal_wait_scacquire",2810675,2810675,469,6196920209776035,6196920213776229
"HSA_CORE_API","hsa_signal_wait_scacquire",2810675,2810675,470,6196920213776709,6196920217776834
"HSA_CORE_API","hsa_signal_wait_scacquire",2810675,2810675,471,6196920217777304,6196920221777779
"HSA_CORE_API","hsa_signal_wait_scacquire",2810675,2810675,472,6196920221778269,6196920225778363
"HSA_CORE_API","hsa_signal_wait_scacquire",2810675,2810675,473,6196920225778833,6196920229778948
"HSA_CORE_API","hsa_signal_wait_scacquire",2810675,2810675,474,6196920229779458,6196920233779573
"HSA_CORE_API","hsa_signal_wait_scacquire",2810675,2810675,475,6196920233779873,6196920237779987
"HSA_CORE_API","hsa_signal_wait_scacquire",2810675,2810675,476,6196920237780477,6196920241780592
"HSA_CORE_API","hsa_signal_wait_scacquire",2810675,2810675,477,6196920241781072,6196920245781167
"HSA_CORE_API","hsa_signal_wait_scacquire",2810675,2810675,478,6196920245781657,6196920249781881
"HSA_CORE_API","hsa_signal_wait_scacquire",2810675,2810675,479,6196920249786671,6196920253787056
"HSA_CORE_API","hsa_signal_wait_scacquire",2810675,2810675,480,6196920253787546,6196920257787651
"HSA_CORE_API","hsa_signal_wait_scacquire",2810675,2810675,481,6196920257788211,6196920261788335
"HSA_CORE_API","hsa_signal_wait_scacquire",2810675,2810675,482,6196920261788805,6196920265788920
"HSA_CORE_API","hsa_signal_wait_scacquire",2810675,2810675,483,6196920265789220,6196920269789345
"HSA_CORE_API","hsa_signal_wait_scacquire",2810675,2810675,484,6196920269789824,6196920273789959
"HSA_CORE_API","hsa_signal_wait_scacquire",2810675,2810675,485,6196920273790459,6196920277790574
"HSA_CORE_API","hsa_signal_wait_scacquire",2810675,2810675,486,6196920277791064,6196920281791179
"HSA_CORE_API","hsa_signal_wait_scacquire",2810675,2810675,487,6196920281791869,6196920285791983
"HSA_CORE_API","hsa_signal_wait_scacquire",2810675,2810675,488,6196920285792513,6196920289792798
"HSA_CORE_API","hsa_signal_wait_scacquire",2810675,2810675,489,6196920289793428,6196920293793543
"HSA_CORE_API","hsa_signal_wait_scacquire",2810675,2810675,490,6196920293794033,6196920297794127
"HSA_CORE_API","hsa_signal_wait_scacquire",2810675,2810675,491,6196920297794417,6196920301794522
"HSA_CORE_API","hsa_signal_wait_scacquire",2810675,2810675,492,6196920301794992,6196920305795087
"HSA_CORE_API","hsa_signal_wait_scacquire",2810675,2810675,493,6196920305795577,6196920309795671
"HSA_CORE_API","hsa_signal_wait_scacquire",2810675,2810675,494,6196920309796491,6196920313796586
"HSA_CORE_API","hsa_signal_wait_scacquire",2810675,2810675,495,6196920313797376,6196920317797471
"HSA_CORE_API","hsa_signal_wait_scacquire",2810675,2810675,496,6196920317797951,6196920321798045
"HSA_CORE_API","hsa_signal_wait_scacquire",2810675,2810675,497,6196920321798705,6196920325798790
"HSA_CORE_API","hsa_signal_wait_scacquire",2810675,2810675,498,6196920325799270,6196920329799364
"HSA_CORE_API","hsa_signal_wait_scacquire",2810675,2810675,499,6196920329799844,6196920333799939
"HSA_CORE_API","hsa_signal_wait_scacquire",2810675,2810675,500,6196920333800419,6196920337800514
"HSA_CORE_API","hsa_signal_wait_scacquire",2810675,2810675,501,6196920337800994,6196920341801098
"HSA_CORE_API","hsa_signal_wait_scacquire",2810675,2810675,502,6196920341801578,6196920345801673
"HSA_CORE_API","hsa_signal_wait_scacquire",2810675,2810675,503,6196920345802163,6196920349802258
"HSA_CORE_API","hsa_signal_wait_scacquire",2810675,2810675,504,6196920349802738,6196920353802832
"HSA_CORE_API","hsa_signal_wait_scacquire",2810675,2810675,505,6196920353803322,6196920357803447
"HSA_CORE_API","hsa_signal_wait_scacquire",2810675,2810675,506,6196920357803747,6196920361803852
"HSA_CORE_API","hsa_signal_wait_scacquire",2810675,2810675,507,6196920361804152,6196920365804246
"HSA_CORE_API","hsa_signal_wait_scacquire",2810675,2810675,508,6196920365804736,6196920369804831
"HSA_CORE_API","hsa_signal_wait_scacquire",2810675,2810675,509,6196920369805321,6196920373805416
"HSA_CORE_API","hsa_signal_wait_scacquire",2810675,2810675,510,6196920373805896,6196920377806000
"HSA_CORE_API","hsa_signal_wait_scacquire",2810675,2810675,511,6196920377806480,6196920381806595
"HSA_CORE_API","hsa_signal_wait_scacquire",2810675,2810675,512,6196920381807085,6196920385807180
"HSA_CORE_API","hsa_signal_wait_scacquire",2810675,2810675,513,6196920385810440,6196920389810534
"HSA_CORE_API","hsa_signal_wait_scacquire",2810675,2810675,514,6196920389815054,6196920393815149
"HSA_CORE_API","hsa_signal_wait_scacquire",2810675,2810675,515,6196920393815439,6196920397815533
"HSA_CORE_API","hsa_signal_wait_scacquire",2810675,2810675,516,6196920397816023,6196920401816118
"HSA_CORE_API","hsa_signal_wait_scacquire",2810675,2810675,517,6196920401816608,6196920405816713
"HSA_CORE_API","hsa_signal_wait_scacquire",2810675,2810675,518,6196920405817193,6196920409817287
"HSA_CORE_API","hsa_signal_wait_scacquire",2810675,2810675,519,6196920409817767,6196920413817862
"HSA_CORE_API","hsa_signal_wait_scacquire",2810675,2810675,520,6196920413818342,6196920417818427
"HSA_CORE_API","hsa_signal_wait_scacquire",2810675,2810675,521,6196920417818917,6196920421819011
"HSA_CORE_API","hsa_signal_wait_scacquire",2810675,2810675,522,6196920421819491,6196920425819586
"HSA_CORE_API","hsa_signal_wait_scacquire",2810675,2810675,523,6196920425819886,6196920429819981
"HSA_CORE_API","hsa_signal_wait_scacquire",2810675,2810675,524,6196920429820461,6196920433820555
"HSA_CORE_API","hsa_signal_wait_scacquire",2810675,2810675,525,6196920433821035,6196920437821130
"HSA_CORE_API","hsa_signal_wait_scacquire",2810675,2810675,526,6196920437821610,6196920441821725
"HSA_CORE_API","hsa_signal_wait_scacquire",2810675,2810675,527,6196920441822215,6196920445822300
"HSA_CORE_API","hsa_signal_wait_scacquire",2810675,2810675,528,6196920445822779,6196920449822884
"HSA_CORE_API","hsa_signal_wait_scacquire",2810675,2810675,529,6196920449823354,6196920453823449
"HSA_CORE_API","hsa_signal_wait_scacquire",2810675,2810675,530,6196920453823929,6196920457823833
"HSA_CORE_API","hsa_signal_wait_scacquire",2810675,2810675,531,6196920457824313,6196920461824408
"HSA_CORE_API","hsa_signal_wait_scacquire",2810675,2810675,532,6196920461824888,6196920465824983
"HSA_CORE_API","hsa_signal_wait_scacquire",2810675,2810675,533,6196920465825533,6196920469825627
"HSA_CORE_API","hsa_signal_wait_scacquire",2810675,2810675,534,6196920469826097,6196920473826202
"HSA_CORE_API","hsa_signal_wait_scacquire",2810675,2810675,535,6196920473826672,6196920477826777
"HSA_CORE_API","hsa_signal_wait_scacquire",2810675,2810675,536,6196920477827247,6196920481827341
"HSA_CORE_API","hsa_signal_wait_scacquire",2810675,2810675,537,6196920481827821,6196920485827916
"HSA_CORE_API","hsa_signal_wait_scacquire",2810675,2810675,538,6196920485829126,6196920489829231
"HSA_CORE_API","hsa_signal_wait_scacquire",2810675,2810675,539,6196920489829711,6196920493829805
"HSA_CORE_API","hsa_signal_wait_scacquire",2810675,2810675,540,6196920493830105,6196920497830200
"HSA_CORE_API","hsa_signal_wait_scacquire",2810675,2810675,541,6196920497830770,6196920501830865
"HSA_CORE_API","hsa_signal_wait_scacquire",2810675,2810675,542,6196920501831335,6196920505831429
"HSA_CORE_API","hsa_signal_wait_scacquire",2810675,2810675,543,6196920505831909,6196920509832004
"HSA_CORE_API","hsa_signal_wait_scacquire",2810675,2810675,544,6196920509832484,6196920513832579
"HSA_CORE_API","hsa_signal_wait_scacquire",2810675,2810675,545,6196920513833059,6196920517833153
"HSA_CORE_API","hsa_signal_wait_scacquire",2810675,2810675,546,6196920517833633,6196920521833728
"HSA_CORE_API","hsa_signal_wait_scacquire",2810675,2810675,547,6196920521834208,6196920525834293
"HSA_CORE_API","hsa_signal_wait_scacquire",2810675,2810675,548,6196920525834783,6196920529834877
"HSA_CORE_API","hsa_signal_wait_scacquire",2810675,2810675,549,6196920529835357,6196920533835452
"HSA_CORE_API","hsa_signal_wait_scacquire",2810675,2810675,550,6196920533835942,6196920537836037
"HSA_CORE_API","hsa_signal_wait_scacquire",2810675,2810675,551,6196920537836517,6196920541836611
"HSA_CORE_API","hsa_signal_wait_scacquire",2810675,2810675,552,6196920541837101,6196920545837216
"HSA_CORE_API","hsa_signal_wait_scacquire",2810675,2810675,553,6196920545837696,6196920549837811
"HSA_CORE_API","hsa_signal_wait_scacquire",2810675,2810675,554,6196920549838291,6196920553838395
"HSA_CORE_API","hsa_signal_wait_scacquire",2810675,2810675,555,6196920553838705,6196920557838800
"HSA_CORE_API","hsa_signal_wait_scacquire",2810675,2810675,556,6196920557839100,6196920561839195
"HSA_CORE_API","hsa_signal_wait_scacquire",2810675,2810675,557,6196920561839665,6196920565839769
"HSA_CORE_API","hsa_signal_wait_scacquire",2810675,2810675,558,6196920565840239,6196920569840334
"HSA_CORE_API","hsa_signal_wait_scacquire",2810675,2810675,559,6196920569840814,6196920573840908
"HSA_CORE_API","hsa_signal_wait_scacquire",2810675,2810675,560,6196920573841208,6196920577841303
"HSA_CORE_API","hsa_signal_wait_scacquire",2810675,2810675,561,6196920577841783,6196920581841878
"HSA_CORE_API","hsa_signal_wait_scacquire",2810675,2810675,562,6196920581842368,6196920585842472
"HSA_CORE_API","hsa_signal_wait_scacquire",2810675,2810675,563,6196920585842962,6196920589843057
"HSA_CORE_API","hsa_signal_wait_scacquire",2810675,2810675,564,6196920589843537,6196920593843932
"HSA_CORE_API","hsa_signal_wait_scacquire",2810675,2810675,565,6196920593845222,6196920597845436
"HSA_CORE_API","hsa_signal_wait_scacquire",2810675,2810675,566,6196920597845926,6196920601846021
"HSA_CORE_API","hsa_signal_wait_scacquire",2810675,2810675,567,6196920601846501,6196920605846606
"HSA_CORE_API","hsa_signal_wait_scacquire",2810675,2810675,568,6196920605847076,6196920609847170
"HSA_CORE_API","hsa_signal_wait_scacquire",2810675,2810675,569,6196920609847650,6196920613847745
"HSA_CORE_API","hsa_signal_wait_scacquire",2810675,2810675,570,6196920613848225,6196920617848320
"HSA_CORE_API","hsa_signal_wait_scacquire",2810675,2810675,571,6196920617848800,6196920621848894
"HSA_CORE_API","hsa_signal_wait_scacquire",2810675,2810675,572,6196920621849374,6196920625849469
"HSA_CORE_API","hsa_signal_wait_scacquire",2810675,2810675,573,6196920625849949,6196920629850044
"HSA_CORE_API","hsa_signal_wait_scacquire",2810675,2810675,574,6196920629850524,6196920633850618
"HSA_CORE_API","hsa_signal_wait_scacquire",2810675,2810675,575,6196920633851098,6196920637851193
"HSA_CORE_API","hsa_signal_wait_scacquire",2810675,2810675,576,6196920637851673,6196920641851768
"HSA_CORE_API","hsa_signal_wait_scacquire",2810675,2810675,577,6196920641852408,6196920645852502
"HSA_CORE_API","hsa_signal_wait_scacquire",2810675,2810675,578,6196920645857282,6196920649857377
"HSA_CORE_API","hsa_signal_wait_scacquire",2810675,2810675,579,6196920649857857,6196920653857952
"HSA_CORE_API","hsa_signal_wait_scacquire",2810675,2810675,580,6196920653858432,6196920657858526
"HSA_CORE_API","hsa_signal_wait_scacquire",2810675,2810675,581,6196920657858836,6196920661858931
"HSA_CORE_API","hsa_signal_wait_scacquire",2810675,2810675,582,6196920661859301,6196920665859396
"HSA_CORE_API","hsa_signal_wait_scacquire",2810675,2810675,583,6196920665859956,6196920669860050
"HSA_CORE_API","hsa_signal_wait_scacquire",2810675,2810675,584,6196920669860770,6196920673860875
"HSA_CORE_API","hsa_signal_wait_scacquire",2810675,2810675,585,6196920673861355,6196920677861450
"HSA_CORE_API","hsa_signal_wait_scacquire",2810675,2810675,586,6196920677862010,6196920681862104
"HSA_CORE_API","hsa_signal_wait_scacquire",2810675,2810675,587,6196920681862574,6196920685862679
"HSA_CORE_API","hsa_signal_wait_scacquire",2810675,2810675,588,6196920685863159,6196920689863254
"HSA_CORE_API","hsa_signal_wait_scacquire",2810675,2810675,589,6196920689863544,6196920693863638
"HSA_CORE_API","hsa_signal_wait_scacquire",2810675,2810675,590,6196920693864118,6196920697864223
"HSA_CORE_API","hsa_signal_wait_scacquire",2810675,2810675,591,6196920697864703,6196920701864798
"HSA_CORE_API","hsa_signal_wait_scacquire",2810675,2810675,592,6196920701865268,6196920705865372
"HSA_CORE_API","hsa_signal_wait_scacquire",2810675,2810675,593,6196920705865852,6196920709865947
"HSA_CORE_API","hsa_signal_wait_scacquire",2810675,2810675,594,6196920709866427,6196920713866522
"HSA_CORE_API","hsa_signal_wait_scacquire",2810675,2810675,595,6196920713867002,6196920717867096
"HSA_CORE_API","hsa_signal_wait_scacquire",2810675,2810675,596,6196920717867576,6196920721867671
"HSA_CORE_API","hsa_signal_wait_scacquire",2810675,2810675,597,6196920721868151,6196920725868256
"HSA_CORE_API","hsa_signal_wait_scacquire",2810675,2810675,598,6196920725868736,6196920729868830
"HSA_CORE_API","hsa_signal_wait_scacquire",2810675,2810675,599,6196920729869120,6196920733869215
"HSA_CORE_API","hsa_signal_wait_scacquire",2810675,2810675,600,6196920733869695,6196920737869790
"HSA_CORE_API","hsa_signal_wait_scacquire",2810675,2810675,601,6196920737870270,6196920741870374
"HSA_CORE_API","hsa_signal_wait_scacquire",2810675,2810675,602,6196920741870854,6196920745870959
"HSA_CORE_API","hsa_signal_wait_scacquire",2810675,2810675,603,6196920745871439,6196920749871534
"HSA_CORE_API","hsa_signal_wait_scacquire",2810675,2810675,604,6196920749872014,6196920753872108
"HSA_CORE_API","hsa_signal_wait_scacquire",2810675,2810675,605,6196920753872588,6196920757872683
"HSA_CORE_API","hsa_signal_wait_scacquire",2810675,2810675,606,6196920757872983,6196920761873088
"HSA_CORE_API","hsa_signal_wait_scacquire",2810675,2810675,607,6196920761873568,6196920765873662
"HSA_CORE_API","hsa_signal_wait_scacquire",2810675,2810675,608,6196920765873962,6196920769874057
"HSA_CORE_API","hsa_signal_wait_scacquire",2810675,2810675,609,6196920769874537,6196920773874642
"HSA_CORE_API","hsa_signal_wait_scacquire",2810675,2810675,610,6196920773875112,6196920777875206
"HSA_CORE_API","hsa_signal_wait_scacquire",2810675,2810675,611,6196920777875686,6196920781875781
"HSA_CORE_API","hsa_signal_wait_scacquire",2810675,2810675,612,6196920781876351,6196920785876446
"HSA_CORE_API","hsa_signal_wait_scacquire",2810675,2810675,613,6196920785876926,6196920789877060
"HSA_CORE_API","hsa_signal_wait_scacquire",2810675,2810675,614,6196920789877370,6196920793877465
"HSA_CORE_API","hsa_signal_wait_scacquire",2810675,2810675,615,6196920793877985,6196920797878090
"HSA_CORE_API","hsa_signal_wait_scacquire",2810675,2810675,616,6196920797878560,6196920801878654
"HSA_CORE_API","hsa_signal_wait_scacquire",2810675,2810675,617,6196920801879124,6196920805879229
"HSA_CORE_API","hsa_signal_wait_scacquire",2810675,2810675,618,6196920805879809,6196920809879904
"HSA_CORE_API","hsa_signal_wait_scacquire",2810675,2810675,619,6196920809880384,6196920813880488
"HSA_CORE_API","hsa_signal_wait_scacquire",2810675,2810675,620,6196920813880768,6196920817880873
"HSA_CORE_API","hsa_signal_wait_scacquire",2810675,2810675,621,6196920817881353,6196920821881448
"HSA_CORE_API","hsa_signal_wait_scacquire",2810675,2810675,622,6196920821881928,6196920825882022
"HSA_CORE_API","hsa_signal_wait_scacquire",2810675,2810675,623,6196920825882502,6196920829882597
"HSA_CORE_API","hsa_signal_wait_scacquire",2810675,2810675,624,6196920829883077,6196920833883172
"HSA_CORE_API","hsa_signal_wait_scacquire",2810675,2810675,625,6196920833883652,6196920837883746
"HSA_CORE_API","hsa_signal_wait_scacquire",2810675,2810675,626,6196920837884226,6196920841884321
"HSA_CORE_API","hsa_signal_wait_scacquire",2810675,2810675,627,6196920841884801,6196920845884896
"HSA_CORE_API","hsa_signal_wait_scacquire",2810675,2810675,628,6196920845885186,6196920849885290
"HSA_CORE_API","hsa_signal_wait_scacquire",2810675,2810675,629,6196920849885760,6196920853885855
"HSA_CORE_API","hsa_signal_wait_scacquire",2810675,2810675,630,6196920853886335,6196920857886440
"HSA_CORE_API","hsa_signal_wait_scacquire",2810675,2810675,631,6196920857886730,6196920861886834
"HSA_CORE_API","hsa_signal_wait_scacquire",2810675,2810675,632,6196920861887314,6196920865887409
"HSA_CORE_API","hsa_signal_wait_scacquire",2810675,2810675,633,6196920865887879,6196920869887974
"HSA_CORE_API","hsa_signal_wait_scacquire",2810675,2810675,634,6196920869888454,6196920873888558
"HSA_CORE_API","hsa_signal_wait_scacquire",2810675,2810675,635,6196920873888848,6196920877888943
"HSA_CORE_API","hsa_signal_wait_scacquire",2810675,2810675,636,6196920877889423,6196920881889518
"HSA_CORE_API","hsa_signal_wait_scacquire",2810675,2810675,637,6196920881889818,6196920885889912
"HSA_CORE_API","hsa_signal_wait_scacquire",2810675,2810675,638,6196920885890392,6196920889890487
"HSA_CORE_API","hsa_signal_wait_scacquire",2810675,2810675,639,6196920889890957,6196920893891052
"HSA_CORE_API","hsa_signal_wait_scacquire",2810675,2810675,640,6196920893891522,6196920897891626
"HSA_CORE_API","hsa_signal_wait_scacquire",2810675,2810675,641,6196920897892246,6196920901892341
"HSA_CORE_API","hsa_signal_wait_scacquire",2810675,2810675,642,6196920901894441,6196920905894536
"HSA_CORE_API","hsa_signal_wait_scacquire",2810675,2810675,643,6196920905894826,6196920909894920
"HSA_CORE_API","hsa_signal_wait_scacquire",2810675,2810675,644,6196920909895400,6196920913895495
"HSA_CORE_API","hsa_signal_wait_scacquire",2810675,2810675,645,6196920913895985,6196920917896080
"HSA_CORE_API","hsa_signal_wait_scacquire",2810675,2810675,646,6196920917896570,6196920921896664
"HSA_CORE_API","hsa_signal_wait_scacquire",2810675,2810675,647,6196920921897144,6196920925897239
"HSA_CORE_API","hsa_signal_wait_scacquire",2810675,2810675,648,6196920925897729,6196920929898864
"HSA_CORE_API","hsa_signal_wait_scacquire",2810675,2810675,649,6196920929904684,6196920933905248
"HSA_CORE_API","hsa_signal_wait_scacquire",2810675,2810675,650,6196920933905688,6196920937905813
"HSA_CORE_API","hsa_signal_wait_scacquire",2810675,2810675,651,6196920937906113,6196920941906208
"HSA_CORE_API","hsa_signal_wait_scacquire",2810675,2810675,652,6196920941906708,6196920945906802
"HSA_CORE_API","hsa_signal_wait_scacquire",2810675,2810675,653,6196920945907292,6196920949907387
"HSA_CORE_API","hsa_signal_wait_scacquire",2810675,2810675,654,6196920949907877,6196920953907972
"HSA_CORE_API","hsa_signal_wait_scacquire",2810675,2810675,655,6196920953908462,6196920957908566
"HSA_CORE_API","hsa_signal_wait_scacquire",2810675,2810675,656,6196920957908866,6196920961908961
"HSA_CORE_API","hsa_signal_wait_scacquire",2810675,2810675,657,6196920961909491,6196920965909585
"HSA_CORE_API","hsa_signal_wait_scacquire",2810675,2810675,658,6196920965909875,6196920969909970
"HSA_CORE_API","hsa_signal_wait_scacquire",2810675,2810675,659,6196920969910560,6196920973910655
"HSA_CORE_API","hsa_signal_wait_scacquire",2810675,2810675,660,6196920973911435,6196920977911529
"HSA_CORE_API","hsa_signal_wait_scacquire",2810675,2810675,661,6196920977912019,6196920981912114
"HSA_CORE_API","hsa_signal_wait_scacquire",2810675,2810675,662,6196920981912684,6196920985912779
"HSA_CORE_API","hsa_signal_wait_scacquire",2810675,2810675,663,6196920985913269,6196920989913363
"HSA_CORE_API","hsa_signal_wait_scacquire",2810675,2810675,664,6196920989913863,6196920993913958
"HSA_CORE_API","hsa_signal_wait_scacquire",2810675,2810675,665,6196920993914448,6196920997914543
"HSA_CORE_API","hsa_signal_wait_scacquire",2810675,2810675,666,6196920997915173,6196921001915267
"HSA_CORE_API","hsa_signal_wait_scacquire",2810675,2810675,667,6196921001915557,6196921005915652
"HSA_CORE_API","hsa_signal_wait_scacquire",2810675,2810675,668,6196921005916142,6196921009916237
"HSA_CORE_API","hsa_signal_wait_scacquire",2810675,2810675,669,6196921009916727,6196921013916821
"HSA_CORE_API","hsa_signal_wait_scacquire",2810675,2810675,670,6196921013917391,6196921017917496
"HSA_CORE_API","hsa_signal_wait_scacquire",2810675,2810675,671,6196921017918006,6196921021918101
"HSA_CORE_API","hsa_signal_wait_scacquire",2810675,2810675,672,6196921021920291,6196921025920385
"HSA_CORE_API","hsa_signal_wait_scacquire",2810675,2810675,673,6196921025920755,6196921029920850
"HSA_CORE_API","hsa_signal_wait_scacquire",2810675,2810675,674,6196921029921340,6196921033921435
"HSA_CORE_API","hsa_signal_wait_scacquire",2810675,2810675,675,6196921033921925,6196921037922019
"HSA_CORE_API","hsa_signal_wait_scacquire",2810675,2810675,676,6196921037922499,6196921041922594
"HSA_CORE_API","hsa_signal_wait_scacquire",2810675,2810675,677,6196921041923074,6196921045923159
"HSA_CORE_API","hsa_signal_wait_scacquire",2810675,2810675,678,6196921045923649,6196921049923744
"HSA_CORE_API","hsa_signal_wait_scacquire",2810675,2810675,679,6196921049924233,6196921053924328
"HSA_CORE_API","hsa_signal_wait_scacquire",2810675,2810675,680,6196921053924818,6196921057924913
"HSA_CORE_API","hsa_signal_wait_scacquire",2810675,2810675,681,6196921057925213,6196921061925118
"HSA_CORE_API","hsa_signal_wait_scacquire",2810675,2810675,682,6196921061925618,6196921065925522
"HSA_CORE_API","hsa_signal_wait_scacquire",2810675,2810675,683,6196921065926002,6196921069925907
"HSA_CORE_API","hsa_signal_wait_scacquire",2810675,2810675,684,6196921069926397,6196921073926502
"HSA_CORE_API","hsa_signal_wait_scacquire",2810675,2810675,685,6196921073926982,6196921077927076
"HSA_CORE_API","hsa_signal_wait_scacquire",2810675,2810675,686,6196921077927576,6196921081927701
"HSA_CORE_API","hsa_signal_wait_scacquire",2810675,2810675,687,6196921081928001,6196921085928106
"HSA_CORE_API","hsa_signal_wait_scacquire",2810675,2810675,688,6196921085928586,6196921089928680
"HSA_CORE_API","hsa_signal_wait_scacquire",2810675,2810675,689,6196921089929160,6196921093929255
"HSA_CORE_API","hsa_signal_wait_scacquire",2810675,2810675,690,6196921093929825,6196921097929920
"HSA_CORE_API","hsa_signal_wait_scacquire",2810675,2810675,691,6196921097930400,6196921101930494
"HSA_CORE_API","hsa_signal_wait_scacquire",2810675,2810675,692,6196921101931054,6196921105931169
"HSA_CORE_API","hsa_signal_wait_scacquire",2810675,2810675,693,6196921105931639,6196921109931734
"HSA_CORE_API","hsa_signal_wait_scacquire",2810675,2810675,694,6196921109932214,6196921113932308
"HSA_CORE_API","hsa_signal_wait_scacquire",2810675,2810675,695,6196921113932788,6196921117932883
"HSA_CORE_API","hsa_signal_wait_scacquire",2810675,2810675,696,6196921117933363,6196921121933458
"HSA_CORE_API","hsa_signal_wait_scacquire",2810675,2810675,697,6196921121933828,6196921125933932
"HSA_CORE_API","hsa_signal_wait_scacquire",2810675,2810675,698,6196921125934412,6196921129934507
"HSA_CORE_API","hsa_signal_wait_scacquire",2810675,2810675,699,6196921129934987,6196921133935082
"HSA_CORE_API","hsa_signal_wait_scacquire",2810675,2810675,700,6196921133935372,6196921137935496
"HSA_CORE_API","hsa_signal_wait_scacquire",2810675,2810675,701,6196921137935986,6196921141936081
"HSA_CORE_API","hsa_signal_wait_scacquire",2810675,2810675,702,6196921141936561,6196921145936656
"HSA_CORE_API","hsa_signal_wait_scacquire",2810675,2810675,703,6196921145937126,6196921149937220
"HSA_CORE_API","hsa_signal_wait_scacquire",2810675,2810675,704,6196921149937700,6196921153937795
"HSA_CORE_API","hsa_signal_wait_scacquire",2810675,2810675,705,6196921153938845,6196921157938949
"HSA_CORE_API","hsa_signal_wait_scacquire",2810675,2810675,706,6196921157940559,6196921161940654
"HSA_CORE_API","hsa_signal_wait_scacquire",2810675,2810675,707,6196921161940954,6196921165941049
"HSA_CORE_API","hsa_signal_wait_scacquire",2810675,2810675,708,6196921165941529,6196921169941523
"HSA_CORE_API","hsa_signal_wait_scacquire",2810675,2810675,709,6196921169942003,6196921173942128
"HSA_CORE_API","hsa_signal_wait_scacquire",2810675,2810675,710,6196921173942438,6196921177942343
"HSA_CORE_API","hsa_signal_wait_scacquire",2810675,2810675,711,6196921177942813,6196921181942907
"HSA_CORE_API","hsa_signal_wait_scacquire",2810675,2810675,712,6196921181943387,6196921185943482
"HSA_CORE_API","hsa_signal_wait_scacquire",2810675,2810675,713,6196921185944052,6196921189944147
"HSA_CORE_API","hsa_signal_wait_scacquire",2810675,2810675,714,6196921189944617,6196921193944722
"HSA_CORE_API","hsa_signal_wait_scacquire",2810675,2810675,715,6196921193945102,6196921197945196
"HSA_CORE_API","hsa_signal_wait_scacquire",2810675,2810675,716,6196921197945676,6196921201945771
"HSA_CORE_API","hsa_signal_wait_scacquire",2810675,2810675,717,6196921201946341,6196921205946436
"HSA_CORE_API","hsa_signal_wait_scacquire",2810675,2810675,718,6196921205946916,6196921209947010
"HSA_CORE_API","hsa_signal_wait_scacquire",2810675,2810675,719,6196921209947480,6196921213947565
"HSA_CORE_API","hsa_signal_wait_scacquire",2810675,2810675,720,6196921213948045,6196921217948140
"HSA_CORE_API","hsa_signal_wait_scacquire",2810675,2810675,721,6196921217948620,6196921221948714
"HSA_CORE_API","hsa_signal_wait_scacquire",2810675,2810675,722,6196921221949194,6196921225949289
"HSA_CORE_API","hsa_signal_wait_scacquire",2810675,2810675,723,6196921225949769,6196921229949874
"HSA_CORE_API","hsa_signal_wait_scacquire",2810675,2810675,724,6196921229950344,6196921233950438
"HSA_CORE_API","hsa_signal_wait_scacquire",2810675,2810675,725,6196921233950918,6196921237951013
"HSA_CORE_API","hsa_signal_wait_scacquire",2810675,2810675,726,6196921237951313,6196921241951408
"HSA_CORE_API","hsa_signal_wait_scacquire",2810675,2810675,727,6196921241951698,6196921245951792
"HSA_CORE_API","hsa_signal_wait_scacquire",2810675,2810675,728,6196921245952272,6196921249952367
"HSA_CORE_API","hsa_signal_wait_scacquire",2810675,2810675,729,6196921249952847,6196921253952942
"HSA_CORE_API","hsa_signal_wait_scacquire",2810675,2810675,730,6196921253953422,6196921257953526
"HSA_CORE_API","hsa_signal_wait_scacquire",2810675,2810675,731,6196921257953816,6196921261953911
"HSA_CORE_API","hsa_signal_wait_scacquire",2810675,2810675,732,6196921261954381,6196921265954476
"HSA_CORE_API","hsa_signal_wait_scacquire",2810675,2810675,733,6196921265954956,6196921269955050
"HSA_CORE_API","hsa_signal_wait_scacquire",2810675,2810675,734,6196921269955340,6196921273955435
"HSA_CORE_API","hsa_signal_wait_scacquire",2810675,2810675,735,6196921273955905,6196921277955820
"HSA_CORE_API","hsa_signal_wait_scacquire",2810675,2810675,736,6196921277956300,6196921281956204
"HSA_CORE_API","hsa_signal_wait_scacquire",2810675,2810675,737,6196921281956684,6196921285956779
"HSA_CORE_API","hsa_signal_wait_scacquire",2810675,2810675,738,6196921285957249,6196921289957344
"HSA_CORE_API","hsa_signal_wait_scacquire",2810675,2810675,739,6196921289957814,6196921293957918
"HSA_CORE_API","hsa_signal_wait_scacquire",2810675,2810675,740,6196921293958398,6196921297958493
"HSA_CORE_API","hsa_signal_wait_scacquire",2810675,2810675,741,6196921297959043,6196921301959138
"HSA_CORE_API","hsa_signal_wait_scacquire",2810675,2810675,742,6196921301959618,6196921305959712
"HSA_CORE_API","hsa_signal_wait_scacquire",2810675,2810675,743,6196921305960182,6196921309960277
"HSA_CORE_API","hsa_signal_wait_scacquire",2810675,2810675,744,6196921309960747,6196921313960842
"HSA_CORE_API","hsa_signal_wait_scacquire",2810675,2810675,745,6196921313961322,6196921317961416
"HSA_CORE_API","hsa_signal_wait_scacquire",2810675,2810675,746,6196921317961706,6196921321961801
"HSA_CORE_API","hsa_signal_wait_scacquire",2810675,2810675,747,6196921321962281,6196921325962376
"HSA_CORE_API","hsa_signal_wait_scacquire",2810675,2810675,748,6196921325962856,6196921329962960
"HSA_CORE_API","hsa_signal_wait_scacquire",2810675,2810675,749,6196921329963440,6196921333963535
"HSA_CORE_API","hsa_signal_wait_scacquire",2810675,2810675,750,6196921333964015,6196921337964110
"HSA_CORE_API","hsa_signal_wait_scacquire",2810675,2810675,751,6196921337964670,6196921341964754
"HSA_CORE_API","hsa_signal_wait_scacquire",2810675,2810675,752,6196921341965234,6196921345965339
"HSA_CORE_API","hsa_signal_wait_scacquire",2810675,2810675,753,6196921345965819,6196921349965914
"HSA_CORE_API","hsa_signal_wait_scacquire",2810675,2810675,754,6196921349966384,6196921353966488
"HSA_CORE_API","hsa_signal_wait_scacquire",2810675,2810675,755,6196921353966968,6196921357967063
"HSA_CORE_API","hsa_signal_wait_scacquire",2810675,2810675,756,6196921357967363,6196921361967458
"HSA_CORE_API","hsa_signal_wait_scacquire",2810675,2810675,757,6196921361967938,6196921365968032
"HSA_CORE_API","hsa_signal_wait_scacquire",2810675,2810675,758,6196921365968322,6196921369968577
"HSA_CORE_API","hsa_signal_wait_scacquire",2810675,2810675,759,6196921369972827,6196921373973282
"HSA_CORE_API","hsa_signal_wait_scacquire",2810675,2810675,760,6196921373973782,6196921377973876
"HSA_CORE_API","hsa_signal_wait_scacquire",2810675,2810675,761,6196921377974166,6196921381974261
"HSA_CORE_API","hsa_signal_wait_scacquire",2810675,2810675,762,6196921381974551,6196921385974656
"HSA_CORE_API","hsa_signal_wait_scacquire",2810675,2810675,763,6196921385975136,6196921389975240
"HSA_CORE_API","hsa_signal_wait_scacquire",2810675,2810675,764,6196921389975720,6196921393975625
"HSA_CORE_API","hsa_signal_wait_scacquire",2810675,2810675,765,6196921393976105,6196921397976020
"HSA_CORE_API","hsa_signal_wait_scacquire",2810675,2810675,766,6196921397976490,6196921401976594
"HSA_CORE_API","hsa_signal_wait_scacquire",2810675,2810675,767,6196921401977154,6196921405977249
"HSA_CORE_API","hsa_signal_wait_scacquire",2810675,2810675,768,6196921405977729,6196921409977824
"HSA_CORE_API","hsa_signal_wait_scacquire",2810675,2810675,769,6196921409979784,6196921413979898
"HSA_CORE_API","hsa_signal_wait_scacquire",2810675,2810675,770,6196921413981748,6196921417981843
"HSA_CORE_API","hsa_signal_wait_scacquire",2810675,2810675,771,6196921417982333,6196921421982428
"HSA_CORE_API","hsa_signal_wait_scacquire",2810675,2810675,772,6196921421983008,6196921425983102
"HSA_CORE_API","hsa_signal_wait_scacquire",2810675,2810675,773,6196921425983582,6196921429983677
"HSA_CORE_API","hsa_signal_wait_scacquire",2810675,2810675,774,6196921429984607,6196921433984702
"HSA_CORE_API","hsa_signal_wait_scacquire",2810675,2810675,775,6196921433984992,6196921437985086
"HSA_CORE_API","hsa_signal_wait_scacquire",2810675,2810675,776,6196921437985656,6196921441985751
"HSA_CORE_API","hsa_signal_wait_scacquire",2810675,2810675,777,6196921441986281,6196921445986376
"HSA_CORE_API","hsa_signal_wait_scacquire",2810675,2810675,778,6196921445986856,6196921449986950
"HSA_CORE_API","hsa_signal_wait_scacquire",2810675,2810675,779,6196921449987250,6196921453987345
"HSA_CORE_API","hsa_signal_wait_scacquire",2810675,2810675,780,6196921453987835,6196921457987930
"HSA_CORE_API","hsa_signal_wait_scacquire",2810675,2810675,781,6196921457988230,6196921461988324
"HSA_CORE_API","hsa_signal_wait_scacquire",2810675,2810675,782,6196921461988804,6196921465988909
"HSA_CORE_API","hsa_signal_wait_scacquire",2810675,2810675,783,6196921465989379,6196921469989474
"HSA_CORE_API","hsa_signal_wait_scacquire",2810675,2810675,784,6196921469989944,6196921473990048
"HSA_CORE_API","hsa_signal_wait_scacquire",2810675,2810675,785,6196921473990578,6196921477990673
"HSA_CORE_API","hsa_signal_wait_scacquire",2810675,2810675,786,6196921477991153,6196921481991248
"HSA_CORE_API","hsa_signal_wait_scacquire",2810675,2810675,787,6196921481991718,6196921485991812
"HSA_CORE_API","hsa_signal_wait_scacquire",2810675,2810675,788,6196921485992282,6196921489992377
"HSA_CORE_API","hsa_signal_wait_scacquire",2810675,2810675,789,6196921489992857,6196921493992992
"HSA_CORE_API","hsa_signal_wait_scacquire",2810675,2810675,790,6196921493993312,6196921497993406
"HSA_CORE_API","hsa_signal_wait_scacquire",2810675,2810675,791,6196921497993886,6196921501993801
"HSA_CORE_API","hsa_signal_wait_scacquire",2810675,2810675,792,6196921501994271,6196921505994376
"HSA_CORE_API","hsa_signal_wait_scacquire",2810675,2810675,793,6196921505994666,6196921509994760
"HSA_CORE_API","hsa_signal_wait_scacquire",2810675,2810675,794,6196921509995240,6196921513995335
"HSA_CORE_API","hsa_signal_wait_scacquire",2810675,2810675,795,6196921513995805,6196921517995910
"HSA_CORE_API","hsa_signal_wait_scacquire",2810675,2810675,796,6196921517996390,6196921521996484
"HSA_CORE_API","hsa_signal_wait_scacquire",2810675,2810675,797,6196921521996964,6196921525997059
"HSA_CORE_API","hsa_signal_wait_scacquire",2810675,2810675,798,6196921525997539,6196921529997634
"HSA_CORE_API","hsa_signal_wait_scacquire",2810675,2810675,799,6196921529998114,6196921533998208
"HSA_CORE_API","hsa_signal_wait_scacquire",2810675,2810675,800,6196921533998688,6196921537998783
"HSA_CORE_API","hsa_signal_wait_scacquire",2810675,2810675,801,6196921537999253,6196921541999358
"HSA_CORE_API","hsa_signal_wait_scacquire",2810675,2810675,802,6196921541999838,6196921546002292
"HSA_CORE_API","hsa_signal_wait_scacquire",2810675,2810675,803,6196921546002582,6196921550002687
"HSA_CORE_API","hsa_signal_wait_scacquire",2810675,2810675,804,6196921550003157,6196921554003251
"HSA_CORE_API","hsa_signal_wait_scacquire",2810675,2810675,805,6196921554003731,6196921558003826
"HSA_CORE_API","hsa_signal_wait_scacquire",2810675,2810675,806,6196921558004126,6196921562004221
"HSA_CORE_API","hsa_signal_wait_scacquire",2810675,2810675,807,6196921562004701,6196921566004796
"HSA_CORE_API","hsa_signal_wait_scacquire",2810675,2810675,808,6196921566005085,6196921570005180
"HSA_CORE_API","hsa_signal_wait_scacquire",2810675,2810675,809,6196921570005660,6196921574005765
"HSA_CORE_API","hsa_signal_wait_scacquire",2810675,2810675,810,6196921574006235,6196921578006330
"HSA_CORE_API","hsa_signal_wait_scacquire",2810675,2810675,811,6196921578006620,6196921582006714
"HSA_CORE_API","hsa_signal_wait_scacquire",2810675,2810675,812,6196921582007194,6196921586007289
"HSA_CORE_API","hsa_signal_wait_scacquire",2810675,2810675,813,6196921586007769,6196921590007864
"HSA_CORE_API","hsa_signal_wait_scacquire",2810675,2810675,814,6196921590008344,6196921594008438
"HSA_CORE_API","hsa_signal_wait_scacquire",2810675,2810675,815,6196921594008918,6196921598009013
"HSA_CORE_API","hsa_signal_wait_scacquire",2810675,2810675,816,6196921598009493,6196921602009588
"HSA_CORE_API","hsa_signal_wait_scacquire",2810675,2810675,817,6196921602010068,6196921606010162
"HSA_CORE_API","hsa_signal_wait_scacquire",2810675,2810675,818,6196921606010722,6196921610010817
"HSA_CORE_API","hsa_signal_wait_scacquire",2810675,2810675,819,6196921610011297,6196921614011392
"HSA_CORE_API","hsa_signal_wait_scacquire",2810675,2810675,820,6196921614011872,6196921618011966
"HSA_CORE_API","hsa_signal_wait_scacquire",2810675,2810675,821,6196921618012446,6196921622012541
"HSA_CORE_API","hsa_signal_wait_scacquire",2810675,2810675,822,6196921622012841,6196921626012936
"HSA_CORE_API","hsa_signal_wait_scacquire",2810675,2810675,823,6196921626013416,6196921630013510
"HSA_CORE_API","hsa_signal_wait_scacquire",2810675,2810675,824,6196921630014000,6196921634014095
"HSA_CORE_API","hsa_signal_wait_scacquire",2810675,2810675,825,6196921634014565,6196921638014660
"HSA_CORE_API","hsa_signal_wait_scacquire",2810675,2810675,826,6196921638015140,6196921642015424
"HSA_CORE_API","hsa_signal_wait_scacquire",2810675,2810675,827,6196921642015904,6196921646015999
"HSA_CORE_API","hsa_signal_wait_scacquire",2810675,2810675,828,6196921646016479,6196921650016574
"HSA_CORE_API","hsa_signal_wait_scacquire",2810675,2810675,829,6196921650017054,6196921654017148
"HSA_CORE_API","hsa_signal_wait_scacquire",2810675,2810675,830,6196921654017618,6196921658017733
"HSA_CORE_API","hsa_signal_wait_scacquire",2810675,2810675,831,6196921658018043,6196921662018138
"HSA_CORE_API","hsa_signal_wait_scacquire",2810675,2810675,832,6196921662018618,6196921666018713
"HSA_CORE_API","hsa_signal_wait_scacquire",2810675,2810675,833,6196921666019233,6196921670019327
"HSA_CORE_API","hsa_signal_wait_scacquire",2810675,2810675,834,6196921670020557,6196921674020682
"HSA_CORE_API","hsa_signal_wait_scacquire",2810675,2810675,835,6196921674020982,6196921678021077
"HSA_CORE_API","hsa_signal_wait_scacquire",2810675,2810675,836,6196921678021557,6196921682021661
"HSA_CORE_API","hsa_signal_wait_scacquire",2810675,2810675,837,6196921682022141,6196921686022236
"HSA_CORE_API","hsa_signal_wait_scacquire",2810675,2810675,838,6196921686022716,6196921690022811
"HSA_CORE_API","hsa_signal_wait_scacquire",2810675,2810675,839,6196921690023291,6196921694023385
"HSA_CORE_API","hsa_signal_wait_scacquire",2810675,2810675,840,6196921694023875,6196921698023970
"HSA_CORE_API","hsa_signal_wait_scacquire",2810675,2810675,841,6196921698024470,6196921702024565
"HSA_CORE_API","hsa_signal_wait_scacquire",2810675,2810675,842,6196921702025045,6196921706025139
"HSA_CORE_API","hsa_signal_wait_scacquire",2810675,2810675,843,6196921706025609,6196921710025714
"HSA_CORE_API","hsa_signal_wait_scacquire",2810675,2810675,844,6196921710026194,6196921714026289
"HSA_CORE_API","hsa_signal_wait_scacquire",2810675,2810675,845,6196921714026759,6196921718026853
"HSA_CORE_API","hsa_signal_wait_scacquire",2810675,2810675,846,6196921718027333,6196921722027428
"HSA_CORE_API","hsa_signal_wait_scacquire",2810675,2810675,847,6196921722027908,6196921726028003
"HSA_CORE_API","hsa_signal_wait_scacquire",2810675,2810675,848,6196921726029273,6196921730029377
"HSA_CORE_API","hsa_signal_wait_scacquire",2810675,2810675,849,6196921730029727,6196921734029822
"HSA_CORE_API","hsa_signal_wait_scacquire",2810675,2810675,850,6196921734030302,6196921738030397
"HSA_CORE_API","hsa_signal_wait_scacquire",2810675,2810675,851,6196921738030957,6196921742031061
"HSA_CORE_API","hsa_signal_wait_scacquire",2810675,2810675,852,6196921742031531,6196921746031626
"HSA_CORE_API","hsa_signal_wait_scacquire",2810675,2810675,853,6196921746032106,6196921750032201
"HSA_CORE_API","hsa_signal_wait_scacquire",2810675,2810675,854,6196921750032671,6196921754032765
"HSA_CORE_API","hsa_signal_wait_scacquire",2810675,2810675,855,6196921754033245,6196921758033350
"HSA_CORE_API","hsa_signal_wait_scacquire",2810675,2810675,856,6196921758033640,6196921762033735
"HSA_CORE_API","hsa_signal_wait_scacquire",2810675,2810675,857,6196921762034215,6196921766034310
"HSA_CORE_API","hsa_signal_wait_scacquire",2810675,2810675,858,6196921766034789,6196921770034884
"HSA_CORE_API","hsa_signal_wait_scacquire",2810675,2810675,859,6196921770035354,6196921774035459
"HSA_CORE_API","hsa_signal_wait_scacquire",2810675,2810675,860,6196921774035939,6196921778036064
"HSA_CORE_API","hsa_signal_wait_scacquire",2810675,2810675,861,6196921778036604,6196921782036698
"HSA_CORE_API","hsa_signal_wait_scacquire",2810675,2810675,862,6196921782037178,6196921786037283
"HSA_CORE_API","hsa_signal_wait_scacquire",2810675,2810675,863,6196921786037763,6196921790037858
"HSA_CORE_API","hsa_signal_wait_scacquire",2810675,2810675,864,6196921790038148,6196921794038242
"HSA_CORE_API","hsa_signal_wait_scacquire",2810675,2810675,865,6196921794038712,6196921798038817
"HSA_CORE_API","hsa_signal_wait_scacquire",2810675,2810675,866,6196921798039297,6196921802039392
"HSA_CORE_API","hsa_signal_wait_scacquire",2810675,2810675,867,6196921802039872,6196921806039986
"HSA_CORE_API","hsa_signal_wait_scacquire",2810675,2810675,868,6196921806040456,6196921810040551
"HSA_CORE_API","hsa_signal_wait_scacquire",2810675,2810675,869,6196921810041031,6196921814041126
"HSA_CORE_API","hsa_signal_wait_scacquire",2810675,2810675,870,6196921814041606,6196921818041700
"HSA_CORE_API","hsa_signal_wait_scacquire",2810675,2810675,871,6196921818042180,6196921822042275
"HSA_CORE_API","hsa_signal_wait_scacquire",2810675,2810675,872,6196921822042755,6196921826042850
"HSA_CORE_API","hsa_signal_wait_scacquire",2810675,2810675,873,6196921826043320,6196921830043414
"HSA_CORE_API","hsa_signal_wait_scacquire",2810675,2810675,874,6196921830043894,6196921834043989
"HSA_CORE_API","hsa_signal_wait_scacquire",2810675,2810675,875,6196921834044279,6196921838044374
"HSA_CORE_API","hsa_signal_wait_scacquire",2810675,2810675,876,6196921838044854,6196921842044948
"HSA_CORE_API","hsa_signal_wait_scacquire",2810675,2810675,877,6196921842045428,6196921846045523
"HSA_CORE_API","hsa_signal_wait_scacquire",2810675,2810675,878,6196921846046003,6196921850046098
"HSA_CORE_API","hsa_signal_wait_scacquire",2810675,2810675,879,6196921850046578,6196921854046672
"HSA_CORE_API","hsa_signal_wait_scacquire",2810675,2810675,880,6196921854047152,6196921858047247
"HSA_CORE_API","hsa_signal_wait_scacquire",2810675,2810675,881,6196921858047537,6196921862047632
"HSA_CORE_API","hsa_signal_wait_scacquire",2810675,2810675,882,6196921862048102,6196921866048196
"HSA_CORE_API","hsa_signal_wait_scacquire",2810675,2810675,883,6196921866048676,6196921870048791
"HSA_CORE_API","hsa_signal_wait_scacquire",2810675,2810675,884,6196921870049281,6196921874049376
"HSA_CORE_API","hsa_signal_wait_scacquire",2810675,2810675,885,6196921874049666,6196921878049760
"HSA_CORE_API","hsa_signal_wait_scacquire",2810675,2810675,886,6196921878050240,6196921882050335
"HSA_CORE_API","hsa_signal_wait_scacquire",2810675,2810675,887,6196921882050815,6196921886050910
"HSA_CORE_API","hsa_signal_wait_scacquire",2810675,2810675,888,6196921886051390,6196921890051484
"HSA_CORE_API","hsa_signal_wait_scacquire",2810675,2810675,889,6196921890051964,6196921894052059
"HSA_CORE_API","hsa_signal_wait_scacquire",2810675,2810675,890,6196921894052539,6196921898052644
"HSA_CORE_API","hsa_signal_wait_scacquire",2810675,2810675,891,6196921898053124,6196921902053218
"HSA_CORE_API","hsa_signal_wait_scacquire",2810675,2810675,892,6196921902053698,6196921906053793
"HSA_CORE_API","hsa_signal_wait_scacquire",2810675,2810675,893,6196921906054273,6196921910054368
"HSA_CORE_API","hsa_signal_wait_scacquire",2810675,2810675,894,6196921910054848,6196921914054952
"HSA_CORE_API","hsa_signal_wait_scacquire",2810675,2810675,895,6196921914055422,6196921918055537
"HSA_CORE_API","hsa_signal_wait_scacquire",2810675,2810675,896,6196921918056027,6196921922056122
"HSA_CORE_API","hsa_signal_wait_scacquire",2810675,2810675,897,6196921922056802,6196921926056907
"HSA_CORE_API","hsa_signal_wait_scacquire",2810675,2810675,898,6196921926057977,6196921930058071
"HSA_CORE_API","hsa_signal_wait_scacquire",2810675,2810675,899,6196921930058361,6196921934058456
"HSA_CORE_API","hsa_signal_wait_scacquire",2810675,2810675,900,6196921934058936,6196921938059031
"HSA_CORE_API","hsa_signal_wait_scacquire",2810675,2810675,901,6196921938059511,6196921942060455
"HSA_CORE_API","hsa_signal_wait_scacquire",2810675,2810675,902,6196921942068835,6196921946069570
"HSA_CORE_API","hsa_signal_wait_scacquire",2810675,2810675,903,6196921946069860,6196921950069964
"HSA_CORE_API","hsa_signal_wait_scacquire",2810675,2810675,904,6196921950070254,6196921954070349
"HSA_CORE_API","hsa_signal_wait_scacquire",2810675,2810675,905,6196921954070819,6196921958070914
"HSA_CORE_API","hsa_signal_wait_scacquire",2810675,2810675,906,6196921958071214,6196921962071298
"HSA_CORE_API","hsa_signal_wait_scacquire",2810675,2810675,907,6196921962071778,6196921966071883
"HSA_CORE_API","hsa_signal_wait_scacquire",2810675,2810675,908,6196921966072173,6196921970072278
"HSA_CORE_API","hsa_signal_wait_scacquire",2810675,2810675,909,6196921970072748,6196921974072842
"HSA_CORE_API","hsa_signal_wait_scacquire",2810675,2810675,910,6196921974073322,6196921978073417
"HSA_CORE_API","hsa_signal_wait_scacquire",2810675,2810675,911,6196921978073897,6196921982073992
"HSA_CORE_API","hsa_signal_wait_scacquire",2810675,2810675,912,6196921982074462,6196921986074556
"HSA_CORE_API","hsa_signal_wait_scacquire",2810675,2810675,913,6196921986075026,6196921990075121
"HSA_CORE_API","hsa_signal_wait_scacquire",2810675,2810675,914,6196921990075601,6196921994075696
"HSA_CORE_API","hsa_signal_wait_scacquire",2810675,2810675,915,6196921994076176,6196921998076280
"HSA_CORE_API","hsa_signal_wait_scacquire",2810675,2810675,916,6196921998076750,6196922002076845
"HSA_CORE_API","hsa_signal_wait_scacquire",2810675,2810675,917,6196922002077325,6196922006077420
"HSA_CORE_API","hsa_signal_wait_scacquire",2810675,2810675,918,6196922006077900,6196922010077995
"HSA_CORE_API","hsa_signal_wait_scacquire",2810675,2810675,919,6196922010078284,6196922014078389
"HSA_CORE_API","hsa_signal_wait_scacquire",2810675,2810675,920,6196922014078859,6196922018078954
"HSA_CORE_API","hsa_signal_wait_scacquire",2810675,2810675,921,6196922018079424,6196922022079519
"HSA_CORE_API","hsa_signal_wait_scacquire",2810675,2810675,922,6196922022080409,6196922026080513
"HSA_CORE_API","hsa_signal_wait_scacquire",2810675,2810675,923,6196922026080803,6196922030080918
"HSA_CORE_API","hsa_signal_wait_scacquire",2810675,2810675,924,6196922030081478,6196922034081583
"HSA_CORE_API","hsa_signal_wait_scacquire",2810675,2810675,925,6196922034082063,6196922038082157
"HSA_CORE_API","hsa_signal_wait_scacquire",2810675,2810675,926,6196922038082637,6196922042082732
"HSA_CORE_API","hsa_signal_wait_scacquire",2810675,2810675,927,6196922042083202,6196922046083307
"HSA_CORE_API","hsa_signal_wait_scacquire",2810675,2810675,928,6196922046083777,6196922050083871
"HSA_CORE_API","hsa_signal_wait_scacquire",2810675,2810675,929,6196922050084341,6196922054084436
"HSA_CORE_API","hsa_signal_wait_scacquire",2810675,2810675,930,6196922054084916,6196922058085021
"HSA_CORE_API","hsa_signal_wait_scacquire",2810675,2810675,931,6196922058085311,6196922062085405
"HSA_CORE_API","hsa_signal_wait_scacquire",2810675,2810675,932,6196922062085875,6196922066085970
"HSA_CORE_API","hsa_signal_wait_scacquire",2810675,2810675,933,6196922066086440,6196922070086535
"HSA_CORE_API","hsa_signal_wait_scacquire",2810675,2810675,934,6196922070087005,6196922074087099
"HSA_CORE_API","hsa_signal_wait_scacquire",2810675,2810675,935,6196922074087389,6196922078087484
"HSA_CORE_API","hsa_signal_wait_scacquire",2810675,2810675,936,6196922078087964,6196922082088059
"HSA_CORE_API","hsa_signal_wait_scacquire",2810675,2810675,937,6196922082088529,6196922086088623
"HSA_CORE_API","hsa_signal_wait_scacquire",2810675,2810675,938,6196922086089093,6196922090089188
"HSA_CORE_API","hsa_signal_wait_scacquire",2810675,2810675,939,6196922090089668,6196922094089773
"HSA_CORE_API","hsa_signal_wait_scacquire",2810675,2810675,940,6196922094090243,6196922098090338
"HSA_CORE_API","hsa_signal_wait_scacquire",2810675,2810675,941,6196922098090817,6196922102090912
"HSA_CORE_API","hsa_signal_wait_scacquire",2810675,2810675,942,6196922102091382,6196922106091477
"HSA_CORE_API","hsa_signal_wait_scacquire",2810675,2810675,943,6196922106091947,6196922110092042
"HSA_CORE_API","hsa_signal_wait_scacquire",2810675,2810675,944,6196922110092512,6196922114092606
"HSA_CORE_API","hsa_signal_wait_scacquire",2810675,2810675,945,6196922114093086,6196922118093181
"HSA_CORE_API","hsa_signal_wait_scacquire",2810675,2810675,946,6196922118093661,6196922122093756
"HSA_CORE_API","hsa_signal_wait_scacquire",2810675,2810675,947,6196922122094226,6196922126094320
"HSA_CORE_API","hsa_signal_wait_scacquire",2810675,2810675,948,6196922126094790,6196922130094885
"HSA_CORE_API","hsa_signal_wait_scacquire",2810675,2810675,949,6196922130095425,6196922134095530
"HSA_CORE_API","hsa_signal_wait_scacquire",2810675,2810675,950,6196922134096000,6196922138096094
"HSA_CORE_API","hsa_signal_wait_scacquire",2810675,2810675,951,6196922138096394,6196922142096499
"HSA_CORE_API","hsa_signal_wait_scacquire",2810675,2810675,952,6196922142096969,6196922146097074
"HSA_CORE_API","hsa_signal_wait_scacquire",2810675,2810675,953,6196922146097544,6196922150097648
"HSA_CORE_API","hsa_signal_wait_scacquire",2810675,2810675,954,6196922150098128,6196922154098223
"HSA_CORE_API","hsa_signal_wait_scacquire",2810675,2810675,955,6196922154098703,6196922158098798
"HSA_CORE_API","hsa_signal_wait_scacquire",2810675,2810675,956,6196922158099098,6196922162099192
"HSA_CORE_API","hsa_signal_wait_scacquire",2810675,2810675,957,6196922162099672,6196922166099767
"HSA_CORE_API","hsa_signal_wait_scacquire",2810675,2810675,958,6196922166100247,6196922170100342
"HSA_CORE_API","hsa_signal_wait_scacquire",2810675,2810675,959,6196922170100822,6196922174100906
"HSA_CORE_API","hsa_signal_wait_scacquire",2810675,2810675,960,6196922174101386,6196922178101481
"HSA_CORE_API","hsa_signal_wait_scacquire",2810675,2810675,961,6196922178133990,6196922182134105
"HSA_CORE_API","hsa_signal_wait_scacquire",2810675,2810675,962,6196922182135535,6196922186135629
"HSA_CORE_API","hsa_signal_wait_scacquire",2810675,2810675,963,6196922186135919,6196922190136014
"HSA_CORE_API","hsa_signal_wait_scacquire",2810675,2810675,964,6196922190136494,6196922194136589
"HSA_CORE_API","hsa_signal_wait_scacquire",2810675,2810675,965,6196922194137069,6196922198137163
"HSA_CORE_API","hsa_signal_wait_scacquire",2810675,2810675,966,6196922198137463,6196922202137558
"HSA_CORE_API","hsa_signal_wait_scacquire",2810675,2810675,967,6196922202138038,6196922206138133
"HSA_CORE_API","hsa_signal_wait_scacquire",2810675,2810675,968,6196922206138613,6196922210138707
"HSA_CORE_API","hsa_signal_wait_scacquire",2810675,2810675,969,6196922210139187,6196922214139282
"HSA_CORE_API","hsa_signal_wait_scacquire",2810675,2810675,970,6196922214139762,6196922218139857
"HSA_CORE_API","hsa_signal_wait_scacquire",2810675,2810675,971,6196922218140337,6196922222140432
"HSA_CORE_API","hsa_signal_wait_scacquire",2810675,2810675,972,6196922222140901,6196922226140996
"HSA_CORE_API","hsa_signal_wait_scacquire",2810675,2810675,973,6196922226141526,6196922230141641
"HSA_CORE_API","hsa_signal_wait_scacquire",2810675,2810675,974,6196922230142131,6196922234142226
"HSA_CORE_API","hsa_signal_wait_scacquire",2810675,2810675,975,6196922234142706,6196922238142810
"HSA_CORE_API","hsa_signal_wait_scacquire",2810675,2810675,976,6196922238143290,6196922242143375
"HSA_CORE_API","hsa_signal_wait_scacquire",2810675,2810675,977,6196922242143855,6196922246143950
"HSA_CORE_API","hsa_signal_wait_scacquire",2810675,2810675,978,6196922246144420,6196922250144524
"HSA_CORE_API","hsa_signal_wait_scacquire",2810675,2810675,979,6196922250145004,6196922254145099
"HSA_CORE_API","hsa_signal_wait_scacquire",2810675,2810675,980,6196922254145579,6196922258145684
"HSA_CORE_API","hsa_signal_wait_scacquire",2810675,2810675,981,6196922258145974,6196922262146068
"HSA_CORE_API","hsa_signal_wait_scacquire",2810675,2810675,982,6196922262146368,6196922266146463
"HSA_CORE_API","hsa_signal_wait_scacquire",2810675,2810675,983,6196922266146933,6196922270147038
"HSA_CORE_API","hsa_signal_wait_scacquire",2810675,2810675,984,6196922270147328,6196922274147422
"HSA_CORE_API","hsa_signal_wait_scacquire",2810675,2810675,985,6196922274147892,6196922278147987
"HSA_CORE_API","hsa_signal_wait_scacquire",2810675,2810675,986,6196922278148457,6196922282148552
"HSA_CORE_API","hsa_signal_wait_scacquire",2810675,2810675,987,6196922282149022,6196922286149116
"HSA_CORE_API","hsa_signal_wait_scacquire",2810675,2810675,988,6196922286149686,6196922290149781
"HSA_CORE_API","hsa_signal_wait_scacquire",2810675,2810675,989,6196922290150251,6196922294150366
"HSA_CORE_API","hsa_signal_wait_scacquire",2810675,2810675,990,6196922294151016,6196922298151120
"HSA_CORE_API","hsa_signal_wait_scacquire",2810675,2810675,991,6196922298153990,6196922302154085
"HSA_CORE_API","hsa_signal_wait_scacquire",2810675,2810675,992,6196922302154525,6196922306154630
"HSA_CORE_API","hsa_signal_wait_scacquire",2810675,2810675,993,6196922306155150,6196922310155244
"HSA_CORE_API","hsa_signal_wait_scacquire",2810675,2810675,994,6196922310155724,6196922314155629
"HSA_CORE_API","hsa_signal_wait_scacquire",2810675,2810675,995,6196922314156099,6196922318156204
"HSA_CORE_API","hsa_signal_wait_scacquire",2810675,2810675,996,6196922318156684,6196922322156778
"HSA_CORE_API","hsa_signal_wait_scacquire",2810675,2810675,997,6196922322157248,6196922326157343
"HSA_CORE_API","hsa_signal_wait_scacquire",2810675,2810675,998,6196922326157823,6196922330157918
"HSA_CORE_API","hsa_signal_wait_scacquire",2810675,2810675,999,6196922330158398,6196922334158492
"HSA_CORE_API","hsa_signal_wait_scacquire",2810675,2810675,1000,6196922334158962,6196922338159047
"HSA_CORE_API","hsa_signal_wait_scacquire",2810675,2810675,1001,6196922338159587,6196922342159702
"HSA_CORE_API","hsa_signal_wait_scacquire",2810675,2810675,1002,6196922342159992,6196922346160097
"HSA_CORE_API","hsa_signal_wait_scacquire",2810675,2810675,1003,6196922346160566,6196922350160661
"HSA_CORE_API","hsa_signal_wait_scacquire",2810675,2810675,1004,6196922350161131,6196922354161226
"HSA_CORE_API","hsa_signal_wait_scacquire",2810675,2810675,1005,6196922354161706,6196922358161801
"HSA_CORE_API","hsa_signal_wait_scacquire",2810675,2810675,1006,6196922358162101,6196922362162195
"HSA_CORE_API","hsa_signal_wait_scacquire",2810675,2810675,1007,6196922362162665,6196922366162760
"HSA_CORE_API","hsa_signal_wait_scacquire",2810675,2810675,1008,6196922366163240,6196922370163335
"HSA_CORE_API","hsa_signal_wait_scacquire",2810675,2810675,1009,6196922370163805,6196922374163899
"HSA_CORE_API","hsa_signal_wait_scacquire",2810675,2810675,1010,6196922374164369,6196922378164464
"HSA_CORE_API","hsa_signal_wait_scacquire",2810675,2810675,1011,6196922378164944,6196922382165039
"HSA_CORE_API","hsa_signal_wait_scacquire",2810675,2810675,1012,6196922382165509,6196922386165603
"HSA_CORE_API","hsa_signal_wait_scacquire",2810675,2810675,1013,6196922386166073,6196922390166178
"HSA_CORE_API","hsa_signal_wait_scacquire",2810675,2810675,1014,6196922390166468,6196922394166563
"HSA_CORE_API","hsa_signal_wait_scacquire",2810675,2810675,1015,6196922394167043,6196922398167137
"HSA_CORE_API","hsa_signal_wait_scacquire",2810675,2810675,1016,6196922398167607,6196922402167702
"HSA_CORE_API","hsa_signal_wait_scacquire",2810675,2810675,1017,6196922402168182,6196922406168277
"HSA_CORE_API","hsa_signal_wait_scacquire",2810675,2810675,1018,6196922406168747,6196922410168851
"HSA_CORE_API","hsa_signal_wait_scacquire",2810675,2810675,1019,6196922410169331,6196922414169426
"HSA_CORE_API","hsa_signal_wait_scacquire",2810675,2810675,1020,6196922414169986,6196922418169921
"HSA_CORE_API","hsa_signal_wait_scacquire",2810675,2810675,1021,6196922418170411,6196922422170505
"HSA_CORE_API","hsa_signal_wait_scacquire",2810675,2810675,1022,6196922422170985,6196922426171080
"HSA_CORE_API","hsa_signal_wait_scacquire",2810675,2810675,1023,6196922426171560,6196922430171655
"HSA_CORE_API","hsa_signal_wait_scacquire",2810675,2810675,1024,6196922430172215,6196922434172320
"HSA_CORE_API","hsa_signal_wait_scacquire",2810675,2810675,1025,6196922434173529,6196922438173624
"HSA_CORE_API","hsa_signal_wait_scacquire",2810675,2810675,1026,6196922438176064,6196922442176169
"HSA_CORE_API","hsa_signal_wait_scacquire",2810675,2810675,1027,6196922442176469,6196922446176563
"HSA_CORE_API","hsa_signal_wait_scacquire",2810675,2810675,1028,6196922446177043,6196922450177138
"HSA_CORE_API","hsa_signal_wait_scacquire",2810675,2810675,1029,6196922450177618,6196922454177753
"HSA_CORE_API","hsa_signal_wait_scacquire",2810675,2810675,1030,6196922454178063,6196922458178167
"HSA_CORE_API","hsa_signal_wait_scacquire",2810675,2810675,1031,6196922458178467,6196922462178562
"HSA_CORE_API","hsa_signal_wait_scacquire",2810675,2810675,1032,6196922462179042,6196922466178977
"HSA_CORE_API","hsa_signal_wait_scacquire",2810675,2810675,1033,6196922466179457,6196922470179552
"HSA_CORE_API","hsa_signal_wait_scacquire",2810675,2810675,1034,6196922470179852,6196922474179946
"HSA_CORE_API","hsa_signal_wait_scacquire",2810675,2810675,1035,6196922474180416,6196922478180511
"HSA_CORE_API","hsa_signal_wait_scacquire",2810675,2810675,1036,6196922478180981,6196922482181086
"HSA_CORE_API","hsa_signal_wait_scacquire",2810675,2810675,1037,6196922482181566,6196922486181660
"HSA_CORE_API","hsa_signal_wait_scacquire",2810675,2810675,1038,6196922486182140,6196922490182245
"HSA_CORE_API","hsa_signal_wait_scacquire",2810675,2810675,1039,6196922490182725,6196922494182820
"HSA_CORE_API","hsa_signal_wait_scacquire",2810675,2810675,1040,6196922494183300,6196922498183404
"HSA_CORE_API","hsa_signal_wait_scacquire",2810675,2810675,1041,6196922498183874,6196922502183979
"HSA_CORE_API","hsa_signal_wait_scacquire",2810675,2810675,1042,6196922502184449,6196922506184544
"HSA_CORE_API","hsa_signal_wait_scacquire",2810675,2810675,1043,6196922506185024,6196922510185128
"HSA_CORE_API","hsa_signal_wait_scacquire",2810675,2810675,1044,6196922510185408,6196922514185503
"HSA_CORE_API","hsa_signal_wait_scacquire",2810675,2810675,1045,6196922514185983,6196922518185928
"HSA_CORE_API","hsa_signal_wait_scacquire",2810675,2810675,1046,6196922518186398,6196922522186512
"HSA_CORE_API","hsa_signal_wait_scacquire",2810675,2810675,1047,6196922522186802,6196922526186897
"HSA_CORE_API","hsa_signal_wait_scacquire",2810675,2810675,1048,6196922526187377,6196922530187472
"HSA_CORE_API","hsa_signal_wait_scacquire",2810675,2810675,1049,6196922530187952,6196922534188046
"HSA_CORE_API","hsa_signal_wait_scacquire",2810675,2810675,1050,6196922534188546,6196922538188641
"HSA_CORE_API","hsa_signal_wait_scacquire",2810675,2810675,1051,6196922538189121,6196922542189216
"HSA_CORE_API","hsa_signal_wait_scacquire",2810675,2810675,1052,6196922542189696,6196922546189790
"HSA_CORE_API","hsa_signal_wait_scacquire",2810675,2810675,1053,6196922546190270,6196922550190365
"HSA_CORE_API","hsa_signal_wait_scacquire",2810675,2810675,1054,6196922550190855,6196922554190950
"HSA_CORE_API","hsa_signal_wait_scacquire",2810675,2810675,1055,6196922554192110,6196922558192214
"HSA_CORE_API","hsa_signal_wait_scacquire",2810675,2810675,1056,6196922558192504,6196922562192609
"HSA_CORE_API","hsa_signal_wait_scacquire",2810675,2810675,1057,6196922562193079,6196922566193184
"HSA_CORE_API","hsa_signal_wait_scacquire",2810675,2810675,1058,6196922566193474,6196922570193568
"HSA_CORE_API","hsa_signal_wait_scacquire",2810675,2810675,1059,6196922570194048,6196922574194153
"HSA_CORE_API","hsa_signal_wait_scacquire",2810675,2810675,1060,6196922574194633,6196922578194728
"HSA_CORE_API","hsa_signal_wait_scacquire",2810675,2810675,1061,6196922578195298,6196922582195392
"HSA_CORE_API","hsa_signal_wait_scacquire",2810675,2810675,1062,6196922582195772,6196922586195897
"HSA_CORE_API","hsa_signal_wait_scacquire",2810675,2810675,1063,6196922586196387,6196922590196492
"HSA_CORE_API","hsa_signal_wait_scacquire",2810675,2810675,1064,6196922590196962,6196922594197057
"HSA_CORE_API","hsa_signal_wait_scacquire",2810675,2810675,1065,6196922594197537,6196922598197631
"HSA_CORE_API","hsa_signal_wait_scacquire",2810675,2810675,1066,6196922598198111,6196922602198206
"HSA_CORE_API","hsa_signal_wait_scacquire",2810675,2810675,1067,6196922602198686,6196922606198781
"HSA_CORE_API","hsa_signal_wait_scacquire",2810675,2810675,1068,6196922606199261,6196922610199355
"HSA_CORE_API","hsa_signal_wait_scacquire",2810675,2810675,1069,6196922610199825,6196922614199920
"HSA_CORE_API","hsa_signal_wait_scacquire",2810675,2810675,1070,6196922614200220,6196922618200335
"HSA_CORE_API","hsa_signal_wait_scacquire",2810675,2810675,1071,6196922618200815,6196922622200919
"HSA_CORE_API","hsa_signal_wait_scacquire",2810675,2810675,1072,6196922622201399,6196922626201494
"HSA_CORE_API","hsa_signal_wait_scacquire",2810675,2810675,1073,6196922626201964,6196922630202069
"HSA_CORE_API","hsa_signal_wait_scacquire",2810675,2810675,1074,6196922630202549,6196922634202643
"HSA_CORE_API","hsa_signal_wait_scacquire",2810675,2810675,1075,6196922634203123,6196922638203218
"HSA_CORE_API","hsa_signal_wait_scacquire",2810675,2810675,1076,6196922638203698,6196922642203793
"HSA_CORE_API","hsa_signal_wait_scacquire",2810675,2810675,1077,6196922642204273,6196922646204387
"HSA_CORE_API","hsa_signal_wait_scacquire",2810675,2810675,1078,6196922646204697,6196922650204792
"HSA_CORE_API","hsa_signal_wait_scacquire",2810675,2810675,1079,6196922650205082,6196922654205177
"HSA_CORE_API","hsa_signal_wait_scacquire",2810675,2810675,1080,6196922654205657,6196922658205561
"HSA_CORE_API","hsa_signal_wait_scacquire",2810675,2810675,1081,6196922658206031,6196922662206126
"HSA_CORE_API","hsa_signal_wait_scacquire",2810675,2810675,1082,6196922662206416,6196922666206511
"HSA_CORE_API","hsa_signal_wait_scacquire",2810675,2810675,1083,6196922666206991,6196922670207085
"HSA_CORE_API","hsa_signal_wait_scacquire",2810675,2810675,1084,6196922670207565,6196922674207660
"HSA_CORE_API","hsa_signal_wait_scacquire",2810675,2810675,1085,6196922674208130,6196922678208215
"HSA_CORE_API","hsa_signal_wait_scacquire",2810675,2810675,1086,6196922678208695,6196922682208809
"HSA_CORE_API","hsa_signal_wait_scacquire",2810675,2810675,1087,6196922682209099,6196922686209194
"HSA_CORE_API","hsa_signal_wait_scacquire",2810675,2810675,1088,6196922686209664,6196922690209769
"HSA_CORE_API","hsa_signal_wait_scacquire",2810675,2810675,1089,6196922690211029,6196922694211134
"HSA_CORE_API","hsa_signal_wait_scacquire",2810675,2810675,1090,6196922694213384,6196922698213478
"HSA_CORE_API","hsa_signal_wait_scacquire",2810675,2810675,1091,6196922698214118,6196922702214223
"HSA_CORE_API","hsa_signal_wait_scacquire",2810675,2810675,1092,6196922702214513,6196922706214598
"HSA_CORE_API","hsa_signal_wait_scacquire",2810675,2810675,1093,6196922706215078,6196922710215192
"HSA_CORE_API","hsa_signal_wait_scacquire",2810675,2810675,1094,6196922710215502,6196922714215607
"HSA_CORE_API","hsa_signal_wait_scacquire",2810675,2810675,1095,6196922714215897,6196922718216012
"HSA_CORE_API","hsa_signal_wait_scacquire",2810675,2810675,1096,6196922718216492,6196922722216586
"HSA_CORE_API","hsa_signal_wait_scacquire",2810675,2810675,1097,6196922722217056,6196922726217141
"HSA_CORE_API","hsa_signal_wait_scacquire",2810675,2810675,1098,6196922726217651,6196922730217736
"HSA_CORE_API","hsa_signal_wait_scacquire",2810675,2810675,1099,6196922730218616,6196922734218720
"HSA_CORE_API","hsa_signal_wait_scacquire",2810675,2810675,1100,6196922734219200,6196922738219305
"HSA_CORE_API","hsa_signal_wait_scacquire",2810675,2810675,1101,6196922738219795,6196922742219890
"HSA_CORE_API","hsa_signal_wait_scacquire",2810675,2810675,1102,6196922742220350,6196922746220454
"HSA_CORE_API","hsa_signal_wait_scacquire",2810675,2810675,1103,6196922746221614,6196922750221709
"HSA_CORE_API","hsa_signal_wait_scacquire",2810675,2810675,1104,6196922750222689,6196922754222774
"HSA_CORE_API","hsa_signal_wait_scacquire",2810675,2810675,1105,6196922754223254,6196922758223358
"HSA_CORE_API","hsa_signal_wait_scacquire",2810675,2810675,1106,6196922758223668,6196922762223753
"HSA_CORE_API","hsa_signal_wait_scacquire",2810675,2810675,1107,6196922762224223,6196922766224318
"HSA_CORE_API","hsa_signal_wait_scacquire",2810675,2810675,1108,6196922766224608,6196922770224702
"HSA_CORE_API","hsa_signal_wait_scacquire",2810675,2810675,1109,6196922770225182,6196922774225277
"HSA_CORE_API","hsa_signal_wait_scacquire",2810675,2810675,1110,6196922774225747,6196922778225832
"HSA_CORE_API","hsa_signal_wait_scacquire",2810675,2810675,1111,6196922778226312,6196922782226407
"HSA_CORE_API","hsa_signal_wait_scacquire",2810675,2810675,1112,6196922782227186,6196922786227441
"HSA_CORE_API","hsa_signal_wait_scacquire",2810675,2810675,1113,6196922786228501,6196922790228596
"HSA_CORE_API","hsa_signal_wait_scacquire",2810675,2810675,1114,6196922790229066,6196922794229170
"HSA_CORE_API","hsa_signal_wait_scacquire",2810675,2810675,1115,6196922794229640,6196922798229745
"HSA_CORE_API","hsa_signal_wait_scacquire",2810675,2810675,1116,6196922798230215,6196922802230360
"HSA_CORE_API","hsa_signal_wait_scacquire",2810675,2810675,1117,6196922802230830,6196922806230945
"HSA_CORE_API","hsa_signal_wait_scacquire",2810675,2810675,1118,6196922806231954,6196922810232049
"HSA_CORE_API","hsa_signal_wait_scacquire",2810675,2810675,1119,6196922810232529,6196922814232434
"HSA_CORE_API","hsa_signal_wait_scacquire",2810675,2810675,1120,6196922814233004,6196922818233109
"HSA_CORE_API","hsa_signal_wait_scacquire",2810675,2810675,1121,6196922818233579,6196922822233683
"HSA_CORE_API","hsa_signal_wait_scacquire",2810675,2810675,1122,6196922822234153,6196922826234248
"HSA_CORE_API","hsa_signal_wait_scacquire",2810675,2810675,1123,6196922826234538,6196922830234643
"HSA_CORE_API","hsa_signal_wait_scacquire",2810675,2810675,1124,6196922830235453,6196922834235357
"HSA_CORE_API","hsa_signal_wait_scacquire",2810675,2810675,1125,6196922834235967,6196922838236082
"HSA_CORE_API","hsa_signal_wait_scacquire",2810675,2810675,1126,6196922838236902,6196922842237167
"HSA_CORE_API","hsa_signal_wait_scacquire",2810675,2810675,1127,6196922842237457,6196922846237571
"HSA_CORE_API","hsa_signal_wait_scacquire",2810675,2810675,1128,6196922846238801,6196922850238896
"HSA_CORE_API","hsa_signal_wait_scacquire",2810675,2810675,1129,6196922850239356,6196922854239471
"HSA_CORE_API","hsa_signal_wait_scacquire",2810675,2810675,1130,6196922854242931,6196922858243025
"HSA_CORE_API","hsa_signal_wait_scacquire",2810675,2810675,1131,6196922858243325,6196922862243420
"HSA_CORE_API","hsa_signal_wait_scacquire",2810675,2810675,1132,6196922862243890,6196922866243985
"HSA_CORE_API","hsa_signal_wait_scacquire",2810675,2810675,1133,6196922866244445,6196922870244540
"HSA_CORE_API","hsa_signal_wait_scacquire",2810675,2810675,1134,6196922870244920,6196922874245014
"HSA_CORE_API","hsa_signal_wait_scacquire",2810675,2810675,1135,6196922874245484,6196922878245589
"HSA_CORE_API","hsa_signal_wait_scacquire",2810675,2810675,1136,6196922878246069,6196922882246164
"HSA_CORE_API","hsa_signal_wait_scacquire",2810675,2810675,1137,6196922882246704,6196922886246818
"HSA_CORE_API","hsa_signal_wait_scacquire",2810675,2810675,1138,6196922886247298,6196922890247383
"HSA_CORE_API","hsa_signal_wait_scacquire",2810675,2810675,1139,6196922890247863,6196922894247978
"HSA_CORE_API","hsa_signal_wait_scacquire",2810675,2810675,1140,6196922894248278,6196922898248372
"HSA_CORE_API","hsa_signal_wait_scacquire",2810675,2810675,1141,6196922898248842,6196922902248937
"HSA_CORE_API","hsa_signal_wait_scacquire",2810675,2810675,1142,6196922902249407,6196922906249492
"HSA_CORE_API","hsa_signal_wait_scacquire",2810675,2810675,1143,6196922906249962,6196922910250066
"HSA_CORE_API","hsa_signal_wait_scacquire",2810675,2810675,1144,6196922910250536,6196922914250621
"HSA_CORE_API","hsa_signal_wait_scacquire",2810675,2810675,1145,6196922914251091,6196922918251206
"HSA_CORE_API","hsa_signal_wait_scacquire",2810675,2810675,1146,6196922918251676,6196922922251780
"HSA_CORE_API","hsa_signal_wait_scacquire",2810675,2810675,1147,6196922922252260,6196922926252345
"HSA_CORE_API","hsa_signal_wait_scacquire",2810675,2810675,1148,6196922926252825,6196922930252940
"HSA_CORE_API","hsa_signal_wait_scacquire",2810675,2810675,1149,6196922930253670,6196922934253775
"HSA_CORE_API","hsa_signal_wait_scacquire",2810675,2810675,1150,6196922934254255,6196922938254349
"HSA_CORE_API","hsa_signal_wait_scacquire",2810675,2810675,1151,6196922938254819,6196922942254914
"HSA_CORE_API","hsa_signal_wait_scacquire",2810675,2810675,1152,6196922942255384,6196922946255469
"HSA_CORE_API","hsa_signal_wait_scacquire",2810675,2810675,1153,6196922946256189,6196922950256283
"HSA_CORE_API","hsa_signal_wait_scacquire",2810675,2810675,1154,6196922950261033,6196922954261128
"HSA_CORE_API","hsa_signal_wait_scacquire",2810675,2810675,1155,6196922954261418,6196922958261522
"HSA_CORE_API","hsa_signal_wait_scacquire",2810675,2810675,1156,6196922958261812,6196922962261907
"HSA_CORE_API","hsa_signal_wait_scacquire",2810675,2810675,1157,6196922962262207,6196922966262112
"HSA_CORE_API","hsa_signal_wait_scacquire",2810675,2810675,1158,6196922966262582,6196922970262686
"HSA_CORE_API","hsa_signal_wait_scacquire",2810675,2810675,1159,6196922970263166,6196922974263261
"HSA_CORE_API","hsa_signal_wait_scacquire",2810675,2810675,1160,6196922974263731,6196922978263826
"HSA_CORE_API","hsa_signal_wait_scacquire",2810675,2810675,1161,6196922978264306,6196922982264400
"HSA_CORE_API","hsa_signal_wait_scacquire",2810675,2810675,1162,6196922982264870,6196922986264965
"HSA_CORE_API","hsa_signal_wait_scacquire",2810675,2810675,1163,6196922986265445,6196922990265530
"HSA_CORE_API","hsa_signal_wait_scacquire",2810675,2810675,1164,6196922990266380,6196922994266475
"HSA_CORE_API","hsa_signal_wait_scacquire",2810675,2810675,1165,6196922994267085,6196922998267049
"HSA_CORE_API","hsa_signal_wait_scacquire",2810675,2810675,1166,6196922998267509,6196923002267614
"HSA_CORE_API","hsa_signal_wait_scacquire",2810675,2810675,1167,6196923002267904,6196923006268009
"HSA_CORE_API","hsa_signal_wait_scacquire",2810675,2810675,1168,6196923006268629,6196923010268723
"HSA_CORE_API","hsa_signal_wait_scacquire",2810675,2810675,1169,6196923010269203,6196923014269298
"HSA_CORE_API","hsa_signal_wait_scacquire",2810675,2810675,1170,6196923014269968,6196923018270063
"HSA_CORE_API","hsa_signal_wait_scacquire",2810675,2810675,1171,6196923018270363,6196923022270457
"HSA_CORE_API","hsa_signal_wait_scacquire",2810675,2810675,1172,6196923022271537,6196923026271632
"HSA_CORE_API","hsa_signal_wait_scacquire",2810675,2810675,1173,6196923026272112,6196923030272207
"HSA_CORE_API","hsa_signal_wait_scacquire",2810675,2810675,1174,6196923030273067,6196923034273161
"HSA_CORE_API","hsa_signal_wait_scacquire",2810675,2810675,1175,6196923034273631,6196923038273716
"HSA_CORE_API","hsa_signal_wait_scacquire",2810675,2810675,1176,6196923038274196,6196923042274281
"HSA_CORE_API","hsa_signal_wait_scacquire",2810675,2810675,1177,6196923042274751,6196923046274846
"HSA_CORE_API","hsa_signal_wait_scacquire",2810675,2810675,1178,6196923046275316,6196923050275410
"HSA_CORE_API","hsa_signal_wait_scacquire",2810675,2810675,1179,6196923050275890,6196923054275975
"HSA_CORE_API","hsa_signal_wait_scacquire",2810675,2810675,1180,6196923054276455,6196923058276550
"HSA_CORE_API","hsa_signal_wait_scacquire",2810675,2810675,1181,6196923058276850,6196923062276944
"HSA_CORE_API","hsa_signal_wait_scacquire",2810675,2810675,1182,6196923062277414,6196923066277509
"HSA_CORE_API","hsa_signal_wait_scacquire",2810675,2810675,1183,6196923066277989,6196923070278074
"HSA_CORE_API","hsa_signal_wait_scacquire",2810675,2810675,1184,6196923070278574,6196923074278678
"HSA_CORE_API","hsa_signal_wait_scacquire",2810675,2810675,1185,6196923074279148,6196923078279243
"HSA_CORE_API","hsa_signal_wait_scacquire",2810675,2810675,1186,6196923078279933,6196923082280018
"HSA_CORE_API","hsa_signal_wait_scacquire",2810675,2810675,1187,6196923082280308,6196923086280392
"HSA_CORE_API","hsa_signal_wait_scacquire",2810675,2810675,1188,6196923086280872,6196923090280967
"HSA_CORE_API","hsa_signal_wait_scacquire",2810675,2810675,1189,6196923090281447,6196923094281542
"HSA_CORE_API","hsa_signal_wait_scacquire",2810675,2810675,1190,6196923094282012,6196923098282106
"HSA_CORE_API","hsa_signal_wait_scacquire",2810675,2810675,1191,6196923098282576,6196923102282671
"HSA_CORE_API","hsa_signal_wait_scacquire",2810675,2810675,1192,6196923102283161,6196923106283256
"HSA_CORE_API","hsa_signal_wait_scacquire",2810675,2810675,1193,6196923106283726,6196923110283821
"HSA_CORE_API","hsa_signal_wait_scacquire",2810675,2810675,1194,6196923110284291,6196923114284385
"HSA_CORE_API","hsa_signal_wait_scacquire",2810675,2810675,1195,6196923114284865,6196923118284960
"HSA_CORE_API","hsa_signal_wait_scacquire",2810675,2810675,1196,6196923118286060,6196923122286155
"HSA_CORE_API","hsa_signal_wait_scacquire",2810675,2810675,1197,6196923122286445,6196923126286539
"HSA_CORE_API","hsa_signal_wait_scacquire",2810675,2810675,1198,6196923126287009,6196923130287104
"HSA_CORE_API","hsa_signal_wait_scacquire",2810675,2810675,1199,6196923130287574,6196923134287669
"HSA_CORE_API","hsa_signal_wait_scacquire",2810675,2810675,1200,6196923134288139,6196923138288243
"HSA_CORE_API","hsa_signal_wait_scacquire",2810675,2810675,1201,6196923138288893,6196923142288988
"HSA_CORE_API","hsa_signal_wait_scacquire",2810675,2810675,1202,6196923142289458,6196923146289553
"HSA_CORE_API","hsa_signal_wait_scacquire",2810675,2810675,1203,6196923146289843,6196923150289927
"HSA_CORE_API","hsa_signal_wait_scacquire",2810675,2810675,1204,6196923150294757,6196923154294862
"HSA_CORE_API","hsa_signal_wait_scacquire",2810675,2810675,1205,6196923154295152,6196923158295257
"HSA_CORE_API","hsa_signal_wait_scacquire",2810675,2810675,1206,6196923158295547,6196923162295631
"HSA_CORE_API","hsa_signal_wait_scacquire",2810675,2810675,1207,6196923162296191,6196923166296286
"HSA_CORE_API","hsa_signal_wait_scacquire",2810675,2810675,1208,6196923166296756,6196923170296851
"HSA_CORE_API","hsa_signal_wait_scacquire",2810675,2810675,1209,6196923170297141,6196923174297225
"HSA_CORE_API","hsa_signal_wait_scacquire",2810675,2810675,1210,6196923174297695,6196923178297790
"HSA_CORE_API","hsa_signal_wait_scacquire",2810675,2810675,1211,6196923178298260,6196923182298365
"HSA_CORE_API","hsa_signal_wait_scacquire",2810675,2810675,1212,6196923182299025,6196923186299109
"HSA_CORE_API","hsa_signal_wait_scacquire",2810675,2810675,1213,6196923186299589,6196923190299684
"HSA_CORE_API","hsa_signal_wait_scacquire",2810675,2810675,1214,6196923190300154,6196923194300249
"HSA_CORE_API","hsa_signal_wait_scacquire",2810675,2810675,1215,6196923194300719,6196923198300813
"HSA_CORE_API","hsa_signal_wait_scacquire",2810675,2810675,1216,6196923198301793,6196923202301888
"HSA_CORE_API","hsa_signal_wait_scacquire",2810675,2810675,1217,6196923202303238,6196923206303333
"HSA_CORE_API","hsa_signal_wait_scacquire",2810675,2810675,1218,6196923206306643,6196923210306737
"HSA_CORE_API","hsa_signal_wait_scacquire",2810675,2810675,1219,6196923210307027,6196923214307122
"HSA_CORE_API","hsa_signal_wait_scacquire",2810675,2810675,1220,6196923214307582,6196923218307667
"HSA_CORE_API","hsa_signal_wait_scacquire",2810675,2810675,1221,6196923218308137,6196923219042098
"HSA_CORE_API","hsa_signal_load_relaxed",2810675,2810675,1222,6196923219064267,6196923219064947
"HSA_CORE_API","hsa_signal_load_relaxed",2810675,2810675,1223,6196923219065557,6196923219065587
"HSA_CORE_API","hsa_signal_load_relaxed",2810675,2810675,1224,6196923219065917,6196923219065947
"HSA_CORE_API","hsa_signal_load_relaxed",2810675,2810675,1225,6196923219066237,6196923219066257
"HSA_CORE_API","hsa_queue_add_write_index_screlease",2810675,2810675,1226,6196923219114466,6196923219115626
"HSA_CORE_API","hsa_signal_load_relaxed",2810675,2810675,1227,6196923219117516,6196923219117886
"HSA_CORE_API","hsa_signal_load_relaxed",2810675,2810675,1228,6196923219118276,6196923219118706
"HSA_CORE_API","hsa_signal_load_relaxed",2810675,2810675,1229,6196923219119466,6196923219119496
"HSA_CORE_API","hsa_signal_silent_store_relaxed",2810675,2810675,1230,6196923219120756,6196923219120935
"HSA_CORE_API","hsa_queue_load_read_index_scacquire",2810675,2810675,1231,6196923219122005,6196923219122655
"HSA_CORE_API","hsa_signal_store_screlease",2810675,2810675,1232,6196923219123305,6196923219124145
"HSA_CORE_API","hsa_signal_load_relaxed",2810675,2810675,1233,6196923219124895,6196923219124925
"HSA_CORE_API","hsa_signal_load_relaxed",2810675,2810675,1234,6196923219125235,6196923219125265
"HSA_CORE_API","hsa_signal_wait_scacquire",2810675,2810675,1235,6196923219125565,6196923219134175
"HSA_CORE_API","hsa_signal_load_relaxed",2810675,2810675,1236,6196923219135665,6196923219135685
"HSA_CORE_API","hsa_queue_add_write_index_screlease",2810675,2810675,1237,6196923219191374,6196923219191414
"HSA_CORE_API","hsa_queue_load_read_index_relaxed",2810675,2810675,1238,6196923219192194,6196923219192474
"HSA_CORE_API","hsa_signal_load_relaxed",2810675,2810675,1239,6196923219192844,6196923219193144
"HSA_CORE_API","hsa_signal_load_relaxed",2810675,2810675,1240,6196923219193404,6196923219193434
"HSA_CORE_API","hsa_signal_load_relaxed",2810675,2810675,1241,6196923219193814,6196923219193844
"HSA_CORE_API","hsa_signal_silent_store_relaxed",2810675,2810675,1242,6196923219194284,6196923219195004
"HSA_CORE_API","hsa_queue_load_read_index_scacquire",2810675,2810675,1243,6196923219206773,6196923219206803
"HSA_CORE_API","hsa_signal_store_screlease",2810675,2810675,1244,6196923219207153,6196923219207183
"HSA_CORE_API","hsa_signal_load_relaxed",2810675,2810695,1245,6196923219248852,6196923219249182
"HSA_CORE_API","hsa_signal_load_relaxed",2810675,2810695,1246,6196923219256252,6196923219256332
"HSA_CORE_API","hsa_signal_load_relaxed",2810675,2810695,1247,6196923219257342,6196923219257692
