"Domain","Function","Process_Id","Thread_Id","Correlation_Id","Start_Timestamp","End_Timestamp"
"HSA_CORE_API","hsa_system_get_major_extension_table",2816571,2816571,1,6196985217448086,6196985217448826
"HSA_CORE_API","hsa_agent_get_info",2816571,2816571,3,6196985217459986,6196985217460166
"HSA_CORE_API","hsa_agent_get_info",2816571,2816571,4,6196985217468016,6196985217468046
"HSA_CORE_API","hsa_agent_get_info",2816571,2816571,5,6196985217468966,6196985217469046
"HSA_CORE_API","hsa_iterate_agents",2816571,2816571,2,6196985217457826,6196985217469366
"HSA_CORE_API","hsa_agent_get_info",2816571,2816571,6,6196985217471416,6196985217471716
"HSA_CORE_API","hsa_agent_get_info",2816571,2816571,7,6196985217472016,6196985217472066
"HSA_CORE_API","hsa_agent_iterate_isas",2816571,2816571,8,6196985217474226,6196985217474916
"HSA_CORE_API","hsa_isa_get_info_alt",2816571,2816571,9,6196985217476626,6196985217486915
"HSA_CORE_API","hsa_isa_get_info_alt",2816571,2816571,10,6196985217487505,6196985217488635
"HSA_CORE_API","hsa_agent_get_info",2816571,2816571,11,6196985217494695,6196985217494735
"HSA_CORE_API","hsa_agent_get_info",2816571,2816571,12,6196985217495105,6196985217495335
"HSA_CORE_API","hsa_agent_get_info",2816571,2816571,13,6196985217498115,6196985217498155
"HSA_CORE_API","hsa_agent_get_info",2816571,2816571,14,6196985217541964,6196985217542014
"HSA_CORE_API","hsa_agent_get_info",2816571,2816571,15,6196985217542304,6196985217542344
"HSA_CORE_API","hsa_agent_get_info",2816571,2816571,16,6196985217544274,6196985217544344
"HSA_CORE_API","hsa_agent_get_info",2816571,2816571,17,6196985217544664,6196985217547924
"HSA_CORE_API","hsa_agent_get_info",2816571,2816571,18,6196985217548234,6196985217548284
"HSA_CORE_API","hsa_agent_get_info",2816571,2816571,19,6196985217548564,6196985217548594
"HSA_CORE_API","hsa_agent_get_info",2816571,2816571,20,6196985217548864,6196985217549844
"HSA_CORE_API","hsa_agent_get_info",2816571,2816571,21,6196985217550214,6196985217550534
"HSA_CORE_API","hsa_agent_get_info",2816571,2816571,22,6196985217556973,6196985217557013
"HSA_CORE_API","hsa_agent_get_info",2816571,2816571,23,6196985217557323,6196985217557363
"HSA_CORE_API","hsa_agent_get_info",2816571,2816571,24,6196985217557633,6196985217557673
"HSA_CORE_API","hsa_agent_get_info",2816571,2816571,25,6196985217557963,6196985217557993
"HSA_CORE_API","hsa_agent_get_info",2816571,2816571,26,6196985217558263,6196985217558303
"HSA_CORE_API","hsa_agent_get_info",2816571,2816571,27,6196985217558573,6196985217558603
"HSA_CORE_API","hsa_agent_get_info",2816571,2816571,28,6196985217562053,6196985217562093
"HSA_CORE_API","hsa_agent_get_info",2816571,2816571,29,6196985217568883,6196985217568933
"HSA_CORE_API","hsa_agent_get_info",2816571,2816571,30,6196985217569203,6196985217569243
"HSA_CORE_API","hsa_agent_get_info",2816571,2816571,31,6196985217569623,6196985217569663
"HSA_CORE_API","hsa_agent_get_info",2816571,2816571,32,6196985217569933,6196985217569963
"HSA_CORE_API","hsa_agent_get_info",2816571,2816571,33,6196985217577423,6196985217607082
"HSA_CORE_API","hsa_agent_get_info",2816571,2816571,34,6196985217607582,6196985217607622
"HSA_CORE_API","hsa_agent_get_info",2816571,2816571,35,6196985217607902,6196985217607932
"HSA_CORE_API","hsa_agent_get_info",2816571,2816571,36,6196985217608222,6196985217608252
"HSA_CORE_API","hsa_agent_get_info",2816571,2816571,37,6196985217608522,6196985217608552
"HSA_CORE_API","hsa_agent_get_info",2816571,2816571,38,6196985217608822,6196985217608852
"HSA_CORE_API","hsa_agent_get_info",2816571,2816571,39,6196985217609122,6196985217609152
"HSA_CORE_API","hsa_agent_get_info",2816571,2816571,40,6196985217609422,6196985217609452
"HSA_CORE_API","hsa_agent_get_info",2816571,2816571,41,6196985217609722,6196985217609752
"HSA_CORE_API","hsa_agent_get_info",2816571,2816571,42,6196985217610022,6196985217610052
"HSA_CORE_API","hsa_agent_get_info",2816571,2816571,43,6196985217610322,6196985217610342
"HSA_CORE_API","hsa_agent_get_info",2816571,2816571,44,6196985217610632,6196985217610672
"HSA_CORE_API","hsa_agent_get_info",2816571,2816571,45,6196985217610942,6196985217610992
"HSA_CORE_API","hsa_agent_get_info",2816571,2816571,46,6196985217611272,6196985217611312
"HSA_CORE_API","hsa_agent_get_info",2816571,2816571,47,6196985217611592,6196985217611632
"HSA_CORE_API","hsa_agent_get_info",2816571,2816571,48,6196985217611922,6196985217612322
"HSA_CORE_API","hsa_agent_get_info",2816571,2816571,49,6196985217612592,6196985217612632
"HSA_CORE_API","hsa_system_get_info",2816571,2816571,50,6196985217670541,6196985217671120
"HSA_CORE_API","hsa_system_get_info",2816571,2816571,51,6196985217671520,6196985217671800
"HSA_CORE_API","hsa_agent_get_info",2816571,2816571,52,6196985217672100,6196985217672150
"HSA_CORE_API","hsa_agent_get_info",2816571,2816571,53,6196985217672450,6196985217672490
"HSA_CORE_API","hsa_system_get_info",2816571,2816571,54,6196985217672950,6196985217672990
"HSA_CORE_API","hsa_signal_create",2816571,2816571,55,6196985217680880,6196985217682590
"HSA_CORE_API","hsa_agent_get_info",2816571,2816571,56,6196985218071100,6196985218071330
"HSA_CORE_API","hsa_queue_create",2816571,2816571,57,6196985218073420,6196985228714881
"HSA_CORE_API","hsa_executable_create_alt",2816571,2816571,58,6196985235425435,6196985235435735
"HSA_CORE_API","hsa_code_object_reader_create_from_memory",2816571,2816571,59,6196985235438155,6196985235463774
"HSA_CORE_API","hsa_executable_load_agent_code_object",2816571,2816571,60,6196985235465824,6196985235625320
"HSA_CORE_API","hsa_signal_create",2816571,2816571,62,6196985235638960,6196985235640760
"HSA_CORE_API","hsa_signal_wait_scacquire",2816571,2816571,63,6196985235642370,6196985235657239
"HSA_CORE_API","hsa_signal_destroy",2816571,2816571,64,6196985235658439,6196985235658939
"HSA_CORE_API","hsa_executable_freeze",2816571,2816571,61,6196985235627820,6196985235846664
"HSA_CORE_API","hsa_executable_get_symbol_by_name",2816571,2816571,65,6196985235848804,6196985235850124
"HSA_CORE_API","hsa_executable_symbol_get_info",2816571,2816571,66,6196985235852994,6196985235853084
"HSA_CORE_API","hsa_executable_symbol_get_info",2816571,2816571,67,6196985235853474,6196985235853514
"HSA_CORE_API","hsa_agent_get_info",2816571,2816571,68,6196985235854104,6196985235854234
"HSA_CORE_API","hsa_executable_get_symbol_by_name",2816571,2816571,69,6196985235855214,6196985235855354
"HSA_CORE_API","hsa_executable_symbol_get_info",2816571,2816571,70,6196985235855634,6196985235855664
"HSA_CORE_API","hsa_executable_symbol_get_info",2816571,2816571,71,6196985235855914,6196985235855944
"HSA_CORE_API","hsa_agent_get_info",2816571,2816571,72,6196985235856244,6196985235856274
"HSA_CORE_API","hsa_executable_get_symbol_by_name",2816571,2816571,73,6196985235856784,6196985235856944
"HSA_CORE_API","hsa_executable_symbol_get_info",2816571,2816571,74,6196985235857224,6196985235857254
"HSA_CORE_API","hsa_executable_symbol_get_info",2816571,2816571,75,6196985235857504,6196985235857534
"HSA_CORE_API","hsa_agent_get_info",2816571,2816571,76,6196985235857784,6196985235857814
"HSA_CORE_API","hsa_executable_get_symbol_by_name",2816571,2816571,77,6196985235858304,6196985235858434
"HSA_CORE_API","hsa_executable_symbol_get_info",2816571,2816571,78,6196985235858704,6196985235858734
"HSA_CORE_API","hsa_executable_symbol_get_info",2816571,2816571,79,6196985235858984,6196985235859014
"HSA_CORE_API","hsa_agent_get_info",2816571,2816571,80,6196985235859304,6196985235859334
"HSA_CORE_API","hsa_executable_get_symbol_by_name",2816571,2816571,81,6196985235859744,6196985235859874
"HSA_CORE_API","hsa_executable_symbol_get_info",2816571,2816571,82,6196985235860144,6196985235860174
"HSA_CORE_API","hsa_executable_symbol_get_info",2816571,2816571,83,6196985235860424,6196985235860444
"HSA_CORE_API","hsa_agent_get_info",2816571,2816571,84,6196985235860694,6196985235860724
"HSA_CORE_API","hsa_executable_get_symbol_by_name",2816571,2816571,85,6196985235861164,6196985235861294
"HSA_CORE_API","hsa_executable_symbol_get_info",2816571,2816571,86,6196985235861544,6196985235861574
"HSA_CORE_API","hsa_executable_symbol_get_info",2816571,2816571,87,6196985235861824,6196985235861854
"HSA_CORE_API","hsa_agent_get_info",2816571,2816571,88,6196985235862154,6196985235862184
"HSA_CORE_API","hsa_executable_get_symbol_by_name",2816571,2816571,89,6196985235862574,6196985235862674
"HSA_CORE_API","hsa_executable_symbol_get_info",2816571,2816571,90,6196985235862934,6196985235862964
"HSA_CORE_API","hsa_executable_symbol_get_info",2816571,2816571,91,6196985235863214,6196985235863244
"HSA_CORE_API","hsa_agent_get_info",2816571,2816571,92,6196985235863494,6196985235863524
"HSA_CORE_API","hsa_executable_get_symbol_by_name",2816571,2816571,93,6196985235863944,6196985235864064
"HSA_CORE_API","hsa_executable_symbol_get_info",2816571,2816571,94,6196985235864324,6196985235864354
"HSA_CORE_API","hsa_executable_symbol_get_info",2816571,2816571,95,6196985235864604,6196985235864634
"HSA_CORE_API","hsa_agent_get_info",2816571,2816571,96,6196985235864894,6196985235864924
"HSA_CORE_API","hsa_executable_get_symbol_by_name",2816571,2816571,97,6196985235865384,6196985235865514
"HSA_CORE_API","hsa_executable_symbol_get_info",2816571,2816571,98,6196985235865774,6196985235865794
"HSA_CORE_API","hsa_executable_symbol_get_info",2816571,2816571,99,6196985235866054,6196985235866074
"HSA_CORE_API","hsa_agent_get_info",2816571,2816571,100,6196985235866344,6196985235866364
"HSA_CORE_API","hsa_executable_get_symbol_by_name",2816571,2816571,101,6196985235866794,6196985235866914
"HSA_CORE_API","hsa_executable_symbol_get_info",2816571,2816571,102,6196985235867174,6196985235867204
"HSA_CORE_API","hsa_executable_symbol_get_info",2816571,2816571,103,6196985235867454,6196985235867474
"HSA_CORE_API","hsa_agent_get_info",2816571,2816571,104,6196985235867744,6196985235867764
"HSA_CORE_API","hsa_system_get_info",2816571,2816571,105,6196985235874554,6196985235874694
"HSA_CORE_API","hsa_signal_create",2816571,2816571,106,6196985235883523,6196985235883643
"HSA_CORE_API","hsa_signal_create",2816571,2816571,107,6196985235884303,6196985235885653
"HSA_CORE_API","hsa_signal_create",2816571,2816571,108,6196985235885953,6196985235886373
"HSA_CORE_API","hsa_signal_create",2816571,2816571,109,6196985235886673,6196985235887343
"HSA_CORE_API","hsa_signal_create",2816571,2816571,110,6196985235887633,6196985235887903
"HSA_CORE_API","hsa_signal_load_relaxed",2816571,2816571,111,6196985236172576,6196985236172886
"HSA_CORE_API","hsa_queue_add_write_index_screlease",2816571,2816571,112,6196985236179976,6196985236180596
"HSA_CORE_API","hsa_signal_load_relaxed",2816571,2816571,113,6196985236181166,6196985236181206
"HSA_CORE_API","hsa_signal_load_relaxed",2816571,2816571,114,6196985236181626,6196985236181666
"HSA_CORE_API","hsa_signal_load_relaxed",2816571,2816571,115,6196985236182526,6196985236182556
"HSA_CORE_API","hsa_signal_silent_store_relaxed",2816571,2816571,116,6196985236183756,6196985236183936
"HSA_CORE_API","hsa_queue_load_read_index_scacquire",2816571,2816571,117,6196985236185445,6196985236185575
"HSA_CORE_API","hsa_signal_store_screlease",2816571,2816571,118,6196985236187155,6196985236187285
"HSA_CORE_API","hsa_signal_load_relaxed",2816571,2816571,119,6196985236188695,6196985236188725
"HSA_CORE_API","hsa_signal_wait_scacquire",2816571,2816571,120,6196985236189525,6196985236205365
"HSA_CORE_API","hsa_queue_add_write_index_screlease",2816571,2816571,121,6196985236218505,6196985236218535
"HSA_CORE_API","hsa_signal_load_relaxed",2816571,2816571,122,6196985236218825,6196985236218875
"HSA_CORE_API","hsa_signal_load_relaxed",2816571,2816571,123,6196985236219135,6196985236219165
"HSA_CORE_API","hsa_signal_load_relaxed",2816571,2816571,124,6196985236219465,6196985236219485
"HSA_CORE_API","hsa_signal_silent_store_relaxed",2816571,2816571,125,6196985236219805,6196985236219825
"HSA_CORE_API","hsa_queue_load_read_index_scacquire",2816571,2816571,126,6196985236220145,6196985236220365
"HSA_CORE_API","hsa_signal_store_screlease",2816571,2816571,127,6196985236220665,6196985236220695
"HSA_CORE_API","hsa_signal_load_relaxed",2816571,2816571,128,6196985236221165,6196985236221195
"HSA_CORE_API","hsa_signal_wait_scacquire",2816571,2816571,129,6196985236221585,6196985236229294
"HSA_CORE_API","hsa_queue_add_write_index_screlease",2816571,2816571,130,6196985236233734,6196985236233764
"HSA_CORE_API","hsa_signal_load_relaxed",2816571,2816571,131,6196985236234144,6196985236234324
"HSA_CORE_API","hsa_signal_load_relaxed",2816571,2816571,132,6196985236234584,6196985236234614
"HSA_CORE_API","hsa_signal_load_relaxed",2816571,2816571,133,6196985236234884,6196985236234914
"HSA_CORE_API","hsa_signal_silent_store_relaxed",2816571,2816571,134,6196985236235194,6196985236235214
"HSA_CORE_API","hsa_queue_load_read_index_scacquire",2816571,2816571,135,6196985236235494,6196985236235704
"HSA_CORE_API","hsa_signal_store_screlease",2816571,2816571,136,6196985236235974,6196985236236004
"HSA_CORE_API","hsa_signal_load_relaxed",2816571,2816571,137,6196985236236424,6196985236236444
"HSA_CORE_API","hsa_signal_wait_scacquire",2816571,2816571,138,6196985236236714,6196985236244274
"HSA_CORE_API","hsa_queue_add_write_index_screlease",2816571,2816571,139,6196985236246794,6196985236246824
"HSA_CORE_API","hsa_queue_load_read_index_relaxed",2816571,2816571,140,6196985236247904,6196985236248154
"HSA_CORE_API","hsa_signal_load_relaxed",2816571,2816571,141,6196985236248544,6196985236248584
"HSA_CORE_API","hsa_signal_load_relaxed",2816571,2816571,142,6196985236248844,6196985236248874
"HSA_CORE_API","hsa_signal_load_relaxed",2816571,2816571,143,6196985236249154,6196985236249174
"HSA_CORE_API","hsa_signal_silent_store_relaxed",2816571,2816571,144,6196985236249444,6196985236249474
"HSA_CORE_API","hsa_queue_load_read_index_scacquire",2816571,2816571,145,6196985236249794,6196985236249824
"HSA_CORE_API","hsa_signal_store_screlease",2816571,2816571,146,6196985236250124,6196985236250144
"HSA_CORE_API","hsa_signal_load_relaxed",2816571,2816571,147,6196985236251804,6196985236251824
"HSA_CORE_API","hsa_signal_load_relaxed",2816571,2816571,148,6196985236252384,6196985236252414
"HSA_CORE_API","hsa_signal_load_relaxed",2816571,2816571,149,6196985236252674,6196985236252694
"HSA_CORE_API","hsa_signal_load_relaxed",2816571,2816571,150,6196985236252974,6196985236253004
"HSA_CORE_API","hsa_signal_silent_store_relaxed",2816571,2816571,151,6196985236253264,6196985236253284
"HSA_CORE_API","hsa_signal_load_relaxed",2816571,2816571,152,6196985243352548,6196985243352858
"HSA_CORE_API","hsa_signal_wait_scacquire",2816571,2816571,153,6196985243354698,6196985243409726
"HSA_CORE_API","hsa_signal_load_relaxed",2816571,2816571,154,6196985243426976,6196985243427006
"HSA_CORE_API","hsa_signal_load_relaxed",2816571,2816571,155,6196985243427656,6196985243428006
"HSA_CORE_API","hsa_signal_load_relaxed",2816571,2816571,156,6196985243428286,6196985243428326
"HSA_CORE_API","hsa_signal_load_relaxed",2816571,2816571,157,6196985243428656,6196985243428676
"HSA_CORE_API","hsa_signal_silent_store_relaxed",2816571,2816571,158,6196985243429296,6196985243429426
"HSA_CORE_API","hsa_signal_load_relaxed",2816571,2816571,159,6196985243431076,6196985243431106
"HSA_CORE_API","hsa_signal_wait_scacquire",2816571,2816571,160,6196985243431416,6196985243440255
"HSA_CORE_API","hsa_signal_load_relaxed",2816571,2816571,161,6196985243898203,6196985243898253
"HSA_CORE_API","hsa_signal_load_relaxed",2816571,2816571,162,6196985243899013,6196985243899143
"HSA_CORE_API","hsa_signal_load_relaxed",2816571,2816571,163,6196985243899413,6196985243899443
"HSA_CORE_API","hsa_signal_load_relaxed",2816571,2816571,164,6196985243899803,6196985243899833
"HSA_CORE_API","hsa_signal_silent_store_relaxed",2816571,2816571,165,6196985243900163,6196985243900193
"HSA_CORE_API","hsa_queue_add_write_index_screlease",2816571,2816571,166,6196985243901383,6196985243901873
"HSA_CORE_API","hsa_queue_load_read_index_relaxed",2816571,2816571,167,6196985243902413,6196985243902663
"HSA_CORE_API","hsa_queue_load_read_index_scacquire",2816571,2816571,168,6196985243903383,6196985243903423
"HSA_CORE_API","hsa_signal_store_screlease",2816571,2816571,169,6196985243904093,6196985243904183
"HSA_CORE_API","hsa_queue_add_write_index_screlease",2816571,2816571,170,6196985243922423,6196985243922463
"HSA_CORE_API","hsa_queue_load_read_index_scacquire",2816571,2816571,171,6196985243923273,6196985243923533
"HSA_CORE_API","hsa_signal_store_screlease",2816571,2816571,172,6196985243923953,6196985243923983
"HSA_CORE_API","hsa_queue_add_write_index_screlease",2816571,2816571,173,6196985243926283,6196985243926313
"HSA_CORE_API","hsa_queue_load_read_index_scacquire",2816571,2816571,174,6196985243926643,6196985243926673
"HSA_CORE_API","hsa_signal_store_screlease",2816571,2816571,175,6196985243926933,6196985243926963
"HSA_CORE_API","hsa_queue_add_write_index_screlease",2816571,2816571,176,6196985243930263,6196985243930293
"HSA_CORE_API","hsa_queue_load_read_index_scacquire",2816571,2816571,177,6196985243930573,6196985243930603
"HSA_CORE_API","hsa_signal_store_screlease",2816571,2816571,178,6196985243930863,6196985243930893
"HSA_CORE_API","hsa_executable_create_alt",2816571,2816571,179,6196985244256514,6196985244258594
"HSA_CORE_API","hsa_code_object_reader_create_from_memory",2816571,2816571,180,6196985244259344,6196985244274254
"HSA_CORE_API","hsa_executable_load_agent_code_object",2816571,2816571,181,6196985244274894,6196985244395760
"HSA_CORE_API","hsa_signal_create",2816571,2816571,183,6196985244415170,6196985244416540
"HSA_CORE_API","hsa_signal_wait_scacquire",2816571,2816571,184,6196985244417190,6196985244433169
"HSA_CORE_API","hsa_signal_destroy",2816571,2816571,185,6196985244433749,6196985244434349
"HSA_CORE_API","hsa_executable_freeze",2816571,2816571,182,6196985244396640,6196985244528467
"HSA_CORE_API","hsa_executable_get_symbol_by_name",2816571,2816571,186,6196985244529047,6196985244530347
"HSA_CORE_API","hsa_executable_symbol_get_info",2816571,2816571,187,6196985244531037,6196985244531127
"HSA_CORE_API","hsa_executable_symbol_get_info",2816571,2816571,188,6196985244531467,6196985244531497
"HSA_CORE_API","hsa_agent_get_info",2816571,2816571,189,6196985244532037,6196985244532127
"HSA_CORE_API","hsa_executable_get_symbol_by_name",2816571,2816571,190,6196985244533017,6196985244533167
"HSA_CORE_API","hsa_executable_symbol_get_info",2816571,2816571,191,6196985244533447,6196985244533477
"HSA_CORE_API","hsa_executable_symbol_get_info",2816571,2816571,192,6196985244533727,6196985244533757
"HSA_CORE_API","hsa_agent_get_info",2816571,2816571,193,6196985244534387,6196985244534417
"HSA_CORE_API","hsa_executable_get_symbol_by_name",2816571,2816571,194,6196985244535907,6196985244536027
"HSA_CORE_API","hsa_executable_symbol_get_info",2816571,2816571,195,6196985244536297,6196985244536317
"HSA_CORE_API","hsa_executable_symbol_get_info",2816571,2816571,196,6196985244536577,6196985244536607
"HSA_CORE_API","hsa_agent_get_info",2816571,2816571,197,6196985244536857,6196985244536887
"HSA_CORE_API","hsa_queue_add_write_index_screlease",2816571,2816571,198,6196985244545756,6196985244545896
"HSA_CORE_API","hsa_queue_load_read_index_scacquire",2816571,2816571,199,6196985244546386,6196985244546696
"HSA_CORE_API","hsa_signal_store_screlease",2816571,2816571,200,6196985244547086,6196985244547196
"HSA_CORE_API","hsa_signal_load_relaxed",2816571,2816571,201,6196985244551306,6196985244551616
"HSA_CORE_API","hsa_signal_load_relaxed",2816571,2816571,202,6196985244551986,6196985244552016
"HSA_CORE_API","hsa_signal_load_relaxed",2816571,2816571,203,6196985244552386,6196985244552406
"HSA_CORE_API","hsa_signal_silent_store_relaxed",2816571,2816571,204,6196985244552806,6196985244552886
"HSA_CORE_API","hsa_queue_add_write_index_screlease",2816571,2816571,205,6196985244553376,6196985244553406
"HSA_CORE_API","hsa_queue_load_read_index_relaxed",2816571,2816571,206,6196985244553726,6196985244553806
"HSA_CORE_API","hsa_queue_load_read_index_scacquire",2816571,2816571,207,6196985244554136,6196985244554166
"HSA_CORE_API","hsa_signal_store_screlease",2816571,2816571,208,6196985244554446,6196985244554476
"HSA_CORE_API","hsa_signal_load_relaxed",2816571,2816571,209,6196985244556316,6196985244556336
"HSA_CORE_API","hsa_signal_wait_scacquire",2816571,2816571,210,6196985244556646,6196985248556841
"HSA_CORE_API","hsa_signal_wait_scacquire",2816571,2816571,211,6196985248557181,6196985252557317
"HSA_CORE_API","hsa_signal_wait_scacquire",2816571,2816571,212,6196985252557637,6196985256557792
"HSA_CORE_API","hsa_signal_wait_scacquire",2816571,2816571,213,6196985256558072,6196985260558217
"HSA_CORE_API","hsa_signal_wait_scacquire",2816571,2816571,214,6196985260558487,6196985264558642
"HSA_CORE_API","hsa_signal_wait_scacquire",2816571,2816571,215,6196985264558922,6196985268559067
"HSA_CORE_API","hsa_signal_wait_scacquire",2816571,2816571,216,6196985268559347,6196985272559493
"HSA_CORE_API","hsa_signal_wait_scacquire",2816571,2816571,217,6196985272559833,6196985276559978
"HSA_CORE_API","hsa_signal_wait_scacquire",2816571,2816571,218,6196985276560258,6196985280560413
"HSA_CORE_API","hsa_signal_wait_scacquire",2816571,2816571,219,6196985280560893,6196985284561038
"HSA_CORE_API","hsa_signal_wait_scacquire",2816571,2816571,220,6196985284561508,6196985288561653
"HSA_CORE_API","hsa_signal_wait_scacquire",2816571,2816571,221,6196985288562193,6196985292562348
"HSA_CORE_API","hsa_signal_wait_scacquire",2816571,2816571,222,6196985292562838,6196985296562974
"HSA_CORE_API","hsa_signal_wait_scacquire",2816571,2816571,223,6196985296563454,6196985300563589
"HSA_CORE_API","hsa_signal_wait_scacquire",2816571,2816571,224,6196985300563879,6196985304564024
"HSA_CORE_API","hsa_signal_wait_scacquire",2816571,2816571,225,6196985304564554,6196985308564699
"HSA_CORE_API","hsa_signal_wait_scacquire",2816571,2816571,226,6196985308565169,6196985312565324
"HSA_CORE_API","hsa_signal_wait_scacquire",2816571,2816571,227,6196985312565804,6196985316565940
"HSA_CORE_API","hsa_signal_wait_scacquire",2816571,2816571,228,6196985316566420,6196985320566555
"HSA_CORE_API","hsa_signal_wait_scacquire",2816571,2816571,229,6196985320567095,6196985324567240
"HSA_CORE_API","hsa_signal_wait_scacquire",2816571,2816571,230,6196985324567710,6196985328567855
"HSA_CORE_API","hsa_signal_wait_scacquire",2816571,2816571,231,6196985328568335,6196985332568480
"HSA_CORE_API","hsa_signal_wait_scacquire",2816571,2816571,232,6196985332568950,6196985336569086
"HSA_CORE_API","hsa_signal_wait_scacquire",2816571,2816571,233,6196985336569616,6196985340569751
"HSA_CORE_API","hsa_signal_wait_scacquire",2816571,2816571,234,6196985340570231,6196985344570376
"HSA_CORE_API","hsa_signal_wait_scacquire",2816571,2816571,235,6196985344570666,6196985348570811
"HSA_CORE_API","hsa_signal_wait_scacquire",2816571,2816571,236,6196985348571281,6196985352571416
"HSA_CORE_API","hsa_signal_wait_scacquire",2816571,2816571,237,6196985352571896,6196985356572052
"HSA_CORE_API","hsa_signal_wait_scacquire",2816571,2816571,238,6196985356572542,6196985360572687
"HSA_CORE_API","hsa_signal_wait_scacquire",2816571,2816571,239,6196985360572967,6196985364573112
"HSA_CORE_API","hsa_signal_wait_scacquire",2816571,2816571,240,6196985364573592,6196985368573727
"HSA_CORE_API","hsa_signal_wait_scacquire",2816571,2816571,241,6196985368574257,6196985372574402
"HSA_CORE_API","hsa_signal_wait_scacquire",2816571,2816571,242,6196985372574872,6196985376575028
"HSA_CORE_API","hsa_signal_wait_scacquire",2816571,2816571,243,6196985376575518,6196985380575653
"HSA_CORE_API","hsa_signal_wait_scacquire",2816571,2816571,244,6196985380576133,6196985384576278
"HSA_CORE_API","hsa_signal_wait_scacquire",2816571,2816571,245,6196985384576758,6196985388576903
"HSA_CORE_API","hsa_signal_wait_scacquire",2816571,2816571,246,6196985388577373,6196985392577508
"HSA_CORE_API","hsa_signal_wait_scacquire",2816571,2816571,247,6196985392577988,6196985396578124
"HSA_CORE_API","hsa_signal_wait_scacquire",2816571,2816571,248,6196985396578604,6196985400578739
"HSA_CORE_API","hsa_signal_wait_scacquire",2816571,2816571,249,6196985400579289,6196985404579424
"HSA_CORE_API","hsa_signal_wait_scacquire",2816571,2816571,250,6196985404579704,6196985408579849
"HSA_CORE_API","hsa_signal_wait_scacquire",2816571,2816571,251,6196985408580319,6196985412580454
"HSA_CORE_API","hsa_signal_wait_scacquire",2816571,2816571,252,6196985412580934,6196985416581070
"HSA_CORE_API","hsa_signal_wait_scacquire",2816571,2816571,253,6196985416581540,6196985420581675
"HSA_CORE_API","hsa_signal_wait_scacquire",2816571,2816571,254,6196985420582155,6196985424582300
"HSA_CORE_API","hsa_signal_wait_scacquire",2816571,2816571,255,6196985424582770,6196985428582915
"HSA_CORE_API","hsa_signal_wait_scacquire",2816571,2816571,256,6196985428583195,6196985432583340
"HSA_CORE_API","hsa_signal_wait_scacquire",2816571,2816571,257,6196985432584340,6196985436584486
"HSA_CORE_API","hsa_signal_wait_scacquire",2816571,2816571,258,6196985436586315,6196985440586451
"HSA_CORE_API","hsa_signal_wait_scacquire",2816571,2816571,259,6196985440586731,6196985444586866
"HSA_CORE_API","hsa_signal_wait_scacquire",2816571,2816571,260,6196985444587346,6196985448587491
"HSA_CORE_API","hsa_signal_wait_scacquire",2816571,2816571,261,6196985448587971,6196985452588106
"HSA_CORE_API","hsa_signal_wait_scacquire",2816571,2816571,262,6196985452588586,6196985456588732
"HSA_CORE_API","hsa_signal_wait_scacquire",2816571,2816571,263,6196985456589212,6196985460589347
"HSA_CORE_API","hsa_signal_wait_scacquire",2816571,2816571,264,6196985460589827,6196985464589962
"HSA_CORE_API","hsa_signal_wait_scacquire",2816571,2816571,265,6196985464590512,6196985468590647
"HSA_CORE_API","hsa_signal_wait_scacquire",2816571,2816571,266,6196985468590987,6196985472591122
"HSA_CORE_API","hsa_signal_wait_scacquire",2816571,2816571,267,6196985472591592,6196985476591727
"HSA_CORE_API","hsa_signal_wait_scacquire",2816571,2816571,268,6196985476592207,6196985480592353
"HSA_CORE_API","hsa_signal_wait_scacquire",2816571,2816571,269,6196985480592823,6196985484592958
"HSA_CORE_API","hsa_signal_wait_scacquire",2816571,2816571,270,6196985484593438,6196985488593573
"HSA_CORE_API","hsa_signal_wait_scacquire",2816571,2816571,271,6196985488593853,6196985492593998
"HSA_CORE_API","hsa_signal_wait_scacquire",2816571,2816571,272,6196985492594478,6196985496594623
"HSA_CORE_API","hsa_signal_wait_scacquire",2816571,2816571,273,6196985496595103,6196985500595249
"HSA_CORE_API","hsa_signal_wait_scacquire",2816571,2816571,274,6196985500595779,6196985504595924
"HSA_CORE_API","hsa_signal_wait_scacquire",2816571,2816571,275,6196985504596394,6196985508596539
"HSA_CORE_API","hsa_signal_wait_scacquire",2816571,2816571,276,6196985508597019,6196985512597154
"HSA_CORE_API","hsa_signal_wait_scacquire",2816571,2816571,277,6196985512597634,6196985516597779
"HSA_CORE_API","hsa_signal_wait_scacquire",2816571,2816571,278,6196985516598249,6196985520598395
"HSA_CORE_API","hsa_signal_wait_scacquire",2816571,2816571,279,6196985520598875,6196985524599010
"HSA_CORE_API","hsa_signal_wait_scacquire",2816571,2816571,280,6196985524599490,6196985528599625
"HSA_CORE_API","hsa_signal_wait_scacquire",2816571,2816571,281,6196985528600105,6196985532600240
"HSA_CORE_API","hsa_signal_wait_scacquire",2816571,2816571,282,6196985532600780,6196985536600925
"HSA_CORE_API","hsa_signal_wait_scacquire",2816571,2816571,283,6196985536601395,6196985540601531
"HSA_CORE_API","hsa_signal_wait_scacquire",2816571,2816571,284,6196985540602001,6196985544602136
"HSA_CORE_API","hsa_signal_wait_scacquire",2816571,2816571,285,6196985544602426,6196985548602561
"HSA_CORE_API","hsa_signal_wait_scacquire",2816571,2816571,286,6196985548603031,6196985552603176
"HSA_CORE_API","hsa_signal_wait_scacquire",2816571,2816571,287,6196985552603656,6196985556603811
"HSA_CORE_API","hsa_signal_wait_scacquire",2816571,2816571,288,6196985556604301,6196985560604437
"HSA_CORE_API","hsa_signal_wait_scacquire",2816571,2816571,289,6196985560604917,6196985564605052
"HSA_CORE_API","hsa_signal_wait_scacquire",2816571,2816571,290,6196985564605602,6196985568605737
"HSA_CORE_API","hsa_signal_wait_scacquire",2816571,2816571,291,6196985568606217,6196985572606362
"HSA_CORE_API","hsa_signal_wait_scacquire",2816571,2816571,292,6196985572606842,6196985576606977
"HSA_CORE_API","hsa_signal_wait_scacquire",2816571,2816571,293,6196985576607467,6196985580607602
"HSA_CORE_API","hsa_signal_wait_scacquire",2816571,2816571,294,6196985580608082,6196985584608228
"HSA_CORE_API","hsa_signal_wait_scacquire",2816571,2816571,295,6196985584608698,6196985588608833
"HSA_CORE_API","hsa_signal_wait_scacquire",2816571,2816571,296,6196985588609313,6196985592609468
"HSA_CORE_API","hsa_signal_wait_scacquire",2816571,2816571,297,6196985592609958,6196985596610103
"HSA_CORE_API","hsa_signal_wait_scacquire",2816571,2816571,298,6196985596610623,6196985600610758
"HSA_CORE_API","hsa_signal_wait_scacquire",2816571,2816571,299,6196985600611238,6196985604611374
"HSA_CORE_API","hsa_signal_wait_scacquire",2816571,2816571,300,6196985604611844,6196985608611979
"HSA_CORE_API","hsa_signal_wait_scacquire",2816571,2816571,301,6196985608612449,6196985612612584
"HSA_CORE_API","hsa_signal_wait_scacquire",2816571,2816571,302,6196985612612874,6196985616613019
"HSA_CORE_API","hsa_signal_wait_scacquire",2816571,2816571,303,6196985616613499,6196985620613635
"HSA_CORE_API","hsa_signal_wait_scacquire",2816571,2816571,304,6196985620614114,6196985624614250
"HSA_CORE_API","hsa_signal_wait_scacquire",2816571,2816571,305,6196985624614720,6196985628614875
"HSA_CORE_API","hsa_signal_wait_scacquire",2816571,2816571,306,6196985628615395,6196985632615530
"HSA_CORE_API","hsa_signal_wait_scacquire",2816571,2816571,307,6196985632616010,6196985636616315
"HSA_CORE_API","hsa_signal_wait_scacquire",2816571,2816571,308,6196985636622405,6196985640622940
"HSA_CORE_API","hsa_signal_wait_scacquire",2816571,2816571,309,6196985640623240,6196985644623406
"HSA_CORE_API","hsa_signal_wait_scacquire",2816571,2816571,310,6196985644623716,6196985648623861
"HSA_CORE_API","hsa_signal_wait_scacquire",2816571,2816571,311,6196985648624341,6196985652624486
"HSA_CORE_API","hsa_signal_wait_scacquire",2816571,2816571,312,6196985652625436,6196985656625581
"HSA_CORE_API","hsa_signal_wait_scacquire",2816571,2816571,313,6196985656625851,6196985660625986
"HSA_CORE_API","hsa_signal_wait_scacquire",2816571,2816571,314,6196985660626586,6196985664626721
"HSA_CORE_API","hsa_signal_wait_scacquire",2816571,2816571,315,6196985664627201,6196985668627347
"HSA_CORE_API","hsa_signal_wait_scacquire",2816571,2816571,316,6196985668627817,6196985672627952
"HSA_CORE_API","hsa_signal_wait_scacquire",2816571,2816571,317,6196985672628432,6196985676628567
"HSA_CORE_API","hsa_signal_wait_scacquire",2816571,2816571,318,6196985676628847,6196985680628982
"HSA_CORE_API","hsa_signal_wait_scacquire",2816571,2816571,319,6196985680629462,6196985684629597
"HSA_CORE_API","hsa_signal_wait_scacquire",2816571,2816571,320,6196985684630077,6196985688630213
"HSA_CORE_API","hsa_signal_wait_scacquire",2816571,2816571,321,6196985688630823,6196985692630958
"HSA_CORE_API","hsa_signal_wait_scacquire",2816571,2816571,322,6196985692632888,6196985696633033
"HSA_CORE_API","hsa_signal_wait_scacquire",2816571,2816571,323,6196985696633313,6196985700633458
"HSA_CORE_API","hsa_signal_wait_scacquire",2816571,2816571,324,6196985700633928,6196985704634063
"HSA_CORE_API","hsa_signal_wait_scacquire",2816571,2816571,325,6196985704634543,6196985708634679
"HSA_CORE_API","hsa_signal_wait_scacquire",2816571,2816571,326,6196985708635159,6196985712635304
"HSA_CORE_API","hsa_signal_wait_scacquire",2816571,2816571,327,6196985712635774,6196985716635909
"HSA_CORE_API","hsa_signal_wait_scacquire",2816571,2816571,328,6196985716636389,6196985720636524
"HSA_CORE_API","hsa_signal_wait_scacquire",2816571,2816571,329,6196985720637004,6196985724637149
"HSA_CORE_API","hsa_signal_wait_scacquire",2816571,2816571,330,6196985724638889,6196985728639035
"HSA_CORE_API","hsa_signal_wait_scacquire",2816571,2816571,331,6196985728639505,6196985732639640
"HSA_CORE_API","hsa_signal_wait_scacquire",2816571,2816571,332,6196985732640120,6196985736640265
"HSA_CORE_API","hsa_signal_wait_scacquire",2816571,2816571,333,6196985736640735,6196985740640870
"HSA_CORE_API","hsa_signal_wait_scacquire",2816571,2816571,334,6196985740641150,6196985744641285
"HSA_CORE_API","hsa_signal_wait_scacquire",2816571,2816571,335,6196985744641605,6196985748641751
"HSA_CORE_API","hsa_signal_wait_scacquire",2816571,2816571,336,6196985748642241,6196985752642386
"HSA_CORE_API","hsa_signal_wait_scacquire",2816571,2816571,337,6196985752642876,6196985756643021
"HSA_CORE_API","hsa_signal_wait_scacquire",2816571,2816571,338,6196985756643501,6196985760643636
"HSA_CORE_API","hsa_signal_wait_scacquire",2816571,2816571,339,6196985760644126,6196985764644261
"HSA_CORE_API","hsa_signal_wait_scacquire",2816571,2816571,340,6196985764644751,6196985768644887
"HSA_CORE_API","hsa_signal_wait_scacquire",2816571,2816571,341,6196985768645377,6196985772645512
"HSA_CORE_API","hsa_signal_wait_scacquire",2816571,2816571,342,6196985772646002,6196985776646147
"HSA_CORE_API","hsa_signal_wait_scacquire",2816571,2816571,343,6196985776646627,6196985780646762
"HSA_CORE_API","hsa_signal_wait_scacquire",2816571,2816571,344,6196985780647252,6196985784647407
"HSA_CORE_API","hsa_signal_wait_scacquire",2816571,2816571,345,6196985784647907,6196985788648053
"HSA_CORE_API","hsa_signal_wait_scacquire",2816571,2816571,346,6196985788648543,6196985792648688
"HSA_CORE_API","hsa_signal_wait_scacquire",2816571,2816571,347,6196985792649178,6196985796649323
"HSA_CORE_API","hsa_signal_wait_scacquire",2816571,2816571,348,6196985796649803,6196985800649948
"HSA_CORE_API","hsa_signal_wait_scacquire",2816571,2816571,349,6196985800650438,6196985804650573
"HSA_CORE_API","hsa_signal_wait_scacquire",2816571,2816571,350,6196985804650873,6196985808651009
"HSA_CORE_API","hsa_signal_wait_scacquire",2816571,2816571,351,6196985808651489,6196985812651634
"HSA_CORE_API","hsa_signal_wait_scacquire",2816571,2816571,352,6196985812652114,6196985816652249
"HSA_CORE_API","hsa_signal_wait_scacquire",2816571,2816571,353,6196985816652779,6196985820652914
"HSA_CORE_API","hsa_signal_wait_scacquire",2816571,2816571,354,6196985820653434,6196985824653569
"HSA_CORE_API","hsa_signal_wait_scacquire",2816571,2816571,355,6196985824653869,6196985828654015
"HSA_CORE_API","hsa_signal_wait_scacquire",2816571,2816571,356,6196985828654545,6196985832654680
"HSA_CORE_API","hsa_signal_wait_scacquire",2816571,2816571,357,6196985832655170,6196985836655305
"HSA_CORE_API","hsa_signal_wait_scacquire",2816571,2816571,358,6196985836655805,6196985840655940
"HSA_CORE_API","hsa_signal_wait_scacquire",2816571,2816571,359,6196985840656640,6196985844656785
"HSA_CORE_API","hsa_signal_wait_scacquire",2816571,2816571,360,6196985844657075,6196985848657221
"HSA_CORE_API","hsa_signal_wait_scacquire",2816571,2816571,361,6196985848657701,6196985852657846
"HSA_CORE_API","hsa_signal_wait_scacquire",2816571,2816571,362,6196985852658326,6196985856658461
"HSA_CORE_API","hsa_signal_wait_scacquire",2816571,2816571,363,6196985856658941,6196985860659076
"HSA_CORE_API","hsa_signal_wait_scacquire",2816571,2816571,364,6196985860659556,6196985864659702
"HSA_CORE_API","hsa_signal_wait_scacquire",2816571,2816571,365,6196985864659992,6196985868660127
"HSA_CORE_API","hsa_signal_wait_scacquire",2816571,2816571,366,6196985868660607,6196985872660752
"HSA_CORE_API","hsa_signal_wait_scacquire",2816571,2816571,367,6196985872661232,6196985876661367
"HSA_CORE_API","hsa_signal_wait_scacquire",2816571,2816571,368,6196985876661847,6196985880661982
"HSA_CORE_API","hsa_signal_wait_scacquire",2816571,2816571,369,6196985880662462,6196985884662608
"HSA_CORE_API","hsa_signal_wait_scacquire",2816571,2816571,370,6196985884663077,6196985888663213
"HSA_CORE_API","hsa_signal_wait_scacquire",2816571,2816571,371,6196985888663693,6196985892663838
"HSA_CORE_API","hsa_signal_wait_scacquire",2816571,2816571,372,6196985892664308,6196985896664453
"HSA_CORE_API","hsa_signal_wait_scacquire",2816571,2816571,373,6196985896664923,6196985900665058
"HSA_CORE_API","hsa_signal_wait_scacquire",2816571,2816571,374,6196985900665538,6196985904665674
"HSA_CORE_API","hsa_signal_wait_scacquire",2816571,2816571,375,6196985904666154,6196985908666299
"HSA_CORE_API","hsa_signal_wait_scacquire",2816571,2816571,376,6196985908666769,6196985912666924
"HSA_CORE_API","hsa_signal_wait_scacquire",2816571,2816571,377,6196985912667404,6196985916667539
"HSA_CORE_API","hsa_signal_wait_scacquire",2816571,2816571,378,6196985916668009,6196985920668144
"HSA_CORE_API","hsa_signal_wait_scacquire",2816571,2816571,379,6196985920668624,6196985924668760
"HSA_CORE_API","hsa_signal_wait_scacquire",2816571,2816571,380,6196985924669240,6196985928669375
"HSA_CORE_API","hsa_signal_wait_scacquire",2816571,2816571,381,6196985928669665,6196985932669800
"HSA_CORE_API","hsa_signal_wait_scacquire",2816571,2816571,382,6196985932670280,6196985936670415
"HSA_CORE_API","hsa_signal_wait_scacquire",2816571,2816571,383,6196985936670895,6196985940671040
"HSA_CORE_API","hsa_signal_wait_scacquire",2816571,2816571,384,6196985940671510,6196985944671666
"HSA_CORE_API","hsa_signal_wait_scacquire",2816571,2816571,385,6196985944672026,6196985948672161
"HSA_CORE_API","hsa_signal_wait_scacquire",2816571,2816571,386,6196985948674501,6196985952674646
"HSA_CORE_API","hsa_signal_wait_scacquire",2816571,2816571,387,6196985952674926,6196985956675061
"HSA_CORE_API","hsa_signal_wait_scacquire",2816571,2816571,388,6196985956675541,6196985960675676
"HSA_CORE_API","hsa_signal_wait_scacquire",2816571,2816571,389,6196985960676156,6196985964676292
"HSA_CORE_API","hsa_signal_wait_scacquire",2816571,2816571,390,6196985964676782,6196985968676917
"HSA_CORE_API","hsa_signal_wait_scacquire",2816571,2816571,391,6196985968677447,6196985972677592
"HSA_CORE_API","hsa_signal_wait_scacquire",2816571,2816571,392,6196985972678072,6196985976678207
"HSA_CORE_API","hsa_signal_wait_scacquire",2816571,2816571,393,6196985976678687,6196985980678822
"HSA_CORE_API","hsa_signal_wait_scacquire",2816571,2816571,394,6196985980679302,6196985984679258
"HSA_CORE_API","hsa_signal_wait_scacquire",2816571,2816571,395,6196985984679738,6196985988679883
"HSA_CORE_API","hsa_signal_wait_scacquire",2816571,2816571,396,6196985988680353,6196985992680498
"HSA_CORE_API","hsa_signal_wait_scacquire",2816571,2816571,397,6196985992680798,6196985996680943
"HSA_CORE_API","hsa_signal_wait_scacquire",2816571,2816571,398,6196985996681413,6196986000907803
"HSA_CORE_API","hsa_signal_wait_scacquire",2816571,2816571,399,6196986000908233,6196986004908428
"HSA_CORE_API","hsa_signal_wait_scacquire",2816571,2816571,400,6196986004909008,6196986008909173
"HSA_CORE_API","hsa_signal_wait_scacquire",2816571,2816571,401,6196986008909463,6196986012909598
"HSA_CORE_API","hsa_signal_wait_scacquire",2816571,2816571,402,6196986012910078,6196986016910213
"HSA_CORE_API","hsa_signal_wait_scacquire",2816571,2816571,403,6196986016910693,6196986020910848
"HSA_CORE_API","hsa_signal_wait_scacquire",2816571,2816571,404,6196986020911318,6196986024911464
"HSA_CORE_API","hsa_signal_wait_scacquire",2816571,2816571,405,6196986024912184,6196986028912319
"HSA_CORE_API","hsa_signal_wait_scacquire",2816571,2816571,406,6196986028912799,6196986032912944
"HSA_CORE_API","hsa_signal_wait_scacquire",2816571,2816571,407,6196986032913424,6196986036913559
"HSA_CORE_API","hsa_signal_wait_scacquire",2816571,2816571,408,6196986036914039,6196986040914175
"HSA_CORE_API","hsa_signal_wait_scacquire",2816571,2816571,409,6196986040914655,6196986044914800
"HSA_CORE_API","hsa_signal_wait_scacquire",2816571,2816571,410,6196986044915100,6196986048915235
"HSA_CORE_API","hsa_signal_wait_scacquire",2816571,2816571,411,6196986048915715,6196986052915850
"HSA_CORE_API","hsa_signal_wait_scacquire",2816571,2816571,412,6196986052916330,6196986056916475
"HSA_CORE_API","hsa_signal_wait_scacquire",2816571,2816571,413,6196986056916765,6196986060916900
"HSA_CORE_API","hsa_signal_wait_scacquire",2816571,2816571,414,6196986060917380,6196986064917516
"HSA_CORE_API","hsa_signal_wait_scacquire",2816571,2816571,415,6196986064917996,6196986068918131
"HSA_CORE_API","hsa_signal_wait_scacquire",2816571,2816571,416,6196986068918611,6196986072918746
"HSA_CORE_API","hsa_signal_wait_scacquire",2816571,2816571,417,6196986072919226,6196986076919361
"HSA_CORE_API","hsa_signal_wait_scacquire",2816571,2816571,418,6196986076919841,6196986080919997
"HSA_CORE_API","hsa_signal_wait_scacquire",2816571,2816571,419,6196986080920477,6196986084920632
"HSA_CORE_API","hsa_signal_wait_scacquire",2816571,2816571,420,6196986084921102,6196986088921237
"HSA_CORE_API","hsa_signal_wait_scacquire",2816571,2816571,421,6196986088921777,6196986092921912
"HSA_CORE_API","hsa_signal_wait_scacquire",2816571,2816571,422,6196986092922392,6196986096922527
"HSA_CORE_API","hsa_signal_wait_scacquire",2816571,2816571,423,6196986096923007,6196986100923152
"HSA_CORE_API","hsa_signal_wait_scacquire",2816571,2816571,424,6196986100923622,6196986104923758
"HSA_CORE_API","hsa_signal_wait_scacquire",2816571,2816571,425,6196986104924238,6196986108924373
"HSA_CORE_API","hsa_signal_wait_scacquire",2816571,2816571,426,6196986108924853,6196986112924988
"HSA_CORE_API","hsa_signal_wait_scacquire",2816571,2816571,427,6196986112925478,6196986116925623
"HSA_CORE_API","hsa_signal_wait_scacquire",2816571,2816571,428,6196986116925913,6196986120926059
"HSA_CORE_API","hsa_signal_wait_scacquire",2816571,2816571,429,6196986120926589,6196986124926724
"HSA_CORE_API","hsa_signal_wait_scacquire",2816571,2816571,430,6196986124927204,6196986128927349
"HSA_CORE_API","hsa_signal_wait_scacquire",2816571,2816571,431,6196986128927819,6196986132927954
"HSA_CORE_API","hsa_signal_wait_scacquire",2816571,2816571,432,6196986132928434,6196986136928569
"HSA_CORE_API","hsa_signal_wait_scacquire",2816571,2816571,433,6196986136929059,6196986140929195
"HSA_CORE_API","hsa_signal_wait_scacquire",2816571,2816571,434,6196986140930534,6196986144930680
"HSA_CORE_API","hsa_signal_wait_scacquire",2816571,2816571,435,6196986144930970,6196986148931125
"HSA_CORE_API","hsa_signal_wait_scacquire",2816571,2816571,436,6196986148931615,6196986152931750
"HSA_CORE_API","hsa_signal_wait_scacquire",2816571,2816571,437,6196986152932230,6196986156932365
"HSA_CORE_API","hsa_signal_wait_scacquire",2816571,2816571,438,6196986156932845,6196986160932991
"HSA_CORE_API","hsa_signal_wait_scacquire",2816571,2816571,439,6196986160933461,6196986164933606
"HSA_CORE_API","hsa_signal_wait_scacquire",2816571,2816571,440,6196986164934086,6196986168934221
"HSA_CORE_API","hsa_signal_wait_scacquire",2816571,2816571,441,6196986168934701,6196986172934836
"HSA_CORE_API","hsa_signal_wait_scacquire",2816571,2816571,442,6196986172935316,6196986176935451
"HSA_CORE_API","hsa_signal_wait_scacquire",2816571,2816571,443,6196986176935921,6196986180936077
"HSA_CORE_API","hsa_signal_wait_scacquire",2816571,2816571,444,6196986180936367,6196986184936512
"HSA_CORE_API","hsa_signal_wait_scacquire",2816571,2816571,445,6196986184936982,6196986188937127
"HSA_CORE_API","hsa_signal_wait_scacquire",2816571,2816571,446,6196986188937607,6196986192937752
"HSA_CORE_API","hsa_signal_wait_scacquire",2816571,2816571,447,6196986192938222,6196986196938357
"HSA_CORE_API","hsa_signal_wait_scacquire",2816571,2816571,448,6196986196938837,6196986200938973
"HSA_CORE_API","hsa_signal_wait_scacquire",2816571,2816571,449,6196986200939533,6196986204939678
"HSA_CORE_API","hsa_signal_wait_scacquire",2816571,2816571,450,6196986204941188,6196986208941333
"HSA_CORE_API","hsa_signal_wait_scacquire",2816571,2816571,451,6196986208941613,6196986212941768
"HSA_CORE_API","hsa_signal_wait_scacquire",2816571,2816571,452,6196986212942238,6196986216942393
"HSA_CORE_API","hsa_signal_wait_scacquire",2816571,2816571,453,6196986216942873,6196986220943019
"HSA_CORE_API","hsa_signal_wait_scacquire",2816571,2816571,454,6196986220943499,6196986224943644
"HSA_CORE_API","hsa_signal_wait_scacquire",2816571,2816571,455,6196986224944114,6196986228944259
"HSA_CORE_API","hsa_signal_wait_scacquire",2816571,2816571,456,6196986228944739,6196986232944874
"HSA_CORE_API","hsa_signal_wait_scacquire",2816571,2816571,457,6196986232945354,6196986236945489
"HSA_CORE_API","hsa_signal_wait_scacquire",2816571,2816571,458,6196986236945969,6196986240946105
"HSA_CORE_API","hsa_signal_wait_scacquire",2816571,2816571,459,6196986240946595,6196986244946750
"HSA_CORE_API","hsa_signal_wait_scacquire",2816571,2816571,460,6196986244948120,6196986248948265
"HSA_CORE_API","hsa_signal_wait_scacquire",2816571,2816571,461,6196986248948555,6196986252948710
"HSA_CORE_API","hsa_signal_wait_scacquire",2816571,2816571,462,6196986252949200,6196986256949355
"HSA_CORE_API","hsa_signal_wait_scacquire",2816571,2816571,463,6196986256949935,6196986260950081
"HSA_CORE_API","hsa_signal_wait_scacquire",2816571,2816571,464,6196986260950641,6196986264950786
"HSA_CORE_API","hsa_signal_wait_scacquire",2816571,2816571,465,6196986264951076,6196986268951231
"HSA_CORE_API","hsa_signal_wait_scacquire",2816571,2816571,466,6196986268951711,6196986272951846
"HSA_CORE_API","hsa_signal_wait_scacquire",2816571,2816571,467,6196986272952326,6196986276952471
"HSA_CORE_API","hsa_signal_wait_scacquire",2816571,2816571,468,6196986276952941,6196986280953077
"HSA_CORE_API","hsa_signal_wait_scacquire",2816571,2816571,469,6196986280953557,6196986284953692
"HSA_CORE_API","hsa_signal_wait_scacquire",2816571,2816571,470,6196986284954172,6196986288954317
"HSA_CORE_API","hsa_signal_wait_scacquire",2816571,2816571,471,6196986288954797,6196986292954942
"HSA_CORE_API","hsa_signal_wait_scacquire",2816571,2816571,472,6196986292955412,6196986296955557
"HSA_CORE_API","hsa_signal_wait_scacquire",2816571,2816571,473,6196986296956027,6196986300956163
"HSA_CORE_API","hsa_signal_wait_scacquire",2816571,2816571,474,6196986300956643,6196986304956778
"HSA_CORE_API","hsa_signal_wait_scacquire",2816571,2816571,475,6196986304957248,6196986308957393
"HSA_CORE_API","hsa_signal_wait_scacquire",2816571,2816571,476,6196986308957693,6196986312957828
"HSA_CORE_API","hsa_signal_wait_scacquire",2816571,2816571,477,6196986312958308,6196986316958453
"HSA_CORE_API","hsa_signal_wait_scacquire",2816571,2816571,478,6196986316958923,6196986320959079
"HSA_CORE_API","hsa_signal_wait_scacquire",2816571,2816571,479,6196986320959549,6196986324959684
"HSA_CORE_API","hsa_signal_wait_scacquire",2816571,2816571,480,6196986324960164,6196986328960299
"HSA_CORE_API","hsa_signal_wait_scacquire",2816571,2816571,481,6196986328960779,6196986332960914
"HSA_CORE_API","hsa_signal_wait_scacquire",2816571,2816571,482,6196986332961394,6196986336961539
"HSA_CORE_API","hsa_signal_wait_scacquire",2816571,2816571,483,6196986336962009,6196986340963375
"HSA_CORE_API","hsa_signal_wait_scacquire",2816571,2816571,484,6196986340969514,6196986344970120
"HSA_CORE_API","hsa_signal_wait_scacquire",2816571,2816571,485,6196986344970580,6196986348970715
"HSA_CORE_API","hsa_signal_wait_scacquire",2816571,2816571,486,6196986348971005,6196986352971150
"HSA_CORE_API","hsa_signal_wait_scacquire",2816571,2816571,487,6196986352971620,6196986356971765
"HSA_CORE_API","hsa_signal_wait_scacquire",2816571,2816571,488,6196986356972245,6196986360972391
"HSA_CORE_API","hsa_signal_wait_scacquire",2816571,2816571,489,6196986360972861,6196986364972996
"HSA_CORE_API","hsa_signal_wait_scacquire",2816571,2816571,490,6196986364973476,6196986368973611
"HSA_CORE_API","hsa_signal_wait_scacquire",2816571,2816571,491,6196986368973901,6196986372974056
"HSA_CORE_API","hsa_signal_wait_scacquire",2816571,2816571,492,6196986372974536,6196986376974671
"HSA_CORE_API","hsa_signal_wait_scacquire",2816571,2816571,493,6196986376975151,6196986380975286
"HSA_CORE_API","hsa_signal_wait_scacquire",2816571,2816571,494,6196986380975766,6196986384975902
"HSA_CORE_API","hsa_signal_wait_scacquire",2816571,2816571,495,6196986384976382,6196986388976517
"HSA_CORE_API","hsa_signal_wait_scacquire",2816571,2816571,496,6196986388976997,6196986392977132
"HSA_CORE_API","hsa_signal_wait_scacquire",2816571,2816571,497,6196986392977612,6196986396977757
"HSA_CORE_API","hsa_signal_wait_scacquire",2816571,2816571,498,6196986396978227,6196986400978373
"HSA_CORE_API","hsa_signal_wait_scacquire",2816571,2816571,499,6196986400978853,6196986404978988
"HSA_CORE_API","hsa_signal_wait_scacquire",2816571,2816571,500,6196986404979468,6196986408979613
"HSA_CORE_API","hsa_signal_wait_scacquire",2816571,2816571,501,6196986408980083,6196986412980228
"HSA_CORE_API","hsa_signal_wait_scacquire",2816571,2816571,502,6196986412980708,6196986416980843
"HSA_CORE_API","hsa_signal_wait_scacquire",2816571,2816571,503,6196986416981323,6196986420981458
"HSA_CORE_API","hsa_signal_wait_scacquire",2816571,2816571,504,6196986420981938,6196986424982084
"HSA_CORE_API","hsa_signal_wait_scacquire",2816571,2816571,505,6196986424982554,6196986428982689
"HSA_CORE_API","hsa_signal_wait_scacquire",2816571,2816571,506,6196986428983159,6196986432983304
"HSA_CORE_API","hsa_signal_wait_scacquire",2816571,2816571,507,6196986432983594,6196986436983729
"HSA_CORE_API","hsa_signal_wait_scacquire",2816571,2816571,508,6196986436984239,6196986440984375
"HSA_CORE_API","hsa_signal_wait_scacquire",2816571,2816571,509,6196986440984855,6196986444984990
"HSA_CORE_API","hsa_signal_wait_scacquire",2816571,2816571,510,6196986444985290,6196986448985455
"HSA_CORE_API","hsa_signal_wait_scacquire",2816571,2816571,511,6196986448985935,6196986452986070
"HSA_CORE_API","hsa_signal_wait_scacquire",2816571,2816571,512,6196986452986550,6196986456986685
"HSA_CORE_API","hsa_signal_wait_scacquire",2816571,2816571,513,6196986456988525,6196986460988660
"HSA_CORE_API","hsa_signal_wait_scacquire",2816571,2816571,514,6196986460989820,6196986464989966
"HSA_CORE_API","hsa_signal_wait_scacquire",2816571,2816571,515,6196986464990246,6196986468990381
"HSA_CORE_API","hsa_signal_wait_scacquire",2816571,2816571,516,6196986468990861,6196986472990996
"HSA_CORE_API","hsa_signal_wait_scacquire",2816571,2816571,517,6196986472991476,6196986476991611
"HSA_CORE_API","hsa_signal_wait_scacquire",2816571,2816571,518,6196986476992091,6196986480992227
"HSA_CORE_API","hsa_signal_wait_scacquire",2816571,2816571,519,6196986480992707,6196986484992842
"HSA_CORE_API","hsa_signal_wait_scacquire",2816571,2816571,520,6196986484993322,6196986488993457
"HSA_CORE_API","hsa_signal_wait_scacquire",2816571,2816571,521,6196986488993987,6196986492994122
"HSA_CORE_API","hsa_signal_wait_scacquire",2816571,2816571,522,6196986492994602,6196986496994747
"HSA_CORE_API","hsa_signal_wait_scacquire",2816571,2816571,523,6196986496995037,6196986500995172
"HSA_CORE_API","hsa_signal_wait_scacquire",2816571,2816571,524,6196986500995652,6196986504995798
"HSA_CORE_API","hsa_signal_wait_scacquire",2816571,2816571,525,6196986504996278,6196986508996413
"HSA_CORE_API","hsa_signal_wait_scacquire",2816571,2816571,526,6196986508996893,6196986512997028
"HSA_CORE_API","hsa_signal_wait_scacquire",2816571,2816571,527,6196986512997508,6196986516997643
"HSA_CORE_API","hsa_signal_wait_scacquire",2816571,2816571,528,6196986516998113,6196986520998249
"HSA_CORE_API","hsa_signal_wait_scacquire",2816571,2816571,529,6196986520998729,6196986524998864
"HSA_CORE_API","hsa_signal_wait_scacquire",2816571,2816571,530,6196986524999344,6196986528999479
"HSA_CORE_API","hsa_signal_wait_scacquire",2816571,2816571,531,6196986528999959,6196986533002544
"HSA_CORE_API","hsa_signal_wait_scacquire",2816571,2816571,532,6196986533002864,6196986537003009
"HSA_CORE_API","hsa_signal_wait_scacquire",2816571,2816571,533,6196986537003479,6196986541003624
"HSA_CORE_API","hsa_signal_wait_scacquire",2816571,2816571,534,6196986541005224,6196986545005380
"HSA_CORE_API","hsa_signal_wait_scacquire",2816571,2816571,535,6196986545005680,6196986549005845
"HSA_CORE_API","hsa_signal_wait_scacquire",2816571,2816571,536,6196986549006335,6196986553006480
"HSA_CORE_API","hsa_signal_wait_scacquire",2816571,2816571,537,6196986553006950,6196986557007085
"HSA_CORE_API","hsa_signal_wait_scacquire",2816571,2816571,538,6196986557007375,6196986561007511
"HSA_CORE_API","hsa_signal_wait_scacquire",2816571,2816571,539,6196986561007991,6196986565008136
"HSA_CORE_API","hsa_signal_wait_scacquire",2816571,2816571,540,6196986565008616,6196986569008761
"HSA_CORE_API","hsa_signal_wait_scacquire",2816571,2816571,541,6196986569009241,6196986573009386
"HSA_CORE_API","hsa_signal_wait_scacquire",2816571,2816571,542,6196986573009856,6196986577009991
"HSA_CORE_API","hsa_signal_wait_scacquire",2816571,2816571,543,6196986577010471,6196986581010606
"HSA_CORE_API","hsa_signal_wait_scacquire",2816571,2816571,544,6196986581011086,6196986585011222
"HSA_CORE_API","hsa_signal_wait_scacquire",2816571,2816571,545,6196986585011702,6196986589011837
"HSA_CORE_API","hsa_signal_wait_scacquire",2816571,2816571,546,6196986589012317,6196986593012462
"HSA_CORE_API","hsa_signal_wait_scacquire",2816571,2816571,547,6196986593012942,6196986597013087
"HSA_CORE_API","hsa_signal_wait_scacquire",2816571,2816571,548,6196986597013567,6196986601013713
"HSA_CORE_API","hsa_signal_wait_scacquire",2816571,2816571,549,6196986601014183,6196986605014328
"HSA_CORE_API","hsa_signal_wait_scacquire",2816571,2816571,550,6196986605014798,6196986609014953
"HSA_CORE_API","hsa_signal_wait_scacquire",2816571,2816571,551,6196986609015443,6196986613015578
"HSA_CORE_API","hsa_signal_wait_scacquire",2816571,2816571,552,6196986613016058,6196986617016203
"HSA_CORE_API","hsa_signal_wait_scacquire",2816571,2816571,553,6196986617016673,6196986621016808
"HSA_CORE_API","hsa_signal_wait_scacquire",2816571,2816571,554,6196986621017288,6196986625017424
"HSA_CORE_API","hsa_signal_wait_scacquire",2816571,2816571,555,6196986625017904,6196986629018049
"HSA_CORE_API","hsa_signal_wait_scacquire",2816571,2816571,556,6196986629018529,6196986633018664
"HSA_CORE_API","hsa_signal_wait_scacquire",2816571,2816571,557,6196986633019144,6196986637019289
"HSA_CORE_API","hsa_signal_wait_scacquire",2816571,2816571,558,6196986637019769,6196986641019905
"HSA_CORE_API","hsa_signal_wait_scacquire",2816571,2816571,559,6196986641020385,6196986645020530
"HSA_CORE_API","hsa_signal_wait_scacquire",2816571,2816571,560,6196986645020830,6196986649020965
"HSA_CORE_API","hsa_signal_wait_scacquire",2816571,2816571,561,6196986649021445,6196986653021580
"HSA_CORE_API","hsa_signal_wait_scacquire",2816571,2816571,562,6196986653022060,6196986657022195
"HSA_CORE_API","hsa_signal_wait_scacquire",2816571,2816571,563,6196986657022665,6196986661022801
"HSA_CORE_API","hsa_signal_wait_scacquire",2816571,2816571,564,6196986661023281,6196986665023416
"HSA_CORE_API","hsa_signal_wait_scacquire",2816571,2816571,565,6196986665023886,6196986669024031
"HSA_CORE_API","hsa_signal_wait_scacquire",2816571,2816571,566,6196986669024501,6196986673024636
"HSA_CORE_API","hsa_signal_wait_scacquire",2816571,2816571,567,6196986673025116,6196986677025261
"HSA_CORE_API","hsa_signal_wait_scacquire",2816571,2816571,568,6196986677025731,6196986681025867
"HSA_CORE_API","hsa_signal_wait_scacquire",2816571,2816571,569,6196986681026347,6196986685026492
"HSA_CORE_API","hsa_signal_wait_scacquire",2816571,2816571,570,6196986685026782,6196986689026917
"HSA_CORE_API","hsa_signal_wait_scacquire",2816571,2816571,571,6196986689027397,6196986693027542
"HSA_CORE_API","hsa_signal_wait_scacquire",2816571,2816571,572,6196986693028022,6196986697028157
"HSA_CORE_API","hsa_signal_wait_scacquire",2816571,2816571,573,6196986697028637,6196986701028773
"HSA_CORE_API","hsa_signal_wait_scacquire",2816571,2816571,574,6196986701029253,6196986705029388
"HSA_CORE_API","hsa_signal_wait_scacquire",2816571,2816571,575,6196986705029868,6196986709030053
"HSA_CORE_API","hsa_signal_wait_scacquire",2816571,2816571,576,6196986709030383,6196986713030568
"HSA_CORE_API","hsa_signal_wait_scacquire",2816571,2816571,577,6196986713030928,6196986717031103
"HSA_CORE_API","hsa_signal_wait_scacquire",2816571,2816571,578,6196986717034173,6196986721034319
"HSA_CORE_API","hsa_signal_wait_scacquire",2816571,2816571,579,6196986721034599,6196986725034744
"HSA_CORE_API","hsa_signal_wait_scacquire",2816571,2816571,580,6196986725035224,6196986729035369
"HSA_CORE_API","hsa_signal_wait_scacquire",2816571,2816571,581,6196986729035839,6196986733036004
"HSA_CORE_API","hsa_signal_wait_scacquire",2816571,2816571,582,6196986733036494,6196986737036639
"HSA_CORE_API","hsa_signal_wait_scacquire",2816571,2816571,583,6196986737037109,6196986741037245
"HSA_CORE_API","hsa_signal_wait_scacquire",2816571,2816571,584,6196986741037725,6196986745037860
"HSA_CORE_API","hsa_signal_wait_scacquire",2816571,2816571,585,6196986745038160,6196986749038305
"HSA_CORE_API","hsa_signal_wait_scacquire",2816571,2816571,586,6196986749038595,6196986753038730
"HSA_CORE_API","hsa_signal_wait_scacquire",2816571,2816571,587,6196986753039210,6196986757039346
"HSA_CORE_API","hsa_signal_wait_scacquire",2816571,2816571,588,6196986757039826,6196986761039971
"HSA_CORE_API","hsa_signal_wait_scacquire",2816571,2816571,589,6196986761041001,6196986765041156
"HSA_CORE_API","hsa_signal_wait_scacquire",2816571,2816571,590,6196986765041826,6196986769041961
"HSA_CORE_API","hsa_signal_wait_scacquire",2816571,2816571,591,6196986769042531,6196986773042726
"HSA_CORE_API","hsa_signal_wait_scacquire",2816571,2816571,592,6196986773043036,6196986777043181
"HSA_CORE_API","hsa_signal_wait_scacquire",2816571,2816571,593,6196986777043461,6196986781043747
"HSA_CORE_API","hsa_signal_wait_scacquire",2816571,2816571,594,6196986781047727,6196986785048162
"HSA_CORE_API","hsa_signal_wait_scacquire",2816571,2816571,595,6196986785048692,6196986789048847
"HSA_CORE_API","hsa_signal_wait_scacquire",2816571,2816571,596,6196986789049137,6196986793049282
"HSA_CORE_API","hsa_signal_wait_scacquire",2816571,2816571,597,6196986793049852,6196986797049997
"HSA_CORE_API","hsa_signal_wait_scacquire",2816571,2816571,598,6196986797050467,6196986801050603
"HSA_CORE_API","hsa_signal_wait_scacquire",2816571,2816571,599,6196986801051083,6196986805051218
"HSA_CORE_API","hsa_signal_wait_scacquire",2816571,2816571,600,6196986805051698,6196986809051843
"HSA_CORE_API","hsa_signal_wait_scacquire",2816571,2816571,601,6196986809052133,6196986813052268
"HSA_CORE_API","hsa_signal_wait_scacquire",2816571,2816571,602,6196986813052748,6196986817052894
"HSA_CORE_API","hsa_signal_wait_scacquire",2816571,2816571,603,6196986817053374,6196986821053519
"HSA_CORE_API","hsa_signal_wait_scacquire",2816571,2816571,604,6196986821053989,6196986825054124
"HSA_CORE_API","hsa_signal_wait_scacquire",2816571,2816571,605,6196986825055154,6196986829055309
"HSA_CORE_API","hsa_signal_wait_scacquire",2816571,2816571,606,6196986829055789,6196986833055924
"HSA_CORE_API","hsa_signal_wait_scacquire",2816571,2816571,607,6196986833056404,6196986837056550
"HSA_CORE_API","hsa_signal_wait_scacquire",2816571,2816571,608,6196986837057020,6196986841057165
"HSA_CORE_API","hsa_signal_wait_scacquire",2816571,2816571,609,6196986841057795,6196986845057930
"HSA_CORE_API","hsa_signal_wait_scacquire",2816571,2816571,610,6196986845058230,6196986849058365
"HSA_CORE_API","hsa_signal_wait_scacquire",2816571,2816571,611,6196986849058845,6196986853059000
"HSA_CORE_API","hsa_signal_wait_scacquire",2816571,2816571,612,6196986853059480,6196986857059616
"HSA_CORE_API","hsa_signal_wait_scacquire",2816571,2816571,613,6196986857059906,6196986861060051
"HSA_CORE_API","hsa_signal_wait_scacquire",2816571,2816571,614,6196986861060531,6196986865060666
"HSA_CORE_API","hsa_signal_wait_scacquire",2816571,2816571,615,6196986865061156,6196986869061301
"HSA_CORE_API","hsa_signal_wait_scacquire",2816571,2816571,616,6196986869061781,6196986873061926
"HSA_CORE_API","hsa_signal_wait_scacquire",2816571,2816571,617,6196986873062216,6196986877062352
"HSA_CORE_API","hsa_signal_wait_scacquire",2816571,2816571,618,6196986877062832,6196986881062967
"HSA_CORE_API","hsa_signal_wait_scacquire",2816571,2816571,619,6196986881063447,6196986885063582
"HSA_CORE_API","hsa_signal_wait_scacquire",2816571,2816571,620,6196986885064062,6196986889064197
"HSA_CORE_API","hsa_signal_wait_scacquire",2816571,2816571,621,6196986889064737,6196986893064893
"HSA_CORE_API","hsa_signal_wait_scacquire",2816571,2816571,622,6196986893065383,6196986897065518
"HSA_CORE_API","hsa_signal_wait_scacquire",2816571,2816571,623,6196986897065998,6196986901066133
"HSA_CORE_API","hsa_signal_wait_scacquire",2816571,2816571,624,6196986901066613,6196986905066748
"HSA_CORE_API","hsa_signal_wait_scacquire",2816571,2816571,625,6196986905067228,6196986909067363
"HSA_CORE_API","hsa_signal_wait_scacquire",2816571,2816571,626,6196986909067843,6196986913067989
"HSA_CORE_API","hsa_signal_wait_scacquire",2816571,2816571,627,6196986913068469,6196986917068614
"HSA_CORE_API","hsa_signal_wait_scacquire",2816571,2816571,628,6196986917069084,6196986921069219
"HSA_CORE_API","hsa_signal_wait_scacquire",2816571,2816571,629,6196986921069699,6196986925069834
"HSA_CORE_API","hsa_signal_wait_scacquire",2816571,2816571,630,6196986925070314,6196986929070459
"HSA_CORE_API","hsa_signal_wait_scacquire",2816571,2816571,631,6196986929070939,6196986933071085
"HSA_CORE_API","hsa_signal_wait_scacquire",2816571,2816571,632,6196986933071565,6196986937071720
"HSA_CORE_API","hsa_signal_wait_scacquire",2816571,2816571,633,6196986937072210,6196986941072355
"HSA_CORE_API","hsa_signal_wait_scacquire",2816571,2816571,634,6196986941072825,6196986945072980
"HSA_CORE_API","hsa_signal_wait_scacquire",2816571,2816571,635,6196986945073280,6196986949073425
"HSA_CORE_API","hsa_signal_wait_scacquire",2816571,2816571,636,6196986949073895,6196986953074031
"HSA_CORE_API","hsa_signal_wait_scacquire",2816571,2816571,637,6196986953074511,6196986957074646
"HSA_CORE_API","hsa_signal_wait_scacquire",2816571,2816571,638,6196986957075126,6196986961075261
"HSA_CORE_API","hsa_signal_wait_scacquire",2816571,2816571,639,6196986961075741,6196986965075876
"HSA_CORE_API","hsa_signal_wait_scacquire",2816571,2816571,640,6196986965076356,6196986969076492
"HSA_CORE_API","hsa_signal_wait_scacquire",2816571,2816571,641,6196986969078342,6196986973078477
"HSA_CORE_API","hsa_signal_wait_scacquire",2816571,2816571,642,6196986973080027,6196986977080172
"HSA_CORE_API","hsa_signal_wait_scacquire",2816571,2816571,643,6196986977080462,6196986981080597
"HSA_CORE_API","hsa_signal_wait_scacquire",2816571,2816571,644,6196986981081087,6196986985081222
"HSA_CORE_API","hsa_signal_wait_scacquire",2816571,2816571,645,6196986985081712,6196986989081858
"HSA_CORE_API","hsa_signal_wait_scacquire",2816571,2816571,646,6196986989082338,6196986993082483
"HSA_CORE_API","hsa_signal_wait_scacquire",2816571,2816571,647,6196986993082953,6196986997083088
"HSA_CORE_API","hsa_signal_wait_scacquire",2816571,2816571,648,6196986997083578,6196987001083713
"HSA_CORE_API","hsa_signal_wait_scacquire",2816571,2816571,649,6196987001084193,6196987005084348
"HSA_CORE_API","hsa_signal_wait_scacquire",2816571,2816571,650,6196987005084638,6196987009084774
"HSA_CORE_API","hsa_signal_wait_scacquire",2816571,2816571,651,6196987009085254,6196987013085399
"HSA_CORE_API","hsa_signal_wait_scacquire",2816571,2816571,652,6196987013085869,6196987017086014
"HSA_CORE_API","hsa_signal_wait_scacquire",2816571,2816571,653,6196987017086484,6196987021086629
"HSA_CORE_API","hsa_signal_wait_scacquire",2816571,2816571,654,6196987021087099,6196987025087234
"HSA_CORE_API","hsa_signal_wait_scacquire",2816571,2816571,655,6196987025087714,6196987029087860
"HSA_CORE_API","hsa_signal_wait_scacquire",2816571,2816571,656,6196987029088330,6196987033088465
"HSA_CORE_API","hsa_signal_wait_scacquire",2816571,2816571,657,6196987033088945,6196987037089090
"HSA_CORE_API","hsa_signal_wait_scacquire",2816571,2816571,658,6196987037089560,6196987041089705
"HSA_CORE_API","hsa_signal_wait_scacquire",2816571,2816571,659,6196987041090185,6196987045090321
"HSA_CORE_API","hsa_signal_wait_scacquire",2816571,2816571,660,6196987045091170,6196987049091306
"HSA_CORE_API","hsa_signal_wait_scacquire",2816571,2816571,661,6196987049091596,6196987053091741
"HSA_CORE_API","hsa_signal_wait_scacquire",2816571,2816571,662,6196987053092221,6196987057092366
"HSA_CORE_API","hsa_signal_wait_scacquire",2816571,2816571,663,6196987057092846,6196987061092981
"HSA_CORE_API","hsa_signal_wait_scacquire",2816571,2816571,664,6196987061093281,6196987065093437
"HSA_CORE_API","hsa_signal_wait_scacquire",2816571,2816571,665,6196987065093927,6196987069094062
"HSA_CORE_API","hsa_signal_wait_scacquire",2816571,2816571,666,6196987069094542,6196987073094697
"HSA_CORE_API","hsa_signal_wait_scacquire",2816571,2816571,667,6196987073095177,6196987077095322
"HSA_CORE_API","hsa_signal_wait_scacquire",2816571,2816571,668,6196987077095802,6196987081095927
"HSA_CORE_API","hsa_signal_wait_scacquire",2816571,2816571,669,6196987081096417,6196987085096553
"HSA_CORE_API","hsa_signal_wait_scacquire",2816571,2816571,670,6196987085097033,6196987089097178
"HSA_CORE_API","hsa_signal_wait_scacquire",2816571,2816571,671,6196987089097648,6196987093097783
"HSA_CORE_API","hsa_signal_wait_scacquire",2816571,2816571,672,6196987093098073,6196987097098218
"HSA_CORE_API","hsa_signal_wait_scacquire",2816571,2816571,673,6196987097098688,6196987101098843
"HSA_CORE_API","hsa_signal_wait_scacquire",2816571,2816571,674,6196987101099323,6196987105099469
"HSA_CORE_API","hsa_signal_wait_scacquire",2816571,2816571,675,6196987105099949,6196987109100094
"HSA_CORE_API","hsa_signal_wait_scacquire",2816571,2816571,676,6196987109100384,6196987113100519
"HSA_CORE_API","hsa_signal_wait_scacquire",2816571,2816571,677,6196987113100999,6196987117101134
"HSA_CORE_API","hsa_signal_wait_scacquire",2816571,2816571,678,6196987117101614,6196987121101760
"HSA_CORE_API","hsa_signal_wait_scacquire",2816571,2816571,679,6196987121102239,6196987125102375
"HSA_CORE_API","hsa_signal_wait_scacquire",2816571,2816571,680,6196987125102865,6196987129103000
"HSA_CORE_API","hsa_signal_wait_scacquire",2816571,2816571,681,6196987129103490,6196987133103625
"HSA_CORE_API","hsa_signal_wait_scacquire",2816571,2816571,682,6196987133104105,6196987137104250
"HSA_CORE_API","hsa_signal_wait_scacquire",2816571,2816571,683,6196987137104810,6196987141104946
"HSA_CORE_API","hsa_signal_wait_scacquire",2816571,2816571,684,6196987141105436,6196987145105581
"HSA_CORE_API","hsa_signal_wait_scacquire",2816571,2816571,685,6196987145105871,6196987149106016
"HSA_CORE_API","hsa_signal_wait_scacquire",2816571,2816571,686,6196987149106586,6196987153106721
"HSA_CORE_API","hsa_signal_wait_scacquire",2816571,2816571,687,6196987153107201,6196987157107346
"HSA_CORE_API","hsa_signal_wait_scacquire",2816571,2816571,688,6196987157107816,6196987161107952
"HSA_CORE_API","hsa_signal_wait_scacquire",2816571,2816571,689,6196987161108432,6196987165108567
"HSA_CORE_API","hsa_signal_wait_scacquire",2816571,2816571,690,6196987165109037,6196987169109192
"HSA_CORE_API","hsa_signal_wait_scacquire",2816571,2816571,691,6196987169109662,6196987173109807
"HSA_CORE_API","hsa_signal_wait_scacquire",2816571,2816571,692,6196987173110287,6196987177110422
"HSA_CORE_API","hsa_signal_wait_scacquire",2816571,2816571,693,6196987177110712,6196987181110838
"HSA_CORE_API","hsa_signal_wait_scacquire",2816571,2816571,694,6196987181111318,6196987185111453
"HSA_CORE_API","hsa_signal_wait_scacquire",2816571,2816571,695,6196987185111933,6196987189112068
"HSA_CORE_API","hsa_signal_wait_scacquire",2816571,2816571,696,6196987189112548,6196987193112703
"HSA_CORE_API","hsa_signal_wait_scacquire",2816571,2816571,697,6196987193113183,6196987197113319
"HSA_CORE_API","hsa_signal_wait_scacquire",2816571,2816571,698,6196987197113618,6196987201113754
"HSA_CORE_API","hsa_signal_wait_scacquire",2816571,2816571,699,6196987201114234,6196987205114379
"HSA_CORE_API","hsa_signal_wait_scacquire",2816571,2816571,700,6196987205114849,6196987209114984
"HSA_CORE_API","hsa_signal_wait_scacquire",2816571,2816571,701,6196987209115464,6196987213115609
"HSA_CORE_API","hsa_signal_wait_scacquire",2816571,2816571,702,6196987213116089,6196987217116235
"HSA_CORE_API","hsa_signal_wait_scacquire",2816571,2816571,703,6196987217116715,6196987221116850
"HSA_CORE_API","hsa_signal_wait_scacquire",2816571,2816571,704,6196987221117150,6196987225117085
"HSA_CORE_API","hsa_signal_wait_scacquire",2816571,2816571,705,6196987225117445,6196987229117580
"HSA_CORE_API","hsa_signal_wait_scacquire",2816571,2816571,706,6196987229119310,6196987233119445
"HSA_CORE_API","hsa_signal_wait_scacquire",2816571,2816571,707,6196987233120495,6196987237120650
"HSA_CORE_API","hsa_signal_wait_scacquire",2816571,2816571,708,6196987237121130,6196987241121266
"HSA_CORE_API","hsa_signal_wait_scacquire",2816571,2816571,709,6196987241121746,6196987245121881
"HSA_CORE_API","hsa_signal_wait_scacquire",2816571,2816571,710,6196987245122191,6196987249122326
"HSA_CORE_API","hsa_signal_wait_scacquire",2816571,2816571,711,6196987249122616,6196987253122561
"HSA_CORE_API","hsa_signal_wait_scacquire",2816571,2816571,712,6196987253122851,6196987257122797
"HSA_CORE_API","hsa_signal_wait_scacquire",2816571,2816571,713,6196987257123087,6196987261123032
"HSA_CORE_API","hsa_signal_wait_scacquire",2816571,2816571,714,6196987261123322,6196987265123267
"HSA_CORE_API","hsa_signal_wait_scacquire",2816571,2816571,715,6196987265123807,6196987269123742
"HSA_CORE_API","hsa_signal_wait_scacquire",2816571,2816571,716,6196987269124042,6196987273123988
"HSA_CORE_API","hsa_signal_wait_scacquire",2816571,2816571,717,6196987273124448,6196987277124593
"HSA_CORE_API","hsa_signal_wait_scacquire",2816571,2816571,718,6196987277124993,6196987281124948
"HSA_CORE_API","hsa_signal_wait_scacquire",2816571,2816571,719,6196987281125698,6196987285125643
"HSA_CORE_API","hsa_signal_wait_scacquire",2816571,2816571,720,6196987285125933,6196987289125878
"HSA_CORE_API","hsa_signal_wait_scacquire",2816571,2816571,721,6196987289126158,6196987293126114
"HSA_CORE_API","hsa_signal_wait_scacquire",2816571,2816571,722,6196987293126994,6196987297126939
"HSA_CORE_API","hsa_signal_wait_scacquire",2816571,2816571,723,6196987297127419,6196987301127364
"HSA_CORE_API","hsa_signal_wait_scacquire",2816571,2816571,724,6196987301128244,6196987305128199
"HSA_CORE_API","hsa_signal_wait_scacquire",2816571,2816571,725,6196987305128899,6196987309128844
"HSA_CORE_API","hsa_signal_wait_scacquire",2816571,2816571,726,6196987309129834,6196987313129790
"HSA_CORE_API","hsa_signal_wait_scacquire",2816571,2816571,727,6196987313130080,6196987317130025
"HSA_CORE_API","hsa_signal_wait_scacquire",2816571,2816571,728,6196987317130315,6196987321130260
"HSA_CORE_API","hsa_signal_wait_scacquire",2816571,2816571,729,6196987321130760,6196987325130705
"HSA_CORE_API","hsa_signal_wait_scacquire",2816571,2816571,730,6196987325130985,6196987329130930
"HSA_CORE_API","hsa_signal_wait_scacquire",2816571,2816571,731,6196987329131230,6196987333131176
"HSA_CORE_API","hsa_signal_wait_scacquire",2816571,2816571,732,6196987333131466,6196987337131431
"HSA_CORE_API","hsa_signal_wait_scacquire",2816571,2816571,733,6196987337131731,6196987341131676
"HSA_CORE_API","hsa_signal_wait_scacquire",2816571,2816571,734,6196987341131966,6196987345131901
"HSA_CORE_API","hsa_signal_wait_scacquire",2816571,2816571,735,6196987345136071,6196987349136016
"HSA_CORE_API","hsa_signal_wait_scacquire",2816571,2816571,736,6196987349136306,6196987353137202
"HSA_CORE_API","hsa_signal_wait_scacquire",2816571,2816571,737,6196987353146451,6196987357147067
"HSA_CORE_API","hsa_signal_wait_scacquire",2816571,2816571,738,6196987357147567,6196987361147502
"HSA_CORE_API","hsa_signal_wait_scacquire",2816571,2816571,739,6196987361147792,6196987365147737
"HSA_CORE_API","hsa_signal_wait_scacquire",2816571,2816571,740,6196987365148127,6196987369148072
"HSA_CORE_API","hsa_signal_wait_scacquire",2816571,2816571,741,6196987369148362,6196987373148307
"HSA_CORE_API","hsa_signal_wait_scacquire",2816571,2816571,742,6196987373148597,6196987377148543
"HSA_CORE_API","hsa_signal_wait_scacquire",2816571,2816571,743,6196987377148923,6196987381148858
"HSA_CORE_API","hsa_signal_wait_scacquire",2816571,2816571,744,6196987381149158,6196987385149093
"HSA_CORE_API","hsa_signal_wait_scacquire",2816571,2816571,745,6196987385149383,6196987389149318
"HSA_CORE_API","hsa_signal_wait_scacquire",2816571,2816571,746,6196987389149958,6196987393150124
"HSA_CORE_API","hsa_signal_wait_scacquire",2816571,2816571,747,6196987393150414,6196987397150359
"HSA_CORE_API","hsa_signal_wait_scacquire",2816571,2816571,748,6196987397150659,6196987401150604
"HSA_CORE_API","hsa_signal_wait_scacquire",2816571,2816571,749,6196987401151484,6196987405151429
"HSA_CORE_API","hsa_signal_wait_scacquire",2816571,2816571,750,6196987405151919,6196987409151864
"HSA_CORE_API","hsa_signal_wait_scacquire",2816571,2816571,751,6196987409152434,6196987413152380
"HSA_CORE_API","hsa_signal_wait_scacquire",2816571,2816571,752,6196987413152670,6196987417152615
"HSA_CORE_API","hsa_signal_wait_scacquire",2816571,2816571,753,6196987417152905,6196987421152850
"HSA_CORE_API","hsa_signal_wait_scacquire",2816571,2816571,754,6196987421153720,6196987425153655
"HSA_CORE_API","hsa_signal_wait_scacquire",2816571,2816571,755,6196987425154055,6196987429154001
"HSA_CORE_API","hsa_signal_wait_scacquire",2816571,2816571,756,6196987429154491,6196987433154436
"HSA_CORE_API","hsa_signal_wait_scacquire",2816571,2816571,757,6196987433154976,6196987437154921
"HSA_CORE_API","hsa_signal_wait_scacquire",2816571,2816571,758,6196987437155211,6196987441155156
"HSA_CORE_API","hsa_signal_wait_scacquire",2816571,2816571,759,6196987441155446,6196987445155391
"HSA_CORE_API","hsa_signal_wait_scacquire",2816571,2816571,760,6196987445155691,6196987449155637
"HSA_CORE_API","hsa_signal_wait_scacquire",2816571,2816571,761,6196987449155997,6196987453155942
"HSA_CORE_API","hsa_signal_wait_scacquire",2816571,2816571,762,6196987453156232,6196987457156177
"HSA_CORE_API","hsa_signal_wait_scacquire",2816571,2816571,763,6196987457156467,6196987461156412
"HSA_CORE_API","hsa_signal_wait_scacquire",2816571,2816571,764,6196987461156702,6196987465156657
"HSA_CORE_API","hsa_signal_wait_scacquire",2816571,2816571,765,6196987465156967,6196987469156913
"HSA_CORE_API","hsa_signal_wait_scacquire",2816571,2816571,766,6196987469157203,6196987473157148
"HSA_CORE_API","hsa_signal_wait_scacquire",2816571,2816571,767,6196987473157438,6196987477157403
"HSA_CORE_API","hsa_signal_wait_scacquire",2816571,2816571,768,6196987477157893,6196987481157838
"HSA_CORE_API","hsa_signal_wait_scacquire",2816571,2816571,769,6196987481162798,6196987485162743
"HSA_CORE_API","hsa_signal_wait_scacquire",2816571,2816571,770,6196987485167133,6196987489167269
"HSA_CORE_API","hsa_signal_wait_scacquire",2816571,2816571,771,6196987489167559,6196987493167504
"HSA_CORE_API","hsa_signal_wait_scacquire",2816571,2816571,772,6196987493167794,6196987497167729
"HSA_CORE_API","hsa_signal_wait_scacquire",2816571,2816571,773,6196987497168019,6196987501167964
"HSA_CORE_API","hsa_signal_wait_scacquire",2816571,2816571,774,6196987501168884,6196987505168830
"HSA_CORE_API","hsa_signal_wait_scacquire",2816571,2816571,775,6196987505169120,6196987509169065
"HSA_CORE_API","hsa_signal_wait_scacquire",2816571,2816571,776,6196987509169355,6196987513169300
"HSA_CORE_API","hsa_signal_wait_scacquire",2816571,2816571,777,6196987513169660,6196987517169595
"HSA_CORE_API","hsa_signal_wait_scacquire",2816571,2816571,778,6196987517169895,6196987521169850
"HSA_CORE_API","hsa_signal_wait_scacquire",2816571,2816571,779,6196987521170150,6196987525170096
"HSA_CORE_API","hsa_signal_wait_scacquire",2816571,2816571,780,6196987525170386,6196987529170331
"HSA_CORE_API","hsa_signal_wait_scacquire",2816571,2816571,781,6196987529170621,6196987533170566
"HSA_CORE_API","hsa_signal_wait_scacquire",2816571,2816571,782,6196987533170856,6196987537170791
"HSA_CORE_API","hsa_signal_wait_scacquire",2816571,2816571,783,6196987537171281,6196987541171226
"HSA_CORE_API","hsa_signal_wait_scacquire",2816571,2816571,784,6196987541171516,6196987545171462
"HSA_CORE_API","hsa_signal_wait_scacquire",2816571,2816571,785,6196987545171822,6196987549171767
"HSA_CORE_API","hsa_signal_wait_scacquire",2816571,2816571,786,6196987549172057,6196987553171992
"HSA_CORE_API","hsa_signal_wait_scacquire",2816571,2816571,787,6196987553172292,6196987557172227
"HSA_CORE_API","hsa_signal_wait_scacquire",2816571,2816571,788,6196987557172527,6196987561172473
"HSA_CORE_API","hsa_signal_wait_scacquire",2816571,2816571,789,6196987561172763,6196987565172708
"HSA_CORE_API","hsa_signal_wait_scacquire",2816571,2816571,790,6196987565173378,6196987569173323
"HSA_CORE_API","hsa_signal_wait_scacquire",2816571,2816571,791,6196987569173613,6196987573173558
"HSA_CORE_API","hsa_signal_wait_scacquire",2816571,2816571,792,6196987573173838,6196987577173783
"HSA_CORE_API","hsa_signal_wait_scacquire",2816571,2816571,793,6196987577174143,6196987581174089
"HSA_CORE_API","hsa_signal_wait_scacquire",2816571,2816571,794,6196987581174379,6196987585174324
"HSA_CORE_API","hsa_signal_wait_scacquire",2816571,2816571,795,6196987585174614,6196987589174569
"HSA_CORE_API","hsa_signal_wait_scacquire",2816571,2816571,796,6196987589174869,6196987593174824
"HSA_CORE_API","hsa_signal_wait_scacquire",2816571,2816571,797,6196987593175124,6196987597175070
"HSA_CORE_API","hsa_signal_wait_scacquire",2816571,2816571,798,6196987597175550,6196987601175485
"HSA_CORE_API","hsa_signal_wait_scacquire",2816571,2816571,799,6196987601176155,6196987605176100
"HSA_CORE_API","hsa_signal_wait_scacquire",2816571,2816571,800,6196987605176390,6196987609176335
"HSA_CORE_API","hsa_signal_wait_scacquire",2816571,2816571,801,6196987609176625,6196987613176570
"HSA_CORE_API","hsa_signal_wait_scacquire",2816571,2816571,802,6196987613176860,6196987617176806
"HSA_CORE_API","hsa_signal_wait_scacquire",2816571,2816571,803,6196987617177455,6196987621177401
"HSA_CORE_API","hsa_signal_wait_scacquire",2816571,2816571,804,6196987621177691,6196987625177626
"HSA_CORE_API","hsa_signal_wait_scacquire",2816571,2816571,805,6196987625178116,6196987629178071
"HSA_CORE_API","hsa_signal_wait_scacquire",2816571,2816571,806,6196987629178361,6196987633178306
"HSA_CORE_API","hsa_signal_wait_scacquire",2816571,2816571,807,6196987633178596,6196987637178542
"HSA_CORE_API","hsa_signal_wait_scacquire",2816571,2816571,808,6196987637178832,6196987641178767
"HSA_CORE_API","hsa_signal_wait_scacquire",2816571,2816571,809,6196987641181967,6196987645181912
"HSA_CORE_API","hsa_signal_wait_scacquire",2816571,2816571,810,6196987645182502,6196987649182437
"HSA_CORE_API","hsa_signal_wait_scacquire",2816571,2816571,811,6196987649182737,6196987653182682
"HSA_CORE_API","hsa_signal_wait_scacquire",2816571,2816571,812,6196987653182962,6196987657182908
"HSA_CORE_API","hsa_signal_wait_scacquire",2816571,2816571,813,6196987657183198,6196987661183153
"HSA_CORE_API","hsa_signal_wait_scacquire",2816571,2816571,814,6196987661184203,6196987665184148
"HSA_CORE_API","hsa_signal_wait_scacquire",2816571,2816571,815,6196987665184848,6196987669184783
"HSA_CORE_API","hsa_signal_wait_scacquire",2816571,2816571,816,6196987669185073,6196987673185019
"HSA_CORE_API","hsa_signal_wait_scacquire",2816571,2816571,817,6196987673185309,6196987677185244
"HSA_CORE_API","hsa_signal_wait_scacquire",2816571,2816571,818,6196987677185834,6196987681185969
"HSA_CORE_API","hsa_signal_wait_scacquire",2816571,2816571,819,6196987681186449,6196987685186384
"HSA_CORE_API","hsa_signal_wait_scacquire",2816571,2816571,820,6196987685186674,6196987689186619
"HSA_CORE_API","hsa_signal_wait_scacquire",2816571,2816571,821,6196987689186909,6196987693186855
"HSA_CORE_API","hsa_signal_wait_scacquire",2816571,2816571,822,6196987693187145,6196987697187090
"HSA_CORE_API","hsa_signal_wait_scacquire",2816571,2816571,823,6196987697187380,6196987701187325
"HSA_CORE_API","hsa_signal_wait_scacquire",2816571,2816571,824,6196987701187615,6196987705187550
"HSA_CORE_API","hsa_signal_wait_scacquire",2816571,2816571,825,6196987705188030,6196987709188176
"HSA_CORE_API","hsa_signal_wait_scacquire",2816571,2816571,826,6196987709188466,6196987713188411
"HSA_CORE_API","hsa_signal_wait_scacquire",2816571,2816571,827,6196987713188701,6196987717188636
"HSA_CORE_API","hsa_signal_wait_scacquire",2816571,2816571,828,6196987717188936,6196987721188871
"HSA_CORE_API","hsa_signal_wait_scacquire",2816571,2816571,829,6196987721189161,6196987725189117
"HSA_CORE_API","hsa_signal_wait_scacquire",2816571,2816571,830,6196987725189407,6196987729189352
"HSA_CORE_API","hsa_signal_wait_scacquire",2816571,2816571,831,6196987729189642,6196987733189587
"HSA_CORE_API","hsa_signal_wait_scacquire",2816571,2816571,832,6196987733190057,6196987737190002
"HSA_CORE_API","hsa_signal_wait_scacquire",2816571,2816571,833,6196987737190552,6196987741190497
"HSA_CORE_API","hsa_signal_wait_scacquire",2816571,2816571,834,6196987741197337,6196987745197272
"HSA_CORE_API","hsa_signal_wait_scacquire",2816571,2816571,835,6196987745197862,6196987749197808
"HSA_CORE_API","hsa_signal_wait_scacquire",2816571,2816571,836,6196987749198098,6196987753198033
"HSA_CORE_API","hsa_signal_wait_scacquire",2816571,2816571,837,6196987753198593,6196987757198528
"HSA_CORE_API","hsa_signal_wait_scacquire",2816571,2816571,838,6196987757198818,6196987761198763
"HSA_CORE_API","hsa_signal_wait_scacquire",2816571,2816571,839,6196987761199413,6196987765199559
"HSA_CORE_API","hsa_signal_wait_scacquire",2816571,2816571,840,6196987765199839,6196987769199794
"HSA_CORE_API","hsa_signal_wait_scacquire",2816571,2816571,841,6196987769200084,6196987773200249
"HSA_CORE_API","hsa_signal_wait_scacquire",2816571,2816571,842,6196987773200549,6196987777200494
"HSA_CORE_API","hsa_signal_wait_scacquire",2816571,2816571,843,6196987777200784,6196987781200720
"HSA_CORE_API","hsa_signal_wait_scacquire",2816571,2816571,844,6196987781201019,6196987785200955
"HSA_CORE_API","hsa_signal_wait_scacquire",2816571,2816571,845,6196987785201245,6196987789201180
"HSA_CORE_API","hsa_signal_wait_scacquire",2816571,2816571,846,6196987789201480,6196987793201425
"HSA_CORE_API","hsa_signal_wait_scacquire",2816571,2816571,847,6196987793201715,6196987797201650
"HSA_CORE_API","hsa_signal_wait_scacquire",2816571,2816571,848,6196987797202510,6196987801202446
"HSA_CORE_API","hsa_signal_wait_scacquire",2816571,2816571,849,6196987801202816,6196987805202951
"HSA_CORE_API","hsa_signal_wait_scacquire",2816571,2816571,850,6196987805203251,6196987809203196
"HSA_CORE_API","hsa_signal_wait_scacquire",2816571,2816571,851,6196987809203486,6196987813203431
"HSA_CORE_API","hsa_signal_wait_scacquire",2816571,2816571,852,6196987813203931,6196987817203867
"HSA_CORE_API","hsa_signal_wait_scacquire",2816571,2816571,853,6196987817204537,6196987821204482
"HSA_CORE_API","hsa_signal_wait_scacquire",2816571,2816571,854,6196987821204782,6196987825204717
"HSA_CORE_API","hsa_signal_wait_scacquire",2816571,2816571,855,6196987825205007,6196987829204952
"HSA_CORE_API","hsa_signal_wait_scacquire",2816571,2816571,856,6196987829205452,6196987833205387
"HSA_CORE_API","hsa_signal_wait_scacquire",2816571,2816571,857,6196987833205687,6196987837205633
"HSA_CORE_API","hsa_signal_wait_scacquire",2816571,2816571,858,6196987837205923,6196987841205868
"HSA_CORE_API","hsa_signal_wait_scacquire",2816571,2816571,859,6196987841206158,6196987845206103
"HSA_CORE_API","hsa_signal_wait_scacquire",2816571,2816571,860,6196987845206393,6196987849206348
"HSA_CORE_API","hsa_signal_wait_scacquire",2816571,2816571,861,6196987849206708,6196987853206654
"HSA_CORE_API","hsa_signal_wait_scacquire",2816571,2816571,862,6196987853206944,6196987857206889
"HSA_CORE_API","hsa_signal_wait_scacquire",2816571,2816571,863,6196987857207179,6196987861207124
"HSA_CORE_API","hsa_signal_wait_scacquire",2816571,2816571,864,6196987861207414,6196987865207349
"HSA_CORE_API","hsa_signal_wait_scacquire",2816571,2816571,865,6196987865207649,6196987869207594
"HSA_CORE_API","hsa_signal_wait_scacquire",2816571,2816571,866,6196987869207884,6196987873207830
"HSA_CORE_API","hsa_signal_wait_scacquire",2816571,2816571,867,6196987873208210,6196987877208155
"HSA_CORE_API","hsa_signal_wait_scacquire",2816571,2816571,868,6196987877208445,6196987881208670
"HSA_CORE_API","hsa_signal_wait_scacquire",2816571,2816571,869,6196987881209030,6196987885208975
"HSA_CORE_API","hsa_signal_wait_scacquire",2816571,2816571,870,6196987885209365,6196987889209311
"HSA_CORE_API","hsa_signal_wait_scacquire",2816571,2816571,871,6196987889209601,6196987893209736
"HSA_CORE_API","hsa_signal_wait_scacquire",2816571,2816571,872,6196987893210026,6196987897209981
"HSA_CORE_API","hsa_signal_wait_scacquire",2816571,2816571,873,6196987897210271,6196987901210216
"HSA_CORE_API","hsa_signal_wait_scacquire",2816571,2816571,874,6196987901210696,6196987905210641
"HSA_CORE_API","hsa_signal_wait_scacquire",2816571,2816571,875,6196987905211301,6196987909211247
"HSA_CORE_API","hsa_signal_wait_scacquire",2816571,2816571,876,6196987909211537,6196987913211672
"HSA_CORE_API","hsa_signal_wait_scacquire",2816571,2816571,877,6196987913211962,6196987917211897
"HSA_CORE_API","hsa_signal_wait_scacquire",2816571,2816571,878,6196987917212197,6196987921212142
"HSA_CORE_API","hsa_signal_wait_scacquire",2816571,2816571,879,6196987921212442,6196987925212388
"HSA_CORE_API","hsa_signal_wait_scacquire",2816571,2816571,880,6196987925212678,6196987929212623
"HSA_CORE_API","hsa_signal_wait_scacquire",2816571,2816571,881,6196987929212913,6196987933212848
"HSA_CORE_API","hsa_signal_wait_scacquire",2816571,2816571,882,6196987933213148,6196987937213103
"HSA_CORE_API","hsa_signal_wait_scacquire",2816571,2816571,883,6196987937218253,6196987941218218
"HSA_CORE_API","hsa_signal_wait_scacquire",2816571,2816571,884,6196987941218518,6196987945218464
"HSA_CORE_API","hsa_signal_wait_scacquire",2816571,2816571,885,6196987945218754,6196987949218699
"HSA_CORE_API","hsa_signal_wait_scacquire",2816571,2816571,886,6196987949218989,6196987953218934
"HSA_CORE_API","hsa_signal_wait_scacquire",2816571,2816571,887,6196987953219224,6196987957219159
"HSA_CORE_API","hsa_signal_wait_scacquire",2816571,2816571,888,6196987957219459,6196987961219395
"HSA_CORE_API","hsa_signal_wait_scacquire",2816571,2816571,889,6196987961219685,6196987965219630
"HSA_CORE_API","hsa_signal_wait_scacquire",2816571,2816571,890,6196987965219920,6196987969219865
"HSA_CORE_API","hsa_signal_wait_scacquire",2816571,2816571,891,6196987969220415,6196987973220360
"HSA_CORE_API","hsa_signal_wait_scacquire",2816571,2816571,892,6196987973220650,6196987977220595
"HSA_CORE_API","hsa_signal_wait_scacquire",2816571,2816571,893,6196987977220945,6196987981220881
"HSA_CORE_API","hsa_signal_wait_scacquire",2816571,2816571,894,6196987981221751,6196987985221676
"HSA_CORE_API","hsa_signal_wait_scacquire",2816571,2816571,895,6196987985222156,6196987989222101
"HSA_CORE_API","hsa_signal_wait_scacquire",2816571,2816571,896,6196987989222541,6196987993222476
"HSA_CORE_API","hsa_signal_wait_scacquire",2816571,2816571,897,6196987993223006,6196987997222952
"HSA_CORE_API","hsa_signal_wait_scacquire",2816571,2816571,898,6196987997228751,6196988001228697
"HSA_CORE_API","hsa_signal_wait_scacquire",2816571,2816571,899,6196988001229257,6196988005229202
"HSA_CORE_API","hsa_signal_wait_scacquire",2816571,2816571,900,6196988005229482,6196988009229427
"HSA_CORE_API","hsa_signal_wait_scacquire",2816571,2816571,901,6196988009229717,6196988013229652
"HSA_CORE_API","hsa_signal_wait_scacquire",2816571,2816571,902,6196988013229942,6196988017229888
"HSA_CORE_API","hsa_signal_wait_scacquire",2816571,2816571,903,6196988017230178,6196988021230123
"HSA_CORE_API","hsa_signal_wait_scacquire",2816571,2816571,904,6196988021230413,6196988025230358
"HSA_CORE_API","hsa_signal_wait_scacquire",2816571,2816571,905,6196988025230718,6196988029230653
"HSA_CORE_API","hsa_signal_wait_scacquire",2816571,2816571,906,6196988029230943,6196988033230878
"HSA_CORE_API","hsa_signal_wait_scacquire",2816571,2816571,907,6196988033231168,6196988037231114
"HSA_CORE_API","hsa_signal_wait_scacquire",2816571,2816571,908,6196988037231404,6196988041231349
"HSA_CORE_API","hsa_signal_wait_scacquire",2816571,2816571,909,6196988041231639,6196988045231584
"HSA_CORE_API","hsa_signal_wait_scacquire",2816571,2816571,910,6196988045231874,6196988049231829
"HSA_CORE_API","hsa_signal_wait_scacquire",2816571,2816571,911,6196988049232119,6196988053232265
"HSA_CORE_API","hsa_signal_wait_scacquire",2816571,2816571,912,6196988053232735,6196988057232670
"HSA_CORE_API","hsa_signal_wait_scacquire",2816571,2816571,913,6196988057233030,6196988061232985
"HSA_CORE_API","hsa_signal_wait_scacquire",2816571,2816571,914,6196988061233275,6196988065233220
"HSA_CORE_API","hsa_signal_wait_scacquire",2816571,2816571,915,6196988065233510,6196988069233456
"HSA_CORE_API","hsa_signal_wait_scacquire",2816571,2816571,916,6196988069233746,6196988073233681
"HSA_CORE_API","hsa_signal_wait_scacquire",2816571,2816571,917,6196988073233981,6196988077233926
"HSA_CORE_API","hsa_signal_wait_scacquire",2816571,2816571,918,6196988077234216,6196988081234161
"HSA_CORE_API","hsa_signal_wait_scacquire",2816571,2816571,919,6196988081234451,6196988085234396
"HSA_CORE_API","hsa_signal_wait_scacquire",2816571,2816571,920,6196988085234686,6196988089234632
"HSA_CORE_API","hsa_signal_wait_scacquire",2816571,2816571,921,6196988089235012,6196988093234957
"HSA_CORE_API","hsa_signal_wait_scacquire",2816571,2816571,922,6196988093235247,6196988097235182
"HSA_CORE_API","hsa_signal_wait_scacquire",2816571,2816571,923,6196988097235482,6196988101235427
"HSA_CORE_API","hsa_signal_wait_scacquire",2816571,2816571,924,6196988101235717,6196988105235663
"HSA_CORE_API","hsa_signal_wait_scacquire",2816571,2816571,925,6196988105235953,6196988109235898
"HSA_CORE_API","hsa_signal_wait_scacquire",2816571,2816571,926,6196988109236188,6196988113236133
"HSA_CORE_API","hsa_signal_wait_scacquire",2816571,2816571,927,6196988113236423,6196988117236368
"HSA_CORE_API","hsa_signal_wait_scacquire",2816571,2816571,928,6196988117236658,6196988121236603
"HSA_CORE_API","hsa_signal_wait_scacquire",2816571,2816571,929,6196988121236893,6196988125236839
"HSA_CORE_API","hsa_signal_wait_scacquire",2816571,2816571,930,6196988125237129,6196988129237094
"HSA_CORE_API","hsa_signal_wait_scacquire",2816571,2816571,931,6196988129237394,6196988133237339
"HSA_CORE_API","hsa_signal_wait_scacquire",2816571,2816571,932,6196988133237629,6196988137237564
"HSA_CORE_API","hsa_signal_wait_scacquire",2816571,2816571,933,6196988137237864,6196988141237810
"HSA_CORE_API","hsa_signal_wait_scacquire",2816571,2816571,934,6196988141238100,6196988145238045
"HSA_CORE_API","hsa_signal_wait_scacquire",2816571,2816571,935,6196988145238335,6196988149238270
"HSA_CORE_API","hsa_signal_wait_scacquire",2816571,2816571,936,6196988149238560,6196988153238515
"HSA_CORE_API","hsa_signal_wait_scacquire",2816571,2816571,937,6196988153238805,6196988157238751
"HSA_CORE_API","hsa_signal_wait_scacquire",2816571,2816571,938,6196988157239040,6196988161238986
"HSA_CORE_API","hsa_signal_wait_scacquire",2816571,2816571,939,6196988161239276,6196988165239211
"HSA_CORE_API","hsa_signal_wait_scacquire",2816571,2816571,940,6196988165239691,6196988169239646
"HSA_CORE_API","hsa_signal_wait_scacquire",2816571,2816571,941,6196988169239936,6196988173239881
"HSA_CORE_API","hsa_signal_wait_scacquire",2816571,2816571,942,6196988173240171,6196988177240107
"HSA_CORE_API","hsa_signal_wait_scacquire",2816571,2816571,943,6196988177240397,6196988181240342
"HSA_CORE_API","hsa_signal_wait_scacquire",2816571,2816571,944,6196988181240642,6196988185240587
"HSA_CORE_API","hsa_signal_wait_scacquire",2816571,2816571,945,6196988185240877,6196988189240822
"HSA_CORE_API","hsa_signal_wait_scacquire",2816571,2816571,946,6196988189241562,6196988193241508
"HSA_CORE_API","hsa_signal_wait_scacquire",2816571,2816571,947,6196988193241798,6196988197241743
"HSA_CORE_API","hsa_signal_wait_scacquire",2816571,2816571,948,6196988197242033,6196988201241978
"HSA_CORE_API","hsa_signal_wait_scacquire",2816571,2816571,949,6196988201242268,6196988205242213
"HSA_CORE_API","hsa_signal_wait_scacquire",2816571,2816571,950,6196988205242503,6196988209242448
"HSA_CORE_API","hsa_signal_wait_scacquire",2816571,2816571,951,6196988209242738,6196988213242684
"HSA_CORE_API","hsa_signal_wait_scacquire",2816571,2816571,952,6196988213242974,6196988217242919
"HSA_CORE_API","hsa_signal_wait_scacquire",2816571,2816571,953,6196988217243209,6196988221243144
"HSA_CORE_API","hsa_signal_wait_scacquire",2816571,2816571,954,6196988221243714,6196988225243659
"HSA_CORE_API","hsa_signal_wait_scacquire",2816571,2816571,955,6196988225244339,6196988229244275
"HSA_CORE_API","hsa_signal_wait_scacquire",2816571,2816571,956,6196988229244665,6196988233244610
"HSA_CORE_API","hsa_signal_wait_scacquire",2816571,2816571,957,6196988233244900,6196988237244845
"HSA_CORE_API","hsa_signal_wait_scacquire",2816571,2816571,958,6196988237245135,6196988241245080
"HSA_CORE_API","hsa_signal_wait_scacquire",2816571,2816571,959,6196988241245370,6196988245245315
"HSA_CORE_API","hsa_signal_wait_scacquire",2816571,2816571,960,6196988245245615,6196988249245561
"HSA_CORE_API","hsa_signal_wait_scacquire",2816571,2816571,961,6196988249272360,6196988253272295
"HSA_CORE_API","hsa_signal_wait_scacquire",2816571,2816571,962,6196988253274635,6196988257274580
"HSA_CORE_API","hsa_signal_wait_scacquire",2816571,2816571,963,6196988257274870,6196988261274836
"HSA_CORE_API","hsa_signal_wait_scacquire",2816571,2816571,964,6196988261275136,6196988265275081
"HSA_CORE_API","hsa_signal_wait_scacquire",2816571,2816571,965,6196988265275371,6196988269275336
"HSA_CORE_API","hsa_signal_wait_scacquire",2816571,2816571,966,6196988269275636,6196988273275591
"HSA_CORE_API","hsa_signal_wait_scacquire",2816571,2816571,967,6196988273275881,6196988277275826
"HSA_CORE_API","hsa_signal_wait_scacquire",2816571,2816571,968,6196988277276116,6196988281276062
"HSA_CORE_API","hsa_signal_wait_scacquire",2816571,2816571,969,6196988281276412,6196988285276357
"HSA_CORE_API","hsa_signal_wait_scacquire",2816571,2816571,970,6196988285276647,6196988289276582
"HSA_CORE_API","hsa_signal_wait_scacquire",2816571,2816571,971,6196988289276872,6196988293276817
"HSA_CORE_API","hsa_signal_wait_scacquire",2816571,2816571,972,6196988293277107,6196988297277053
"HSA_CORE_API","hsa_signal_wait_scacquire",2816571,2816571,973,6196988297277343,6196988301277288
"HSA_CORE_API","hsa_signal_wait_scacquire",2816571,2816571,974,6196988301277578,6196988305277513
"HSA_CORE_API","hsa_signal_wait_scacquire",2816571,2816571,975,6196988305277803,6196988309277748
"HSA_CORE_API","hsa_signal_wait_scacquire",2816571,2816571,976,6196988309278038,6196988313277994
"HSA_CORE_API","hsa_signal_wait_scacquire",2816571,2816571,977,6196988313278284,6196988317278229
"HSA_CORE_API","hsa_signal_wait_scacquire",2816571,2816571,978,6196988317278519,6196988321278464
"HSA_CORE_API","hsa_signal_wait_scacquire",2816571,2816571,979,6196988321278754,6196988325278689
"HSA_CORE_API","hsa_signal_wait_scacquire",2816571,2816571,980,6196988325278979,6196988329278924
"HSA_CORE_API","hsa_signal_wait_scacquire",2816571,2816571,981,6196988329279214,6196988333279160
"HSA_CORE_API","hsa_signal_wait_scacquire",2816571,2816571,982,6196988333279460,6196988337279405
"HSA_CORE_API","hsa_signal_wait_scacquire",2816571,2816571,983,6196988337279685,6196988341279620
"HSA_CORE_API","hsa_signal_wait_scacquire",2816571,2816571,984,6196988341279920,6196988345279865
"HSA_CORE_API","hsa_signal_wait_scacquire",2816571,2816571,985,6196988345280155,6196988349280091
"HSA_CORE_API","hsa_signal_wait_scacquire",2816571,2816571,986,6196988349280941,6196988353280896
"HSA_CORE_API","hsa_signal_wait_scacquire",2816571,2816571,987,6196988353281176,6196988357281121
"HSA_CORE_API","hsa_signal_wait_scacquire",2816571,2816571,988,6196988357281411,6196988361281356
"HSA_CORE_API","hsa_signal_wait_scacquire",2816571,2816571,989,6196988361281656,6196988365281601
"HSA_CORE_API","hsa_signal_wait_scacquire",2816571,2816571,990,6196988365281891,6196988369281837
"HSA_CORE_API","hsa_signal_wait_scacquire",2816571,2816571,991,6196988369282127,6196988373282072
"HSA_CORE_API","hsa_signal_wait_scacquire",2816571,2816571,992,6196988373282362,6196988377282307
"HSA_CORE_API","hsa_signal_wait_scacquire",2816571,2816571,993,6196988377282597,6196988381282542
"HSA_CORE_API","hsa_signal_wait_scacquire",2816571,2816571,994,6196988381283602,6196988385283568
"HSA_CORE_API","hsa_signal_wait_scacquire",2816571,2816571,995,6196988385284068,6196988389284013
"HSA_CORE_API","hsa_signal_wait_scacquire",2816571,2816571,996,6196988389286003,6196988393285948
"HSA_CORE_API","hsa_signal_wait_scacquire",2816571,2816571,997,6196988393286238,6196988397286193
"HSA_CORE_API","hsa_signal_wait_scacquire",2816571,2816571,998,6196988397286483,6196988401286428
"HSA_CORE_API","hsa_signal_wait_scacquire",2816571,2816571,999,6196988401286708,6196988405286654
"HSA_CORE_API","hsa_signal_wait_scacquire",2816571,2816571,1000,6196988405286944,6196988409286889
"HSA_CORE_API","hsa_signal_wait_scacquire",2816571,2816571,1001,6196988409287179,6196988413287124
"HSA_CORE_API","hsa_signal_wait_scacquire",2816571,2816571,1002,6196988413287414,6196988417287359
"HSA_CORE_API","hsa_signal_wait_scacquire",2816571,2816571,1003,6196988417287649,6196988421287595
"HSA_CORE_API","hsa_signal_wait_scacquire",2816571,2816571,1004,6196988421287895,6196988425287840
"HSA_CORE_API","hsa_signal_wait_scacquire",2816571,2816571,1005,6196988425288150,6196988429288085
"HSA_CORE_API","hsa_signal_wait_scacquire",2816571,2816571,1006,6196988429289285,6196988433289230
"HSA_CORE_API","hsa_signal_wait_scacquire",2816571,2816571,1007,6196988433289520,6196988437289465
"HSA_CORE_API","hsa_signal_wait_scacquire",2816571,2816571,1008,6196988437289845,6196988441289781
"HSA_CORE_API","hsa_signal_wait_scacquire",2816571,2816571,1009,6196988441290181,6196988445290126
"HSA_CORE_API","hsa_signal_wait_scacquire",2816571,2816571,1010,6196988445290426,6196988449290371
"HSA_CORE_API","hsa_signal_wait_scacquire",2816571,2816571,1011,6196988449290661,6196988453290607
"HSA_CORE_API","hsa_signal_wait_scacquire",2816571,2816571,1012,6196988453290896,6196988457290842
"HSA_CORE_API","hsa_signal_wait_scacquire",2816571,2816571,1013,6196988457291132,6196988461291077
"HSA_CORE_API","hsa_signal_wait_scacquire",2816571,2816571,1014,6196988461291367,6196988465291312
"HSA_CORE_API","hsa_signal_wait_scacquire",2816571,2816571,1015,6196988465291602,6196988469291537
"HSA_CORE_API","hsa_signal_wait_scacquire",2816571,2816571,1016,6196988469291837,6196988473291773
"HSA_CORE_API","hsa_signal_wait_scacquire",2816571,2816571,1017,6196988473292063,6196988477292008
"HSA_CORE_API","hsa_signal_wait_scacquire",2816571,2816571,1018,6196988477292308,6196988481292253
"HSA_CORE_API","hsa_signal_wait_scacquire",2816571,2816571,1019,6196988481292543,6196988483326930
"HSA_CORE_API","hsa_signal_load_relaxed",2816571,2816571,1020,6196988483338889,6196988483338939
"HSA_CORE_API","hsa_signal_load_relaxed",2816571,2816571,1021,6196988483339299,6196988483339329
"HSA_CORE_API","hsa_signal_load_relaxed",2816571,2816571,1022,6196988483339649,6196988483339679
"HSA_CORE_API","hsa_signal_load_relaxed",2816571,2816571,1023,6196988483339979,6196988483340009
"HSA_CORE_API","hsa_queue_add_write_index_screlease",2816571,2816571,1024,6196988483368669,6196988483368759
"HSA_CORE_API","hsa_signal_load_relaxed",2816571,2816571,1025,6196988483369809,6196988483369949
"HSA_CORE_API","hsa_signal_load_relaxed",2816571,2816571,1026,6196988483373138,6196988483373278
"HSA_CORE_API","hsa_signal_load_relaxed",2816571,2816571,1027,6196988483373608,6196988483373628
"HSA_CORE_API","hsa_signal_silent_store_relaxed",2816571,2816571,1028,6196988483374258,6196988483374298
"HSA_CORE_API","hsa_queue_load_read_index_scacquire",2816571,2816571,1029,6196988483374738,6196988483375048
"HSA_CORE_API","hsa_signal_store_screlease",2816571,2816571,1030,6196988483375438,6196988483375518
"HSA_CORE_API","hsa_signal_load_relaxed",2816571,2816571,1031,6196988483376038,6196988483376058
"HSA_CORE_API","hsa_signal_load_relaxed",2816571,2816571,1032,6196988483376378,6196988483376398
"HSA_CORE_API","hsa_signal_wait_scacquire",2816571,2816571,1033,6196988483376698,6196988483385418
"HSA_CORE_API","hsa_signal_load_relaxed",2816571,2816571,1034,6196988483386538,6196988483386568
"HSA_CORE_API","hsa_queue_add_write_index_screlease",2816571,2816571,1035,6196988483431707,6196988483431737
"HSA_CORE_API","hsa_queue_load_read_index_relaxed",2816571,2816571,1036,6196988483432097,6196988483432147
"HSA_CORE_API","hsa_signal_load_relaxed",2816571,2816571,1037,6196988483432497,6196988483432517
"HSA_CORE_API","hsa_signal_load_relaxed",2816571,2816571,1038,6196988483432787,6196988483432807
"HSA_CORE_API","hsa_signal_load_relaxed",2816571,2816571,1039,6196988483433117,6196988483433137
"HSA_CORE_API","hsa_signal_silent_store_relaxed",2816571,2816571,1040,6196988483433537,6196988483433737
"HSA_CORE_API","hsa_queue_load_read_index_scacquire",2816571,2816571,1041,6196988483441627,6196988483441657
"HSA_CORE_API","hsa_signal_store_screlease",2816571,2816571,1042,6196988483441977,6196988483442007
"HSA_CORE_API","hsa_signal_load_relaxed",2816571,2816594,1043,6196988483479126,6196988483479366
"HSA_CORE_API","hsa_signal_load_relaxed",2816571,2816594,1044,6196988483485386,6196988483485466
"HSA_CORE_API","hsa_signal_load_relaxed",2816571,2816594,1045,6196988483486246,6196988483486406
